{"mean":{"confidence_interval":{"confidence_level":0.95,"lower_bound":-0.06462909823081267,"upper_bound":-0.059751644224741156},"point_estimate":-0.061733878832001765,"standard_error":0.0013203330150461303},"median":{"confidence_interval":{"confidence_level":0.95,"lower_bound":-0.06186752888456837,"upper_bound":-0.05946108142546802},"point_estimate":-0.06085452514274947,"standard_error":0.000617025738057323}}