{"mean":{"confidence_interval":{"confidence_level":0.95,"lower_bound":0.000668081646078356,"upper_bound":0.0017487064230532752},"point_estimate":0.001163278035855253,"standard_error":0.0002839715138551588},"median":{"confidence_interval":{"confidence_level":0.95,"lower_bound":0.00046803855236454694,"upper_bound":0.001421467635871032},"point_estimate":0.0009234720252317974,"standard_error":0.00025716111312377207}}