{"mean":{"confidence_interval":{"confidence_level":0.95,"lower_bound":1321628956.6225,"upper_bound":1323192829.0},"point_estimate":1322412894.3,"standard_error":401078.8086365671},"median":{"confidence_interval":{"confidence_level":0.95,"lower_bound":1321527509.0,"upper_bound":1323774283.0},"point_estimate":1321967392.5,"standard_error":781067.2728482032},"median_abs_dev":{"confidence_interval":{"confidence_level":0.95,"lower_bound":93500.90864002705,"upper_bound":2486452.8485566378},"point_estimate":1683335.1145148277,"standard_error":674651.8476099075},"slope":null,"std_dev":{"confidence_interval":{"confidence_level":0.95,"lower_bound":878608.5089838869,"upper_bound":1620474.306523004},"point_estimate":1334725.4136257598,"standard_error":196860.00136217196}}