{"mean":{"confidence_interval":{"confidence_level":0.95,"lower_bound":-0.005301111659414797,"upper_bound":0.005769299390973668},"point_estimate":-0.00054226368689958,"standard_error":0.0028564974092105426},"median":{"confidence_interval":{"confidence_level":0.95,"lower_bound":-0.007772699688908813,"upper_bound":0.0018617046618802924},"point_estimate":-0.0046319031376585995,"standard_error":0.002512183077248468}}