{"mean":{"confidence_interval":{"confidence_level":0.95,"lower_bound":56373926.0157872,"upper_bound":56410893.82775943},"point_estimate":56391886.5258135,"standard_error":9474.871742062292},"median":{"confidence_interval":{"confidence_level":0.95,"lower_bound":56362885.0,"upper_bound":56422277.98888889},"point_estimate":56383310.72916667,"standard_error":17476.12584237619},"median_abs_dev":{"confidence_interval":{"confidence_level":0.95,"lower_bound":2801.17188152294,"upper_bound":52679.758738079676},"point_estimate":34119.66005676415,"standard_error":13706.116832960774},"slope":{"confidence_interval":{"confidence_level":0.95,"lower_bound":56377281.65315315,"upper_bound":56428952.613835625},"point_estimate":56409682.736363634,"standard_error":13190.028986147878},"std_dev":{"confidence_interval":{"confidence_level":0.95,"lower_bound":18634.047789838587,"upper_bound":36405.80920882623},"point_estimate":31433.1978748047,"standard_error":4504.863514905295}}