{"mean":{"confidence_interval":{"confidence_level":0.95,"lower_bound":2056169347.0,"upper_bound":2129584894.1},"point_estimate":2090202740.7,"standard_error":18837094.78821907},"median":{"confidence_interval":{"confidence_level":0.95,"lower_bound":2036745943.0,"upper_bound":2144219255.0},"point_estimate":2063922567.5,"standard_error":28418876.62059739},"median_abs_dev":{"confidence_interval":{"confidence_level":0.95,"lower_bound":3838802.7080476284,"upper_bound":102518943.81182492},"point_estimate":44184253.90147269,"standard_error":28116864.15209253},"slope":null,"std_dev":{"confidence_interval":{"confidence_level":0.95,"lower_bound":28772877.982248746,"upper_bound":79432411.57252946},"point_estimate":63019201.83308829,"standard_error":12923456.050483933}}