{"mean":{"confidence_interval":{"confidence_level":0.95,"lower_bound":216218737.39874998,"upper_bound":218264586.0},"point_estimate":217170939.9,"standard_error":527426.0848451105},"median":{"confidence_interval":{"confidence_level":0.95,"lower_bound":215878080.5,"upper_bound":218676209.5},"point_estimate":216647222.75,"standard_error":663569.635962378},"median_abs_dev":{"confidence_interval":{"confidence_level":0.95,"lower_bound":298502.60155051947,"upper_bound":2776222.565612197},"point_estimate":1184808.2788154483,"standard_error":689296.9309063047},"slope":null,"std_dev":{"confidence_interval":{"confidence_level":0.95,"lower_bound":780652.2120526526,"upper_bound":2280738.5664714808},"point_estimate":1762017.0427195835,"standard_error":381330.97067379835}}