{"mean":{"confidence_interval":{"confidence_level":0.95,"lower_bound":-0.005718941758863804,"upper_bound":0.0010871075039428394},"point_estimate":-0.0022275893423951976,"standard_error":0.0017327139784522685},"median":{"confidence_interval":{"confidence_level":0.95,"lower_bound":-0.0041158242050165494,"upper_bound":0.00046294671714042224},"point_estimate":-0.0018937378562891016,"standard_error":0.0010937956011676687}}