{"mean":{"confidence_interval":{"confidence_level":0.95,"lower_bound":1041015472.645,"upper_bound":1041774742.8},"point_estimate":1041366682.6,"standard_error":193565.5207915696},"median":{"confidence_interval":{"confidence_level":0.95,"lower_bound":1040907967.0,"upper_bound":1041758375.0},"point_estimate":1041312023.5,"standard_error":228849.19405811522},"median_abs_dev":{"confidence_interval":{"confidence_level":0.95,"lower_bound":94634.35631990433,"upper_bound":1076480.999788642},"point_estimate":498393.03105175495,"standard_error":227325.9908870151},"slope":null,"std_dev":{"confidence_interval":{"confidence_level":0.95,"lower_bound":303903.3803786987,"upper_bound":861330.2256375568},"point_estimate":643134.3035104116,"standard_error":150049.97199872282}}