{"mean":{"confidence_interval":{"confidence_level":0.95,"lower_bound":402568099.7,"upper_bound":447648898.6475},"point_estimate":425167605.65,"standard_error":11587136.41058838},"median":{"confidence_interval":{"confidence_level":0.95,"lower_bound":379974859.0,"upper_bound":455390467.5},"point_estimate":454547915.0,"standard_error":27948326.88071335},"median_abs_dev":{"confidence_interval":{"confidence_level":0.95,"lower_bound":261832.34445154667,"upper_bound":56203980.25377989},"point_estimate":1867690.4908418655,"standard_error":22253855.917096484},"slope":null,"std_dev":{"confidence_interval":{"confidence_level":0.95,"lower_bound":23764326.563100215,"upper_bound":39746914.008350775},"point_estimate":38704615.24317895,"standard_error":4659367.8511409275}}