{"mean":{"confidence_interval":{"confidence_level":0.95,"lower_bound":345917706.85,"upper_bound":346652764.24875003},"point_estimate":346298968.8,"standard_error":189036.05951267088},"median":{"confidence_interval":{"confidence_level":0.95,"lower_bound":345725219.0,"upper_bound":346850034.75},"point_estimate":346483901.5,"standard_error":365022.50631078664},"median_abs_dev":{"confidence_interval":{"confidence_level":0.95,"lower_bound":44059.164717793465,"upper_bound":1081196.4090049267},"point_estimate":635536.4938169718,"standard_error":309378.01417091745},"slope":null,"std_dev":{"confidence_interval":{"confidence_level":0.95,"lower_bound":382766.64635916136,"upper_bound":748809.2035197173},"point_estimate":627295.5033252403,"standard_error":95205.15727606179}}