{"mean":{"confidence_interval":{"confidence_level":0.95,"lower_bound":7015249941.1,"upper_bound":7034991511.1},"point_estimate":7024547984.4,"standard_error":5087032.273464281},"median":{"confidence_interval":{"confidence_level":0.95,"lower_bound":7010349033.5,"upper_bound":7039778594.0},"point_estimate":7018482802.5,"standard_error":7591377.474498843},"median_abs_dev":{"confidence_interval":{"confidence_level":0.95,"lower_bound":2508250.0333696604,"upper_bound":27226070.80374062},"point_estimate":14768158.322712779,"standard_error":6745888.760909888},"slope":null,"std_dev":{"confidence_interval":{"confidence_level":0.95,"lower_bound":8344573.488147085,"upper_bound":21199851.84226487},"point_estimate":17035054.949938226,"standard_error":3264859.642789662}}