{"mean":{"confidence_interval":{"confidence_level":0.95,"lower_bound":7023669054.5,"upper_bound":7033570511.74},"point_estimate":7027649955.6,"standard_error":2666784.865945848},"median":{"confidence_interval":{"confidence_level":0.95,"lower_bound":7022200643.0,"upper_bound":7028117711.0},"point_estimate":7026233083.5,"standard_error":1898495.4544543398},"median_abs_dev":{"confidence_interval":{"confidence_level":0.95,"lower_bound":403454.7417372465,"upper_bound":7880342.066895962},"point_estimate":4106874.5744884014,"standard_error":1899658.7578367414},"slope":null,"std_dev":{"confidence_interval":{"confidence_level":0.95,"lower_bound":2252024.1334899417,"upper_bound":13459136.021658828},"point_estimate":8903070.874313887,"standard_error":3754632.6734532933}}