{"mean":{"confidence_interval":{"confidence_level":0.95,"lower_bound":0.00012153641017995695,"upper_bound":0.0024569721159527096},"point_estimate":0.001145438592008441,"standard_error":0.0005918471701117946},"median":{"confidence_interval":{"confidence_level":0.95,"lower_bound":-0.0001302774156163311,"upper_bound":0.001795019327047731},"point_estimate":0.00045914020203596806,"standard_error":0.0005947773818693857}}