{"mean":{"confidence_interval":{"confidence_level":0.95,"lower_bound":-0.00023925675826566014,"upper_bound":0.0024000380660829206},"point_estimate":0.0010399949383244067,"standard_error":0.000671158239207611},"median":{"confidence_interval":{"confidence_level":0.95,"lower_bound":-0.0011622281018467406,"upper_bound":0.002981605649626795},"point_estimate":0.0003818066434526646,"standard_error":0.001078642785618674}}