{"mean":{"confidence_interval":{"confidence_level":0.95,"lower_bound":4569697578.775,"upper_bound":4611436641.077499},"point_estimate":4589452978.1,"standard_error":10739771.931267563},"median":{"confidence_interval":{"confidence_level":0.95,"lower_bound":4568212445.0,"upper_bound":4603316450.5},"point_estimate":4588710522.5,"standard_error":8619889.07498338},"median_abs_dev":{"confidence_interval":{"confidence_level":0.95,"lower_bound":7277178.884804249,"upper_bound":56160921.84404433},"point_estimate":19215474.17485714,"standard_error":13289324.632041043},"slope":null,"std_dev":{"confidence_interval":{"confidence_level":0.95,"lower_bound":12607917.660417693,"upper_bound":49807122.13347282},"point_estimate":35742820.703007676,"standard_error":9475686.099456841}}