{"mean":{"confidence_interval":{"confidence_level":0.95,"lower_bound":1021686414.7950001,"upper_bound":1023393545.9225},"point_estimate":1022554572.3,"standard_error":440421.61685223324},"median":{"confidence_interval":{"confidence_level":0.95,"lower_bound":1021233642.5,"upper_bound":1024012030.0},"point_estimate":1022636426.5,"standard_error":653528.8117008737},"median_abs_dev":{"confidence_interval":{"confidence_level":0.95,"lower_bound":295448.07495474815,"upper_bound":2578857.3745161295},"point_estimate":1686517.5153583288,"standard_error":578972.7546892118},"slope":null,"std_dev":{"confidence_interval":{"confidence_level":0.95,"lower_bound":866840.1242678554,"upper_bound":1785382.82260935},"point_estimate":1460264.167016902,"standard_error":236937.87545666104}}