{"mean":{"confidence_interval":{"confidence_level":0.95,"lower_bound":1202631580.8425,"upper_bound":1206218186.77},"point_estimate":1204308887.1,"standard_error":919741.3824432062},"median":{"confidence_interval":{"confidence_level":0.95,"lower_bound":1201769780.0,"upper_bound":1206174222.0},"point_estimate":1204104075.5,"standard_error":1151533.1542195994},"median_abs_dev":{"confidence_interval":{"confidence_level":0.95,"lower_bound":589910.220927,"upper_bound":5134664.025941491},"point_estimate":3265012.7966344357,"standard_error":1071883.8335956912},"slope":null,"std_dev":{"confidence_interval":{"confidence_level":0.95,"lower_bound":1483724.5016325526,"upper_bound":4111446.087394431},"point_estimate":3062769.637409159,"standard_error":732969.961816209}}