{"mean":{"confidence_interval":{"confidence_level":0.95,"lower_bound":1039316520.0,"upper_bound":1042936496.5},"point_estimate":1041105592.7,"standard_error":930419.1678246197},"median":{"confidence_interval":{"confidence_level":0.95,"lower_bound":1038723285.0,"upper_bound":1043322378.0},"point_estimate":1041072031.0,"standard_error":1043674.1903448085},"median_abs_dev":{"confidence_interval":{"confidence_level":0.95,"lower_bound":207768.5951113701,"upper_bound":5281448.095035553},"point_estimate":3409307.580372691,"standard_error":1386114.1045880115},"slope":null,"std_dev":{"confidence_interval":{"confidence_level":0.95,"lower_bound":1684188.1501551787,"upper_bound":3953243.8026456777},"point_estimate":3095222.9855336053,"standard_error":585705.2145968705}}