{"mean":{"confidence_interval":{"confidence_level":0.95,"lower_bound":438825720.5,"upper_bound":439074046.5},"point_estimate":438948498.45,"standard_error":63679.68883158303},"median":{"confidence_interval":{"confidence_level":0.95,"lower_bound":438747156.0,"upper_bound":439126203.5},"point_estimate":438936261.5,"standard_error":112307.78742444348},"median_abs_dev":{"confidence_interval":{"confidence_level":0.95,"lower_bound":32979.69511449337,"upper_bound":366482.0342436433},"point_estimate":253920.8203420043,"standard_error":82555.57199593625},"slope":null,"std_dev":{"confidence_interval":{"confidence_level":0.95,"lower_bound":132937.06712911816,"upper_bound":256755.50560054532},"point_estimate":211454.0597430155,"standard_error":32176.175642006776}}