{"mean":{"confidence_interval":{"confidence_level":0.95,"lower_bound":0.0017708901836851199,"upper_bound":0.004732281316199694},"point_estimate":0.0032846113970217417,"standard_error":0.0007502350060532813},"median":{"confidence_interval":{"confidence_level":0.95,"lower_bound":0.0019639648490163975,"upper_bound":0.004679410087875313},"point_estimate":0.0027976071056179386,"standard_error":0.0007301317474071682}}