{"mean":{"confidence_interval":{"confidence_level":0.95,"lower_bound":1332797855.2,"upper_bound":1333912303.3},"point_estimate":1333334939.6,"standard_error":286173.47129159956},"median":{"confidence_interval":{"confidence_level":0.95,"lower_bound":1332549655.0,"upper_bound":1334026573.0},"point_estimate":1333264885.0,"standard_error":420008.1421683127},"median_abs_dev":{"confidence_interval":{"confidence_level":0.95,"lower_bound":168207.63871371746,"upper_bound":1646665.2280658484},"point_estimate":943820.9193438292,"standard_error":359905.493606155},"slope":null,"std_dev":{"confidence_interval":{"confidence_level":0.95,"lower_bound":541860.0923110852,"upper_bound":1205838.596381785},"point_estimate":951263.0404785465,"standard_error":175561.70856025664}}