{"mean":{"confidence_interval":{"confidence_level":0.95,"lower_bound":186706246.045,"upper_bound":189043440.66666666},"point_estimate":187882089.2333333,"standard_error":600184.7845988353},"median":{"confidence_interval":{"confidence_level":0.95,"lower_bound":185895224.66666666,"upper_bound":189809281.33333334},"point_estimate":188289481.33333334,"standard_error":1167476.1246051935},"median_abs_dev":{"confidence_interval":{"confidence_level":0.95,"lower_bound":31844.270634636458,"upper_bound":3179465.7897531693},"point_estimate":2976310.057359919,"standard_error":865542.1407317163},"slope":null,"std_dev":{"confidence_interval":{"confidence_level":0.95,"lower_bound":1318833.5512286606,"upper_bound":2296119.8265783903},"point_estimate":1994581.7036475954,"standard_error":253781.55418934333}}