{"mean":{"confidence_interval":{"confidence_level":0.95,"lower_bound":319232397849.135,"upper_bound":322385306660.55255},"point_estimate":320798648269.1,"standard_error":805801229.9205711},"median":{"confidence_interval":{"confidence_level":0.95,"lower_bound":318687519934.5,"upper_bound":322558159695.5},"point_estimate":321257143996.5,"standard_error":931521428.939514},"median_abs_dev":{"confidence_interval":{"confidence_level":0.95,"lower_bound":267133527.43483186,"upper_bound":4662404379.875976},"point_estimate":2702901006.454915,"standard_error":1123542136.1770942},"slope":null,"std_dev":{"confidence_interval":{"confidence_level":0.95,"lower_bound":1399505237.8984828,"upper_bound":3475751013.9098573},"point_estimate":2681022011.748363,"standard_error":530716634.1996786}}