{"mean":{"confidence_interval":{"confidence_level":0.95,"lower_bound":-0.0020514177333151055,"upper_bound":0.0006083860301837481},"point_estimate":-0.000609633208017546,"standard_error":0.0006865859672630961},"median":{"confidence_interval":{"confidence_level":0.95,"lower_bound":-0.002194968309849221,"upper_bound":0.0009823444520771218},"point_estimate":0.00023995410040056342,"standard_error":0.0007772777244365922}}