{"mean":{"confidence_interval":{"confidence_level":0.95,"lower_bound":-0.002367663765650746,"upper_bound":-0.00022862141141435645},"point_estimate":-0.0011427186374145526,"standard_error":0.0005533750003726067},"median":{"confidence_interval":{"confidence_level":0.95,"lower_bound":-0.0016814630227189875,"upper_bound":0.000267345892303129},"point_estimate":-0.000919721328360934,"standard_error":0.0005249870663423678}}