{"mean":{"confidence_interval":{"confidence_level":0.95,"lower_bound":-0.01777627144440703,"upper_bound":-0.01698812426874374},"point_estimate":-0.017390280038630634,"standard_error":0.0002019405988743571},"median":{"confidence_interval":{"confidence_level":0.95,"lower_bound":-0.017897805054307492,"upper_bound":-0.01675779236951691},"point_estimate":-0.01736357199000116,"standard_error":0.00029204641125411406}}