{"mean":{"confidence_interval":{"confidence_level":0.95,"lower_bound":-0.0027335823860730386,"upper_bound":-0.0020017799083532767},"point_estimate":-0.002362737142891147,"standard_error":0.00018742298035830598},"median":{"confidence_interval":{"confidence_level":0.95,"lower_bound":-0.00293241485410789,"upper_bound":-0.0017704355295254937},"point_estimate":-0.0022411682745606676,"standard_error":0.0003263060383035707}}