{"mean":{"confidence_interval":{"confidence_level":0.95,"lower_bound":0.008793333353949152,"upper_bound":0.01099942102593185},"point_estimate":0.009800842314353408,"standard_error":0.0005787257831488528},"median":{"confidence_interval":{"confidence_level":0.95,"lower_bound":0.008480467389798907,"upper_bound":0.010785242938535333},"point_estimate":0.009264300634854283,"standard_error":0.0005273428012357391}}