{"mean":{"confidence_interval":{"confidence_level":0.95,"lower_bound":31038105539.6,"upper_bound":31768022720.0},"point_estimate":31399011992.5,"standard_error":186610996.3379038},"median":{"confidence_interval":{"confidence_level":0.95,"lower_bound":30847598634.0,"upper_bound":31943122161.0},"point_estimate":31286814373.5,"standard_error":388071139.3441534},"median_abs_dev":{"confidence_interval":{"confidence_level":0.95,"lower_bound":64508683.945941925,"upper_bound":933609086.5189254},"point_estimate":771471871.8544364,"standard_error":279621705.38575923},"slope":null,"std_dev":{"confidence_interval":{"confidence_level":0.95,"lower_bound":410122587.2937879,"upper_bound":718568524.6515442},"point_estimate":619667966.9277289,"standard_error":79623537.91655053}}