{"mean":{"confidence_interval":{"confidence_level":0.95,"lower_bound":452615862.46750003,"upper_bound":452790061.95},"point_estimate":452701197.35,"standard_error":44015.2672530482},"median":{"confidence_interval":{"confidence_level":0.95,"lower_bound":452639703.5,"upper_bound":452762558.5},"point_estimate":452692795.0,"standard_error":32368.306822700444},"median_abs_dev":{"confidence_interval":{"confidence_level":0.95,"lower_bound":16552.487406134605,"upper_bound":239793.12519282103},"point_estimate":68790.04422873259,"standard_error":50111.934268024335},"slope":null,"std_dev":{"confidence_interval":{"confidence_level":0.95,"lower_bound":46943.00985488799,"upper_bound":205138.57712050408},"point_estimate":147005.6417307494,"standard_error":40746.090633689164}}