{"mean":{"confidence_interval":{"confidence_level":0.95,"lower_bound":0.003220308608700373,"upper_bound":0.0033173912882604184},"point_estimate":0.003271109389661353,"standard_error":0.00002488197007404513},"median":{"confidence_interval":{"confidence_level":0.95,"lower_bound":0.003210921304849901,"upper_bound":0.0033409424293899814},"point_estimate":0.0032878855229878656,"standard_error":0.00003231656608058684}}