{"mean":{"confidence_interval":{"confidence_level":0.95,"lower_bound":-0.003457063717726511,"upper_bound":-0.00328654573984902},"point_estimate":-0.0033710094011953906,"standard_error":0.00004371916489538046},"median":{"confidence_interval":{"confidence_level":0.95,"lower_bound":-0.0035117163230511395,"upper_bound":-0.0032414594707007582},"point_estimate":-0.0033599036816813754,"standard_error":0.00008169836668599578}}