{"mean":{"confidence_interval":{"confidence_level":0.95,"lower_bound":0.011155599959777818,"upper_bound":0.014028713207888415},"point_estimate":0.012545866766670688,"standard_error":0.000734654828788539},"median":{"confidence_interval":{"confidence_level":0.95,"lower_bound":0.010093641501250694,"upper_bound":0.014173235108644544},"point_estimate":0.012053604396770945,"standard_error":0.0010414169259017022}}