{"mean":{"confidence_interval":{"confidence_level":0.95,"lower_bound":168001238.50000003,"upper_bound":171298556.1666667},"point_estimate":169840561.86666667,"standard_error":853719.2102787631},"median":{"confidence_interval":{"confidence_level":0.95,"lower_bound":168250509.0,"upper_bound":171750134.66666666},"point_estimate":171172162.0,"standard_error":956748.2961056061},"median_abs_dev":{"confidence_interval":{"confidence_level":0.95,"lower_bound":212823.51972162724,"upper_bound":4027874.4819909185},"point_estimate":1335606.6108882353,"standard_error":1072721.7140565384},"slope":null,"std_dev":{"confidence_interval":{"confidence_level":0.95,"lower_bound":941466.0962814498,"upper_bound":3902210.776342514},"point_estimate":2845656.514373753,"standard_error":811787.2177418425}}