{"mean":{"confidence_interval":{"confidence_level":0.95,"lower_bound":158547503.36666667,"upper_bound":160234419.1},"point_estimate":159393667.96666667,"standard_error":429189.82131293794},"median":{"confidence_interval":{"confidence_level":0.95,"lower_bound":158160997.0,"upper_bound":160450301.83333334},"point_estimate":159468016.1666667,"standard_error":573742.0388469535},"median_abs_dev":{"confidence_interval":{"confidence_level":0.95,"lower_bound":234553.24623584747,"upper_bound":2448934.420722708},"point_estimate":1427838.1668508127,"standard_error":556859.4333834661},"slope":null,"std_dev":{"confidence_interval":{"confidence_level":0.95,"lower_bound":816782.0645961121,"upper_bound":1791574.2584735048},"point_estimate":1423847.2882715848,"standard_error":250267.37349525891}}