{"mean":{"confidence_interval":{"confidence_level":0.95,"lower_bound":-0.0014098298017408667,"upper_bound":-0.0012788027961450927},"point_estimate":-0.0013431141953361703,"standard_error":0.00003354011304649952},"median":{"confidence_interval":{"confidence_level":0.95,"lower_bound":-0.0014474662793860782,"upper_bound":-0.0012566800846456339},"point_estimate":-0.0013290804316261617,"standard_error":0.000055350272012551864}}