{"mean":{"confidence_interval":{"confidence_level":0.95,"lower_bound":37681478259.4,"upper_bound":37746248293.6},"point_estimate":37711880386.9,"standard_error":16643090.316402534},"median":{"confidence_interval":{"confidence_level":0.95,"lower_bound":37664156224.0,"upper_bound":37740198108.0},"point_estimate":37712432077.0,"standard_error":21061908.800923258},"median_abs_dev":{"confidence_interval":{"confidence_level":0.95,"lower_bound":11321975.515794754,"upper_bound":93953979.33118343},"point_estimate":46524780.36502004,"standard_error":20157022.11622825},"slope":null,"std_dev":{"confidence_interval":{"confidence_level":0.95,"lower_bound":27544254.581266414,"upper_bound":74796473.19788195},"point_estimate":55255713.74246797,"standard_error":13287773.437789908}}