{"mean":{"confidence_interval":{"confidence_level":0.95,"lower_bound":1403876548.3,"upper_bound":1404639030.5},"point_estimate":1404251151.0,"standard_error":195311.08026389018},"median":{"confidence_interval":{"confidence_level":0.95,"lower_bound":1403648362.0,"upper_bound":1404979033.0},"point_estimate":1404187603.5,"standard_error":349733.5989525104},"median_abs_dev":{"confidence_interval":{"confidence_level":0.95,"lower_bound":87500.8265465498,"upper_bound":1079440.2693361044},"point_estimate":811885.0889861584,"standard_error":282004.1870234731},"slope":null,"std_dev":{"confidence_interval":{"confidence_level":0.95,"lower_bound":387892.0944603193,"upper_bound":757950.9067779711},"point_estimate":650676.162473059,"standard_error":91381.63826410614}}