{"mean":{"confidence_interval":{"confidence_level":0.95,"lower_bound":35939837873.1,"upper_bound":36926772513.962494},"point_estimate":36562412545.2,"standard_error":283175136.4351068},"median":{"confidence_interval":{"confidence_level":0.95,"lower_bound":36619469614.0,"upper_bound":36975930468.0},"point_estimate":36917421941.5,"standard_error":125683351.02747308},"median_abs_dev":{"confidence_interval":{"confidence_level":0.95,"lower_bound":15611267.708444595,"upper_bound":441744112.9089743},"point_estimate":112717711.96576059,"standard_error":133518453.63389096},"slope":null,"std_dev":{"confidence_interval":{"confidence_level":0.95,"lower_bound":105665014.69806413,"upper_bound":1449448088.77413},"point_estimate":942696090.1507359,"standard_error":468985487.742444}}