{"mean":{"confidence_interval":{"confidence_level":0.95,"lower_bound":-0.000036878881023846544,"upper_bound":0.0012379326948585066},"point_estimate":0.0005974085693494224,"standard_error":0.00032592231172107026},"median":{"confidence_interval":{"confidence_level":0.95,"lower_bound":-0.00009753037474236059,"upper_bound":0.0012747978303728758},"point_estimate":0.0007296870673660916,"standard_error":0.000368309385055817}}