{"mean":{"confidence_interval":{"confidence_level":0.95,"lower_bound":0.0007315056904071916,"upper_bound":0.00233486310585595},"point_estimate":0.0014855593675957568,"standard_error":0.0004122848744168802},"median":{"confidence_interval":{"confidence_level":0.95,"lower_bound":0.0005863903546279303,"upper_bound":0.002457356261847954},"point_estimate":0.0011911489225777672,"standard_error":0.0004609480679631229}}