{"mean":{"confidence_interval":{"confidence_level":0.95,"lower_bound":438872881.2,"upper_bound":439560408.45},"point_estimate":439168554.7,"standard_error":178694.35183449302},"median":{"confidence_interval":{"confidence_level":0.95,"lower_bound":438914857.5,"upper_bound":439314563.75},"point_estimate":439029086.75,"standard_error":92113.84781115217},"median_abs_dev":{"confidence_interval":{"confidence_level":0.95,"lower_bound":41060.60627102852,"upper_bound":764375.172829628},"point_estimate":130600.3784313798,"standard_error":176770.62764035378},"slope":null,"std_dev":{"confidence_interval":{"confidence_level":0.95,"lower_bound":98786.738480046,"upper_bound":868539.905528636},"point_estimate":594588.8016626934,"standard_error":215675.3580532726}}