{"mean":{"confidence_interval":{"confidence_level":0.95,"lower_bound":-0.002672336055124508,"upper_bound":-0.0014092147615913848},"point_estimate":-0.002007028139392575,"standard_error":0.0003217463469135294},"median":{"confidence_interval":{"confidence_level":0.95,"lower_bound":-0.002513597149297442,"upper_bound":-0.0016241185144694114},"point_estimate":-0.002062306022347804,"standard_error":0.0002419796282759192}}