{"mean":{"confidence_interval":{"confidence_level":0.95,"lower_bound":35495251662.94,"upper_bound":35499770797.6},"point_estimate":35497652065.0,"standard_error":1160873.0254083239},"median":{"confidence_interval":{"confidence_level":0.95,"lower_bound":35494114431.0,"upper_bound":35500412359.0},"point_estimate":35499405174.5,"standard_error":1607986.2989451697},"median_abs_dev":{"confidence_interval":{"confidence_level":0.95,"lower_bound":55714.62441086769,"upper_bound":6143267.892435193},"point_estimate":2375850.149220228,"standard_error":1514762.7211315122},"slope":null,"std_dev":{"confidence_interval":{"confidence_level":0.95,"lower_bound":1383497.820868685,"upper_bound":4642150.863555934},"point_estimate":3846332.4760143193,"standard_error":741146.8751802134}}