{"mean":{"confidence_interval":{"confidence_level":0.95,"lower_bound":-0.0012789114265778139,"upper_bound":0.004974183791903695},"point_estimate":0.0013486984124275736,"standard_error":0.0016571440443190414},"median":{"confidence_interval":{"confidence_level":0.95,"lower_bound":-0.0018851259794265829,"upper_bound":0.0018933858094209999},"point_estimate":-0.0004945872171325805,"standard_error":0.0010888272238361268}}