{"mean":{"confidence_interval":{"confidence_level":0.95,"lower_bound":-0.02106085906957028,"upper_bound":-0.014923673240203373},"point_estimate":-0.01746601122436575,"standard_error":0.0016338618720802985},"median":{"confidence_interval":{"confidence_level":0.95,"lower_bound":-0.018743531349808662,"upper_bound":-0.014528208716011348},"point_estimate":-0.015831741973156288,"standard_error":0.0009534924082494466}}