{"mean":{"confidence_interval":{"confidence_level":0.95,"lower_bound":0.00308937790578373,"upper_bound":0.006949042506873765},"point_estimate":0.005275215770820685,"standard_error":0.0010099744081078297},"median":{"confidence_interval":{"confidence_level":0.95,"lower_bound":0.004117185152884506,"upper_bound":0.007984401722282097},"point_estimate":0.006256155125282881,"standard_error":0.0009974735199196033}}