{"mean":{"confidence_interval":{"confidence_level":0.95,"lower_bound":800717595.3199999,"upper_bound":801347235.26},"point_estimate":801029323.7,"standard_error":160326.18758471738},"median":{"confidence_interval":{"confidence_level":0.95,"lower_bound":800520533.5,"upper_bound":801525758.0},"point_estimate":800974533.0,"standard_error":388334.48986536055},"median_abs_dev":{"confidence_interval":{"confidence_level":0.95,"lower_bound":19376.840355992317,"upper_bound":751082.1814656258},"point_estimate":699089.6242886782,"standard_error":256930.5732286572},"slope":null,"std_dev":{"confidence_interval":{"confidence_level":0.95,"lower_bound":378970.20122966863,"upper_bound":583433.0044111606},"point_estimate":535243.1893371356,"standard_error":52813.77603447039}}