{"mean":{"confidence_interval":{"confidence_level":0.95,"lower_bound":390580896.75,"upper_bound":391615031.6},"point_estimate":391104730.45,"standard_error":265282.0149458643},"median":{"confidence_interval":{"confidence_level":0.95,"lower_bound":390584126.25,"upper_bound":391603595.75},"point_estimate":391221226.75,"standard_error":325455.0745648981},"median_abs_dev":{"confidence_interval":{"confidence_level":0.95,"lower_bound":105016.26263558865,"upper_bound":1525617.6119148731},"point_estimate":752983.6159318686,"standard_error":353026.9032999615},"slope":null,"std_dev":{"confidence_interval":{"confidence_level":0.95,"lower_bound":416539.015172862,"upper_bound":1195490.224076427},"point_estimate":886876.9076808062,"standard_error":204848.92224406268}}