{"mean":{"confidence_interval":{"confidence_level":0.95,"lower_bound":1223454928.6899998,"upper_bound":1224005814.8},"point_estimate":1223730004.5,"standard_error":140199.332765649},"median":{"confidence_interval":{"confidence_level":0.95,"lower_bound":1223373833.0,"upper_bound":1224053239.0},"point_estimate":1223774165.5,"standard_error":158189.17110544394},"median_abs_dev":{"confidence_interval":{"confidence_level":0.95,"lower_bound":68756.3150793314,"upper_bound":786414.0214383602},"point_estimate":441243.9911663532,"standard_error":188380.25199483585},"slope":null,"std_dev":{"confidence_interval":{"confidence_level":0.95,"lower_bound":237793.4502336943,"upper_bound":618534.9345704376},"point_estimate":469752.43400427897,"standard_error":96937.96698122533}}