{"mean":{"confidence_interval":{"confidence_level":0.95,"lower_bound":7041904351.695,"upper_bound":7048621170.1},"point_estimate":7045178446.1,"standard_error":1719616.2477624712},"median":{"confidence_interval":{"confidence_level":0.95,"lower_bound":7040426447.0,"upper_bound":7049560667.0},"point_estimate":7044720534.0,"standard_error":2397123.5496639153},"median_abs_dev":{"confidence_interval":{"confidence_level":0.95,"lower_bound":1393906.3954532146,"upper_bound":9490900.796502829},"point_estimate":5887480.849376321,"standard_error":2081105.4586946738},"slope":null,"std_dev":{"confidence_interval":{"confidence_level":0.95,"lower_bound":3152684.032641965,"upper_bound":7391317.071915042},"point_estimate":5711160.352030018,"standard_error":1110286.672183714}}