{"mean":{"confidence_interval":{"confidence_level":0.95,"lower_bound":679373174.3,"upper_bound":687720982.0},"point_estimate":683780216.9,"standard_error":2153065.231578566},"median":{"confidence_interval":{"confidence_level":0.95,"lower_bound":681464345.0,"upper_bound":687524818.5},"point_estimate":683251188.0,"standard_error":1494302.1840837393},"median_abs_dev":{"confidence_interval":{"confidence_level":0.95,"lower_bound":103939.15375471115,"upper_bound":11347659.336438775},"point_estimate":3346364.5397901535,"standard_error":2822077.5827574925},"slope":null,"std_dev":{"confidence_interval":{"confidence_level":0.95,"lower_bound":2338646.340644759,"upper_bound":10134152.241346212},"point_estimate":7234239.108804409,"standard_error":1989456.405434674}}