{"mean":{"confidence_interval":{"confidence_level":0.95,"lower_bound":1080442066.9,"upper_bound":1083509315.5275},"point_estimate":1081933390.8,"standard_error":786458.8901803807},"median":{"confidence_interval":{"confidence_level":0.95,"lower_bound":1079721885.5,"upper_bound":1083882092.0},"point_estimate":1081566361.5,"standard_error":1232484.4216090627},"median_abs_dev":{"confidence_interval":{"confidence_level":0.95,"lower_bound":673487.3466432095,"upper_bound":4408637.042731047},"point_estimate":3070671.3681846857,"standard_error":946338.5964563505},"slope":null,"std_dev":{"confidence_interval":{"confidence_level":0.95,"lower_bound":1528741.208681109,"upper_bound":3259774.3555950103},"point_estimate":2612692.381843501,"standard_error":453637.8770393785}}