{"mean":{"confidence_interval":{"confidence_level":0.95,"lower_bound":-0.0075560696161998415,"upper_bound":0.0029768282334093118},"point_estimate":-0.0023490869204152443,"standard_error":0.0026923204837594906},"median":{"confidence_interval":{"confidence_level":0.95,"lower_bound":-0.009095927552198568,"upper_bound":0.004385017683036452},"point_estimate":-0.003474196662530571,"standard_error":0.0035405072586820784}}