{"mean":{"confidence_interval":{"confidence_level":0.95,"lower_bound":-0.0007148970996823155,"upper_bound":0.018242454635288768},"point_estimate":0.008241749432030376,"standard_error":0.004901676190010342},"median":{"confidence_interval":{"confidence_level":0.95,"lower_bound":-0.00482190390912518,"upper_bound":0.013467484376656236},"point_estimate":0.002857834244485158,"standard_error":0.0046645243205386995}}