{"mean":{"confidence_interval":{"confidence_level":0.95,"lower_bound":218908307.46666664,"upper_bound":225022966.66416666},"point_estimate":221472305.7333333,"standard_error":1603906.2954038726},"median":{"confidence_interval":{"confidence_level":0.95,"lower_bound":218187296.33333334,"upper_bound":223282319.83333334},"point_estimate":219132736.6666667,"standard_error":1444674.0236324002},"median_abs_dev":{"confidence_interval":{"confidence_level":0.95,"lower_bound":446252.70807742333,"upper_bound":5878277.610039711},"point_estimate":2066481.6960126308,"standard_error":1519059.5213074733},"slope":null,"std_dev":{"confidence_interval":{"confidence_level":0.95,"lower_bound":1439962.8866701925,"upper_bound":7799279.787146747},"point_estimate":5324329.383807401,"standard_error":1925479.8639608398}}