{"mean":{"confidence_interval":{"confidence_level":0.95,"lower_bound":2387782805.415,"upper_bound":2390102192.3},"point_estimate":2388851634.2,"standard_error":595493.6924195518},"median":{"confidence_interval":{"confidence_level":0.95,"lower_bound":2387314338.5,"upper_bound":2389856731.0},"point_estimate":2388590270.0,"standard_error":647730.2612241937},"median_abs_dev":{"confidence_interval":{"confidence_level":0.95,"lower_bound":497550.1729667187,"upper_bound":3050745.2245384455},"point_estimate":1444125.7630616426,"standard_error":655284.4296450333},"slope":null,"std_dev":{"confidence_interval":{"confidence_level":0.95,"lower_bound":886148.102205244,"upper_bound":2714457.823809636},"point_estimate":1978461.5839111966,"standard_error":518260.9270523586}}