{"mean":{"confidence_interval":{"confidence_level":0.95,"lower_bound":638403585.2,"upper_bound":638857775.2},"point_estimate":638607424.7,"standard_error":118542.4121807133},"median":{"confidence_interval":{"confidence_level":0.95,"lower_bound":638327119.5,"upper_bound":638812003.5},"point_estimate":638514444.5,"standard_error":124054.35654403327},"median_abs_dev":{"confidence_interval":{"confidence_level":0.95,"lower_bound":73613.31259310246,"upper_bound":589613.7009322643},"point_estimate":293449.5301902294,"standard_error":132781.3033769381},"slope":null,"std_dev":{"confidence_interval":{"confidence_level":0.95,"lower_bound":151095.06965810928,"upper_bound":530628.0719684301},"point_estimate":390079.7355427762,"standard_error":105896.35628390305}}