{"mean":{"confidence_interval":{"confidence_level":0.95,"lower_bound":40872868.434430555,"upper_bound":40964830.280555554},"point_estimate":40914994.781666666,"standard_error":23446.757986650784},"median":{"confidence_interval":{"confidence_level":0.95,"lower_bound":40867186.88888889,"upper_bound":40939993.16666667},"point_estimate":40912263.29166667,"standard_error":18933.480860561343},"median_abs_dev":{"confidence_interval":{"confidence_level":0.95,"lower_bound":12434.380654245615,"upper_bound":111235.8720716672},"point_estimate":48636.506811523876,"standard_error":24377.675654440947},"slope":{"confidence_interval":{"confidence_level":0.95,"lower_bound":40872096.77696078,"upper_bound":40939947.17698508},"point_estimate":40902864.25021645,"standard_error":17612.250305438083},"std_dev":{"confidence_interval":{"confidence_level":0.95,"lower_bound":27645.985519182974,"upper_bound":111855.35997006229},"point_estimate":78730.93681918806,"standard_error":23230.16237510561}}