{"mean":{"confidence_interval":{"confidence_level":0.95,"lower_bound":-0.000921910579733745,"upper_bound":0.005252657790918947},"point_estimate":0.0027880934037713967,"standard_error":0.001665618749060985},"median":{"confidence_interval":{"confidence_level":0.95,"lower_bound":0.002390600890636696,"upper_bound":0.0053857703148554315},"point_estimate":0.004705437218603725,"standard_error":0.0008387044225347773}}