{"mean":{"confidence_interval":{"confidence_level":0.95,"lower_bound":55764225389.5,"upper_bound":55954531109.3},"point_estimate":55852122423.4,"standard_error":49056073.71136745},"median":{"confidence_interval":{"confidence_level":0.95,"lower_bound":55728244537.5,"upper_bound":55941052254.0},"point_estimate":55804972060.5,"standard_error":58531474.53421028},"median_abs_dev":{"confidence_interval":{"confidence_level":0.95,"lower_bound":17992024.522277713,"upper_bound":254387587.29171753},"point_estimate":178627793.88482273,"standard_error":65032225.01824562},"slope":null,"std_dev":{"confidence_interval":{"confidence_level":0.95,"lower_bound":73786179.84900086,"upper_bound":222423500.67810178},"point_estimate":162643574.29733172,"standard_error":42168564.096117824}}