{"mean":{"confidence_interval":{"confidence_level":0.95,"lower_bound":32861554749.262497,"upper_bound":32931411060.4},"point_estimate":32897017638.4,"standard_error":17891039.302834827},"median":{"confidence_interval":{"confidence_level":0.95,"lower_bound":32849447864.5,"upper_bound":32941740268.5},"point_estimate":32891004684.5,"standard_error":21840289.03871844},"median_abs_dev":{"confidence_interval":{"confidence_level":0.95,"lower_bound":2943240.4178470373,"upper_bound":103562530.36599755},"point_estimate":65623561.319848895,"standard_error":28041899.703537766},"slope":null,"std_dev":{"confidence_interval":{"confidence_level":0.95,"lower_bound":29522578.83407971,"upper_bound":76718656.18548168},"point_estimate":59747528.948177405,"standard_error":11684555.834027458}}