{"mean":{"confidence_interval":{"confidence_level":0.95,"lower_bound":0.0077411776891755605,"upper_bound":0.01873346785130997},"point_estimate":0.012279921931015902,"standard_error":0.0027922809076907588},"median":{"confidence_interval":{"confidence_level":0.95,"lower_bound":0.005716964716261597,"upper_bound":0.01819916633298324},"point_estimate":0.007240148857119655,"standard_error":0.003453245371826894}}