{"mean":{"confidence_interval":{"confidence_level":0.95,"lower_bound":1166852758.7,"upper_bound":1172433509.8975},"point_estimate":1169506117.1,"standard_error":1433448.18351369},"median":{"confidence_interval":{"confidence_level":0.95,"lower_bound":1165713472.5,"upper_bound":1173007560.0},"point_estimate":1168714055.0,"standard_error":2015235.0795653516},"median_abs_dev":{"confidence_interval":{"confidence_level":0.95,"lower_bound":1327164.9337381124,"upper_bound":8084880.817964673},"point_estimate":4732531.022080779,"standard_error":1679328.7644834982},"slope":null,"std_dev":{"confidence_interval":{"confidence_level":0.95,"lower_bound":2539889.428383071,"upper_bound":6091500.654070196},"point_estimate":4757344.822236371,"standard_error":931046.7967278184}}