{"mean":{"confidence_interval":{"confidence_level":0.95,"lower_bound":-0.004725252316582021,"upper_bound":-0.0041152998144403045},"point_estimate":-0.004423481225510839,"standard_error":0.00015556760223454404},"median":{"confidence_interval":{"confidence_level":0.95,"lower_bound":-0.004796048295072408,"upper_bound":-0.004042072748532521},"point_estimate":-0.004456171860575231,"standard_error":0.00018455537043030084}}