{"mean":{"confidence_interval":{"confidence_level":0.95,"lower_bound":-0.0007847723610104828,"upper_bound":-0.00019394042141283605},"point_estimate":-0.00048501727153371643,"standard_error":0.0001520659993681214},"median":{"confidence_interval":{"confidence_level":0.95,"lower_bound":-0.0008931595364347622,"upper_bound":-0.0003636115891385572},"point_estimate":-0.0006256954333215825,"standard_error":0.0001288121305721988}}