{"mean":{"confidence_interval":{"confidence_level":0.95,"lower_bound":1397423549.2,"upper_bound":1397867830.12},"point_estimate":1397654563.0,"standard_error":113579.84132357305},"median":{"confidence_interval":{"confidence_level":0.95,"lower_bound":1397435467.0,"upper_bound":1397918098.0},"point_estimate":1397673971.5,"standard_error":98776.7932502501},"median_abs_dev":{"confidence_interval":{"confidence_level":0.95,"lower_bound":37053.13854217529,"upper_bound":625491.1376953125},"point_estimate":267432.1245521307,"standard_error":155406.41139218662},"slope":null,"std_dev":{"confidence_interval":{"confidence_level":0.95,"lower_bound":159276.76179238033,"upper_bound":513308.00521480275},"point_estimate":377045.1220271182,"standard_error":91726.80408312549}}