{"mean":{"confidence_interval":{"confidence_level":0.95,"lower_bound":2012993825.4,"upper_bound":2018408077.4},"point_estimate":2015179726.8,"standard_error":1458574.1534729595},"median":{"confidence_interval":{"confidence_level":0.95,"lower_bound":2012555018.0,"upper_bound":2016216233.0},"point_estimate":2013657157.0,"standard_error":850319.7352367616},"median_abs_dev":{"confidence_interval":{"confidence_level":0.95,"lower_bound":233736.33365035057,"upper_bound":3887262.9707872868},"point_estimate":1470347.767496109,"standard_error":995001.860823377},"slope":null,"std_dev":{"confidence_interval":{"confidence_level":0.95,"lower_bound":673923.6403103512,"upper_bound":7175500.849870555},"point_estimate":4835259.35047976,"standard_error":1984038.8168053865}}