{"mean":{"confidence_interval":{"confidence_level":0.95,"lower_bound":-0.05233631190898809,"upper_bound":-0.0006141182951590353},"point_estimate":-0.022002551936007975,"standard_error":0.013581617954409124},"median":{"confidence_interval":{"confidence_level":0.95,"lower_bound":-0.038758123852107085,"upper_bound":-0.0002394286978435467},"point_estimate":-0.0007843259903180799,"standard_error":0.008989995747994979}}