{"mean":{"confidence_interval":{"confidence_level":0.95,"lower_bound":944413922.185,"upper_bound":1006818835.9},"point_estimate":985235198.6,"standard_error":18956979.090682913},"median":{"confidence_interval":{"confidence_level":0.95,"lower_bound":1004119964.5,"upper_bound":1004732908.0},"point_estimate":1004462545.0,"standard_error":5245065.547796078},"median_abs_dev":{"confidence_interval":{"confidence_level":0.95,"lower_bound":70854.93534207344,"upper_bound":6012679.004153609},"point_estimate":220088.25959265232,"standard_error":6608804.213875109},"slope":null,"std_dev":{"confidence_interval":{"confidence_level":0.95,"lower_bound":196131.83117252527,"upper_bound":97303610.26558946},"point_estimate":63617127.882441156,"standard_error":35527260.388261825}}