{"mean":{"confidence_interval":{"confidence_level":0.95,"lower_bound":7897259521.5,"upper_bound":7922184203.9},"point_estimate":7910949550.9,"standard_error":6437836.078542144},"median":{"confidence_interval":{"confidence_level":0.95,"lower_bound":7902109973.5,"upper_bound":7925561237.0},"point_estimate":7914938544.0,"standard_error":5604041.344852166},"median_abs_dev":{"confidence_interval":{"confidence_level":0.95,"lower_bound":2380918.4172302485,"upper_bound":31726541.571441293},"point_estimate":16521398.025986552,"standard_error":7619074.517945416},"slope":null,"std_dev":{"confidence_interval":{"confidence_level":0.95,"lower_bound":8321234.040288466,"upper_bound":29378161.615569808},"point_estimate":21340245.998526804,"standard_error":5905306.349566455}}