{"mean":{"confidence_interval":{"confidence_level":0.95,"lower_bound":1770568298.6,"upper_bound":1772862131.2},"point_estimate":1771480647.2,"standard_error":628452.9934890041},"median":{"confidence_interval":{"confidence_level":0.95,"lower_bound":1770416241.0,"upper_bound":1771749610.5},"point_estimate":1770786249.5,"standard_error":280165.6434384556},"median_abs_dev":{"confidence_interval":{"confidence_level":0.95,"lower_bound":42525.415045022964,"upper_bound":1388511.2141489983},"point_estimate":365533.5409104824,"standard_error":359860.7611998515},"slope":null,"std_dev":{"confidence_interval":{"confidence_level":0.95,"lower_bound":210500.6125834581,"upper_bound":3163472.033140842},"point_estimate":2103198.660999574,"standard_error":919970.3985242818}}