{"mean":{"confidence_interval":{"confidence_level":0.95,"lower_bound":442938874.95,"upper_bound":443667488.14},"point_estimate":443301305.5,"standard_error":184979.72994734012},"median":{"confidence_interval":{"confidence_level":0.95,"lower_bound":442722476.0,"upper_bound":443995772.5},"point_estimate":443251444.0,"standard_error":398928.1659396518},"median_abs_dev":{"confidence_interval":{"confidence_level":0.95,"lower_bound":48601.85103714466,"upper_bound":958898.2197761536},"point_estimate":830444.275456667,"standard_error":254445.32089961303},"slope":null,"std_dev":{"confidence_interval":{"confidence_level":0.95,"lower_bound":426196.9895149425,"upper_bound":689159.9516768695},"point_estimate":617775.0511988791,"standard_error":67181.3598583819}}