{"mean":{"confidence_interval":{"confidence_level":0.95,"lower_bound":33160030954.399998,"upper_bound":33383362164.8475},"point_estimate":33268237949.3,"standard_error":57444954.46938984},"median":{"confidence_interval":{"confidence_level":0.95,"lower_bound":33104723958.5,"upper_bound":33487353428.0},"point_estimate":33225761449.0,"standard_error":104772741.8614551},"median_abs_dev":{"confidence_interval":{"confidence_level":0.95,"lower_bound":20248140.638923645,"upper_bound":313211200.12578964},"point_estimate":186060243.98227036,"standard_error":86155524.49676089},"slope":null,"std_dev":{"confidence_interval":{"confidence_level":0.95,"lower_bound":109968673.69985156,"upper_bound":220667455.93714935},"point_estimate":190874447.8388361,"standard_error":27019382.765569184}}