{"mean":{"confidence_interval":{"confidence_level":0.95,"lower_bound":0.003131504630153454,"upper_bound":0.012891053616251705},"point_estimate":0.008013175071635015,"standard_error":0.0024959202234422985},"median":{"confidence_interval":{"confidence_level":0.95,"lower_bound":0.000034938477075474594,"upper_bound":0.01602045794982354},"point_estimate":0.00708443548124249,"standard_error":0.004182231972278943}}