{"mean":{"confidence_interval":{"confidence_level":0.95,"lower_bound":41697810355.020004,"upper_bound":41962412037.0},"point_estimate":41833401934.5,"standard_error":67826162.08793728},"median":{"confidence_interval":{"confidence_level":0.95,"lower_bound":41622431531.0,"upper_bound":42019380739.0},"point_estimate":41875277695.0,"standard_error":104263406.9112982},"median_abs_dev":{"confidence_interval":{"confidence_level":0.95,"lower_bound":65761467.58030057,"upper_bound":374869716.09113216},"point_estimate":233442504.57456708,"standard_error":80676289.39539231},"slope":null,"std_dev":{"confidence_interval":{"confidence_level":0.95,"lower_bound":133835022.89449883,"upper_bound":278701406.12342894},"point_estimate":225795015.95869792,"standard_error":37006689.30205677}}