{"mean":{"confidence_interval":{"confidence_level":0.95,"lower_bound":1018419739.3,"upper_bound":1023715231.1075},"point_estimate":1020476219.7,"standard_error":1455624.9217041282},"median":{"confidence_interval":{"confidence_level":0.95,"lower_bound":1017970726.5,"upper_bound":1020715565.0},"point_estimate":1019021391.5,"standard_error":638965.6450658436},"median_abs_dev":{"confidence_interval":{"confidence_level":0.95,"lower_bound":417815.2050822973,"upper_bound":3175276.9506275654},"point_estimate":1112488.9053493738,"standard_error":791459.9596098075},"slope":null,"std_dev":{"confidence_interval":{"confidence_level":0.95,"lower_bound":719790.6769150243,"upper_bound":7395237.214599146},"point_estimate":4862470.13751927,"standard_error":2197998.1245250795}}