{"mean":{"confidence_interval":{"confidence_level":0.95,"lower_bound":-0.005041624439907837,"upper_bound":0.010019416021146626},"point_estimate":0.002317111866944499,"standard_error":0.003834901380921423},"median":{"confidence_interval":{"confidence_level":0.95,"lower_bound":-0.008229830488374001,"upper_bound":0.014610224396952809},"point_estimate":0.002330519413351828,"standard_error":0.006145241008488746}}