{"mean":{"confidence_interval":{"confidence_level":0.95,"lower_bound":42365904601.252495,"upper_bound":44436922121.6},"point_estimate":43407782912.0,"standard_error":529878645.6384072},"median":{"confidence_interval":{"confidence_level":0.95,"lower_bound":41878202110.0,"upper_bound":45197276104.0},"point_estimate":43342939492.0,"standard_error":1197178102.2338858},"median_abs_dev":{"confidence_interval":{"confidence_level":0.95,"lower_bound":134164173.67030978,"upper_bound":2619476899.140689},"point_estimate":2451257247.6606846,"standard_error":800737130.4228234},"slope":null,"std_dev":{"confidence_interval":{"confidence_level":0.95,"lower_bound":1250285455.5059204,"upper_bound":2002214443.795622},"point_estimate":1776438604.400551,"standard_error":194088186.1319419}}