{"mean":{"confidence_interval":{"confidence_level":0.95,"lower_bound":1352769908.1,"upper_bound":1353407356.49},"point_estimate":1353084101.2,"standard_error":164600.64066963576},"median":{"confidence_interval":{"confidence_level":0.95,"lower_bound":1352586597.5,"upper_bound":1353491209.0},"point_estimate":1353126855.5,"standard_error":244653.79279324098},"median_abs_dev":{"confidence_interval":{"confidence_level":0.95,"lower_bound":48094.80184614658,"upper_bound":952056.7621976137},"point_estimate":706921.4586496353,"standard_error":233736.8560541413},"slope":null,"std_dev":{"confidence_interval":{"confidence_level":0.95,"lower_bound":319252.06822087395,"upper_bound":663966.1632727395},"point_estimate":543915.4749016718,"standard_error":88767.51800076697}}