{"mean":{"confidence_interval":{"confidence_level":0.95,"lower_bound":0.003384193458859902,"upper_bound":0.004640453905682262},"point_estimate":0.004004327107535399,"standard_error":0.0003209719532584431},"median":{"confidence_interval":{"confidence_level":0.95,"lower_bound":0.0027385759998079795,"upper_bound":0.004884546033805615},"point_estimate":0.0043453129272248425,"standard_error":0.0006205464392031099}}