{"mean":{"confidence_interval":{"confidence_level":0.95,"lower_bound":728261303.92,"upper_bound":731745140.07},"point_estimate":729988218.0,"standard_error":891794.0889107925},"median":{"confidence_interval":{"confidence_level":0.95,"lower_bound":727554702.0,"upper_bound":732229323.5},"point_estimate":730197970.5,"standard_error":1320721.4975689973},"median_abs_dev":{"confidence_interval":{"confidence_level":0.95,"lower_bound":119529.43377792835,"upper_bound":5300174.0740031},"point_estimate":3820455.533373356,"standard_error":1303160.53213322},"slope":null,"std_dev":{"confidence_interval":{"confidence_level":0.95,"lower_bound":1704274.6454110423,"upper_bound":3820148.4686720823},"point_estimate":3012876.33133161,"standard_error":556070.7840818561}}