{"mean":{"confidence_interval":{"confidence_level":0.95,"lower_bound":-0.0013653151867417668,"upper_bound":0.0007929118572402746},"point_estimate":-0.0003945686533515236,"standard_error":0.0005543731059569715},"median":{"confidence_interval":{"confidence_level":0.95,"lower_bound":-0.0015053646110758656,"upper_bound":0.0008829203380162909},"point_estimate":-0.0007629092204920473,"standard_error":0.0005412723602028348}}