{"mean":{"confidence_interval":{"confidence_level":0.95,"lower_bound":435141572.45,"upper_bound":435962777.77374995},"point_estimate":435557403.15,"standard_error":210699.11704474085},"median":{"confidence_interval":{"confidence_level":0.95,"lower_bound":434966163.5,"upper_bound":436106992.0},"point_estimate":435540863.75,"standard_error":271391.6629334366},"median_abs_dev":{"confidence_interval":{"confidence_level":0.95,"lower_bound":116290.32348543406,"upper_bound":1277089.0076771379},"point_estimate":659996.7988327146,"standard_error":295463.51865235606},"slope":null,"std_dev":{"confidence_interval":{"confidence_level":0.95,"lower_bound":402880.8652978122,"upper_bound":869346.3272199534},"point_estimate":697758.6718659353,"standard_error":120258.90677160538}}