{"mean":{"confidence_interval":{"confidence_level":0.95,"lower_bound":-0.0030279071736976104,"upper_bound":0.0004954577776581868},"point_estimate":-0.001008673226734813,"standard_error":0.0009176905741469246},"median":{"confidence_interval":{"confidence_level":0.95,"lower_bound":-0.0021453147873291556,"upper_bound":0.0009227203944282003},"point_estimate":0.0001288789289681791,"standard_error":0.0006687769335731176}}