{"mean":{"confidence_interval":{"confidence_level":0.95,"lower_bound":-0.00587253459486913,"upper_bound":0.00454381237814646},"point_estimate":-0.0006604000347530947,"standard_error":0.0026590685593263896},"median":{"confidence_interval":{"confidence_level":0.95,"lower_bound":-0.009367572051966033,"upper_bound":0.0062631178190415415},"point_estimate":0.00007502034556261528,"standard_error":0.004601305588500562}}