{"mean":{"confidence_interval":{"confidence_level":0.95,"lower_bound":1071887741.0875,"upper_bound":1074119736.5},"point_estimate":1072858344.8,"standard_error":580854.2397238185},"median":{"confidence_interval":{"confidence_level":0.95,"lower_bound":1071595503.0,"upper_bound":1073842528.5},"point_estimate":1072183401.5,"standard_error":513896.12001583836},"median_abs_dev":{"confidence_interval":{"confidence_level":0.95,"lower_bound":105908.04651975632,"upper_bound":2129255.225998163},"point_estimate":903583.1560581923,"standard_error":575214.1395357165},"slope":null,"std_dev":{"confidence_interval":{"confidence_level":0.95,"lower_bound":463247.4000117,"upper_bound":2710055.178286097},"point_estimate":1937394.5830937084,"standard_error":626731.9919332251}}