{"mean":{"confidence_interval":{"confidence_level":0.95,"lower_bound":-0.004816525590765417,"upper_bound":0.0038938266661292173},"point_estimate":-0.0004148543639693747,"standard_error":0.0022254611017021174},"median":{"confidence_interval":{"confidence_level":0.95,"lower_bound":-0.006770369777737817,"upper_bound":0.004715821192411873},"point_estimate":0.0007341669856852917,"standard_error":0.0029350714245961244}}