{"mean":{"confidence_interval":{"confidence_level":0.95,"lower_bound":-0.00846747553189691,"upper_bound":-0.0007688644159669171},"point_estimate":-0.0045287488547905985,"standard_error":0.001969472054187828},"median":{"confidence_interval":{"confidence_level":0.95,"lower_bound":-0.00943011165537977,"upper_bound":0.0008362457861585959},"point_estimate":-0.004324028300510485,"standard_error":0.002647195184169247}}