{"mean":{"confidence_interval":{"confidence_level":0.95,"lower_bound":-0.006796538264058531,"upper_bound":0.010359118008960215},"point_estimate":0.0010600429087750385,"standard_error":0.004443946530986029},"median":{"confidence_interval":{"confidence_level":0.95,"lower_bound":-0.012122817419688903,"upper_bound":0.015095370385265872},"point_estimate":-0.004621714100774388,"standard_error":0.007747205490117667}}