{"mean":{"confidence_interval":{"confidence_level":0.95,"lower_bound":1071163501.4,"upper_bound":1071859439.6},"point_estimate":1071502668.8,"standard_error":177671.56173824213},"median":{"confidence_interval":{"confidence_level":0.95,"lower_bound":1071092277.0,"upper_bound":1071995935.0},"point_estimate":1071373642.0,"standard_error":260066.9669808182},"median_abs_dev":{"confidence_interval":{"confidence_level":0.95,"lower_bound":101473.58999848366,"upper_bound":1001147.8712260723},"point_estimate":496908.9484781027,"standard_error":236105.57123031619},"slope":null,"std_dev":{"confidence_interval":{"confidence_level":0.95,"lower_bound":323715.71023128874,"upper_bound":755407.2873164419},"point_estimate":592965.4473356399,"standard_error":111986.15720552292}}