{"mean":{"confidence_interval":{"confidence_level":0.95,"lower_bound":1117218445.8725,"upper_bound":1120471111.9},"point_estimate":1118745901.9,"standard_error":834569.4904488061},"median":{"confidence_interval":{"confidence_level":0.95,"lower_bound":1116508851.5,"upper_bound":1121343204.0},"point_estimate":1117474553.5,"standard_error":1347474.5157124766},"median_abs_dev":{"confidence_interval":{"confidence_level":0.95,"lower_bound":188881.75404667854,"upper_bound":4486273.390352726},"point_estimate":1960129.8579007387,"standard_error":1226633.9750886075},"slope":null,"std_dev":{"confidence_interval":{"confidence_level":0.95,"lower_bound":1415158.758296976,"upper_bound":3493537.20376619},"point_estimate":2792956.8873249907,"standard_error":539410.2150388851}}