{"mean":{"confidence_interval":{"confidence_level":0.95,"lower_bound":1107648456.3,"upper_bound":1117616611.7},"point_estimate":1112406454.4,"standard_error":2560246.495663601},"median":{"confidence_interval":{"confidence_level":0.95,"lower_bound":1105518220.0,"upper_bound":1119151702.0},"point_estimate":1110247640.5,"standard_error":3972812.486217253},"median_abs_dev":{"confidence_interval":{"confidence_level":0.95,"lower_bound":1142090.4964238405,"upper_bound":14600237.567093968},"point_estimate":7871164.031758904,"standard_error":3328652.3767076884},"slope":null,"std_dev":{"confidence_interval":{"confidence_level":0.95,"lower_bound":4703500.674500922,"upper_bound":10763311.830241097},"point_estimate":8541110.851354422,"standard_error":1586282.7164600894}}