{"mean":{"confidence_interval":{"confidence_level":0.95,"lower_bound":0.003676982297400605,"upper_bound":0.004212282151405533},"point_estimate":0.0039831788918085476,"standard_error":0.00013887875807020846},"median":{"confidence_interval":{"confidence_level":0.95,"lower_bound":0.003874234864034376,"upper_bound":0.004264464890004094},"point_estimate":0.003997882993882262,"standard_error":0.00011021424127122042}}