{"mean":{"confidence_interval":{"confidence_level":0.95,"lower_bound":-0.003997881133842998,"upper_bound":-0.003397376090799445},"point_estimate":-0.0037412493503035105,"standard_error":0.0001592694877462841},"median":{"confidence_interval":{"confidence_level":0.95,"lower_bound":-0.0040871274408429414,"upper_bound":-0.0035772944424200537},"point_estimate":-0.0037516159226170798,"standard_error":0.0001527135943714201}}