{"mean":{"confidence_interval":{"confidence_level":0.95,"lower_bound":292392999.3,"upper_bound":293666211.85},"point_estimate":293037770.8,"standard_error":325608.7164167982},"median":{"confidence_interval":{"confidence_level":0.95,"lower_bound":292042070.25,"upper_bound":294080703.0},"point_estimate":293030837.5,"standard_error":457600.0659296032},"median_abs_dev":{"confidence_interval":{"confidence_level":0.95,"lower_bound":163927.00193971395,"upper_bound":1966816.3837820292},"point_estimate":1126313.7794539332,"standard_error":478954.89778603276},"slope":null,"std_dev":{"confidence_interval":{"confidence_level":0.95,"lower_bound":622562.2170921502,"upper_bound":1342419.2269000341},"point_estimate":1090522.1749772292,"standard_error":184590.47805434125}}