{"mean":{"confidence_interval":{"confidence_level":0.95,"lower_bound":0.0007259419181933181,"upper_bound":0.0015297748588164737},"point_estimate":0.0011031880774450276,"standard_error":0.00020431059204687854},"median":{"confidence_interval":{"confidence_level":0.95,"lower_bound":0.0006842940006828169,"upper_bound":0.0017020136802734505},"point_estimate":0.0009973950777117935,"standard_error":0.00024005958556525496}}