{"mean":{"confidence_interval":{"confidence_level":0.95,"lower_bound":1015962481.0699999,"upper_bound":1016691853.9},"point_estimate":1016333356.2,"standard_error":188464.07279687366},"median":{"confidence_interval":{"confidence_level":0.95,"lower_bound":1015828096.0,"upper_bound":1017053243.0},"point_estimate":1016248558.5,"standard_error":313910.3625439927},"median_abs_dev":{"confidence_interval":{"confidence_level":0.95,"lower_bound":56236.499601602554,"upper_bound":1083198.6602693796},"point_estimate":676643.0606871843,"standard_error":263779.7328383461},"slope":null,"std_dev":{"confidence_interval":{"confidence_level":0.95,"lower_bound":389433.2596682289,"upper_bound":761652.7807825413},"point_estimate":626433.2195904045,"standard_error":96270.61675970441}}