{"mean":{"confidence_interval":{"confidence_level":0.95,"lower_bound":0.001181669397279367,"upper_bound":0.0030988330508899316},"point_estimate":0.0021446909247604395,"standard_error":0.0004914040109490544},"median":{"confidence_interval":{"confidence_level":0.95,"lower_bound":0.00046636284156909014,"upper_bound":0.0034806568086565015},"point_estimate":0.0025794335413016345,"standard_error":0.0007814158116384723}}