{"mean":{"confidence_interval":{"confidence_level":0.95,"lower_bound":37453645461.347496,"upper_bound":37572668107.45},"point_estimate":37512229829.7,"standard_error":30671888.746820133},"median":{"confidence_interval":{"confidence_level":0.95,"lower_bound":37441281657.5,"upper_bound":37611627446.0},"point_estimate":37492571987.0,"standard_error":40450249.672302134},"median_abs_dev":{"confidence_interval":{"confidence_level":0.95,"lower_bound":10504142.235714197,"upper_bound":182785862.63640225},"point_estimate":104446125.8505106,"standard_error":42900397.29062494},"slope":null,"std_dev":{"confidence_interval":{"confidence_level":0.95,"lower_bound":57498565.80464918,"upper_bound":128928526.09667554},"point_estimate":102319295.7558025,"standard_error":18084062.979695454}}