{"mean":{"confidence_interval":{"confidence_level":0.95,"lower_bound":14231923764.2,"upper_bound":14278641398.94},"point_estimate":14255218511.2,"standard_error":11937307.937824456},"median":{"confidence_interval":{"confidence_level":0.95,"lower_bound":14220757135.0,"upper_bound":14285263841.5},"point_estimate":14257498226.0,"standard_error":17590543.138877004},"median_abs_dev":{"confidence_interval":{"confidence_level":0.95,"lower_bound":11902792.951083183,"upper_bound":67838728.76652181},"point_estimate":45887575.94623268,"standard_error":14295106.427587042},"slope":null,"std_dev":{"confidence_interval":{"confidence_level":0.95,"lower_bound":23118892.006323483,"upper_bound":50326075.36376422},"point_estimate":39679011.638740644,"standard_error":7032150.102128581}}