{"mean":{"confidence_interval":{"confidence_level":0.95,"lower_bound":14325307591.6,"upper_bound":14357613829.4},"point_estimate":14342489203.2,"standard_error":8283278.5843352955},"median":{"confidence_interval":{"confidence_level":0.95,"lower_bound":14323622760.0,"upper_bound":14364496728.5},"point_estimate":14346206796.5,"standard_error":9095195.570089588},"median_abs_dev":{"confidence_interval":{"confidence_level":0.95,"lower_bound":4509235.89874506,"upper_bound":46803409.08457339},"point_estimate":19968318.426391482,"standard_error":10382980.771417482},"slope":null,"std_dev":{"confidence_interval":{"confidence_level":0.95,"lower_bound":12265005.344667153,"upper_bound":35768607.88786578},"point_estimate":27599495.06271152,"standard_error":6100311.922030564}}