{"mean":{"confidence_interval":{"confidence_level":0.95,"lower_bound":1032217493.5,"upper_bound":1041240470.0400001},"point_estimate":1036606865.6,"standard_error":2309005.0524250297},"median":{"confidence_interval":{"confidence_level":0.95,"lower_bound":1030213836.5,"upper_bound":1042502130.0},"point_estimate":1035927894.5,"standard_error":3482382.9159455122},"median_abs_dev":{"confidence_interval":{"confidence_level":0.95,"lower_bound":2378059.2231810093,"upper_bound":13047956.135952473},"point_estimate":8378097.579959035,"standard_error":2858058.2266669995},"slope":null,"std_dev":{"confidence_interval":{"confidence_level":0.95,"lower_bound":4366503.5399015,"upper_bound":9498911.185424305},"point_estimate":7710811.856706172,"standard_error":1308914.0357954225}}