{"mean":{"confidence_interval":{"confidence_level":0.95,"lower_bound":1127746450.1,"upper_bound":1151146402.7},"point_estimate":1138094911.3,"standard_error":6050622.22769734},"median":{"confidence_interval":{"confidence_level":0.95,"lower_bound":1123837579.0,"upper_bound":1147025986.5},"point_estimate":1129595306.5,"standard_error":6381505.442593125},"median_abs_dev":{"confidence_interval":{"confidence_level":0.95,"lower_bound":1756326.476418972,"upper_bound":27599052.185618877},"point_estimate":14008979.662790895,"standard_error":6833538.29943585},"slope":null,"std_dev":{"confidence_interval":{"confidence_level":0.95,"lower_bound":7306436.94807549,"upper_bound":28381934.400777005},"point_estimate":20197138.36317156,"standard_error":6130964.802673497}}