{"mean":{"confidence_interval":{"confidence_level":0.95,"lower_bound":156414757.8,"upper_bound":158463519.5333333},"point_estimate":157416139.13333333,"standard_error":526214.4691176116},"median":{"confidence_interval":{"confidence_level":0.95,"lower_bound":156035325.0,"upper_bound":158677883.66666666},"point_estimate":157313667.5,"standard_error":788215.5744402099},"median_abs_dev":{"confidence_interval":{"confidence_level":0.95,"lower_bound":305997.26796747727,"upper_bound":2924637.988877267},"point_estimate":1958928.704822056,"standard_error":650683.2858886942},"slope":null,"std_dev":{"confidence_interval":{"confidence_level":0.95,"lower_bound":1001785.7747278385,"upper_bound":2192467.713502509},"point_estimate":1754596.4453312794,"standard_error":307576.61227212433}}