{"mean":{"confidence_interval":{"confidence_level":0.95,"lower_bound":-0.00030590449093565727,"upper_bound":0.00035056350034372004},"point_estimate":-0.0000388277880093435,"standard_error":0.00016286929589170215},"median":{"confidence_interval":{"confidence_level":0.95,"lower_bound":-0.00041269191039539077,"upper_bound":0.000125471683818823},"point_estimate":-0.00029714293248706003,"standard_error":0.00015080814814276395}}