{"mean":{"confidence_interval":{"confidence_level":0.95,"lower_bound":-0.0015375430410267978,"upper_bound":0.000026205629946357536},"point_estimate":-0.0006850960821171981,"standard_error":0.0004036127710926123},"median":{"confidence_interval":{"confidence_level":0.95,"lower_bound":-0.0012294039094670195,"upper_bound":0.0003752112212072056},"point_estimate":-0.0004021582709844429,"standard_error":0.0004250579342740876}}