{"mean":{"confidence_interval":{"confidence_level":0.95,"lower_bound":0.002192742755550387,"upper_bound":0.01693857741652701},"point_estimate":0.009741992046276904,"standard_error":0.0038347233541073493},"median":{"confidence_interval":{"confidence_level":0.95,"lower_bound":0.0017207310000000309,"upper_bound":0.022744762310512756},"point_estimate":0.008927729137383045,"standard_error":0.006038175506438071}}