{"mean":{"confidence_interval":{"confidence_level":0.95,"lower_bound":41027181672.2,"upper_bound":41355229043.6},"point_estimate":41186561055.7,"standard_error":83993157.33306967},"median":{"confidence_interval":{"confidence_level":0.95,"lower_bound":40968269867.0,"upper_bound":41451940066.0},"point_estimate":41107723438.5,"standard_error":130353842.16995774},"median_abs_dev":{"confidence_interval":{"confidence_level":0.95,"lower_bound":47037198.79182279,"upper_bound":461401293.6461896},"point_estimate":270029037.0291263,"standard_error":110492126.91479765},"slope":null,"std_dev":{"confidence_interval":{"confidence_level":0.95,"lower_bound":160013474.1061777,"upper_bound":338899174.71160454},"point_estimate":280557793.56379545,"standard_error":44561434.26535893}}