{"mean":{"confidence_interval":{"confidence_level":0.95,"lower_bound":31351524783.3,"upper_bound":31516035745.7875},"point_estimate":31441443982.4,"standard_error":42284027.18776113},"median":{"confidence_interval":{"confidence_level":0.95,"lower_bound":31365065552.0,"upper_bound":31514957609.0},"point_estimate":31486770256.5,"standard_error":37838181.47268997},"median_abs_dev":{"confidence_interval":{"confidence_level":0.95,"lower_bound":6745371.756845713,"upper_bound":209916215.3032422},"point_estimate":45659761.858177185,"standard_error":54274646.21609646},"slope":null,"std_dev":{"confidence_interval":{"confidence_level":0.95,"lower_bound":43515857.10747897,"upper_bound":190425737.57636684},"point_estimate":140983006.54648307,"standard_error":38230088.28267404}}