{"mean":{"confidence_interval":{"confidence_level":0.95,"lower_bound":-0.0007301921024053054,"upper_bound":0.00046963725457676013},"point_estimate":-0.00011727669432481935,"standard_error":0.0003071758454765468},"median":{"confidence_interval":{"confidence_level":0.95,"lower_bound":-0.0009696780917052283,"upper_bound":0.0006448388831525875},"point_estimate":-0.0002008805499393862,"standard_error":0.00041734244019110244}}