{"mean":{"confidence_interval":{"confidence_level":0.95,"lower_bound":-0.005821568793703382,"upper_bound":-0.001633425572116398},"point_estimate":-0.0037735134388833247,"standard_error":0.0010707246570072415},"median":{"confidence_interval":{"confidence_level":0.95,"lower_bound":-0.007136222174833784,"upper_bound":-0.00048828083327345784},"point_estimate":-0.003916615341754914,"standard_error":0.0017334668687570816}}