{"mean":{"confidence_interval":{"confidence_level":0.95,"lower_bound":2698982861.7,"upper_bound":2735312153.9},"point_estimate":2716533963.9,"standard_error":9366539.45849002},"median":{"confidence_interval":{"confidence_level":0.95,"lower_bound":2689413989.0,"upper_bound":2744695199.0},"point_estimate":2706721733.5,"standard_error":17001233.549820036},"median_abs_dev":{"confidence_interval":{"confidence_level":0.95,"lower_bound":4115547.0430344343,"upper_bound":48067921.567323804},"point_estimate":36093001.61012113,"standard_error":11741537.855514528},"slope":null,"std_dev":{"confidence_interval":{"confidence_level":0.95,"lower_bound":18908533.14229246,"upper_bound":37720203.46099429},"point_estimate":31358387.818594866,"standard_error":4765639.049909735}}