{"mean":{"confidence_interval":{"confidence_level":0.95,"lower_bound":1153447817.945,"upper_bound":1156305329.1},"point_estimate":1154805989.9,"standard_error":732663.7514367416},"median":{"confidence_interval":{"confidence_level":0.95,"lower_bound":1152864250.0,"upper_bound":1156344997.0},"point_estimate":1154723026.5,"standard_error":933647.1407850293},"median_abs_dev":{"confidence_interval":{"confidence_level":0.95,"lower_bound":326083.7795108557,"upper_bound":4061177.87809968},"point_estimate":2580277.7052909136,"standard_error":896264.8647812537},"slope":null,"std_dev":{"confidence_interval":{"confidence_level":0.95,"lower_bound":1217257.0616108808,"upper_bound":3204947.558905431},"point_estimate":2426835.911619648,"standard_error":530698.487498425}}