{"mean":{"confidence_interval":{"confidence_level":0.95,"lower_bound":-0.0014234427264342292,"upper_bound":-0.000321577433483747},"point_estimate":-0.0009151946971939218,"standard_error":0.00028193536070980597},"median":{"confidence_interval":{"confidence_level":0.95,"lower_bound":-0.0015913333292550957,"upper_bound":-0.0004726137511601447},"point_estimate":-0.0009723497153755201,"standard_error":0.0002822395616496571}}