{"mean":{"confidence_interval":{"confidence_level":0.95,"lower_bound":436295062.3,"upper_bound":438508005.8},"point_estimate":437132030.25,"standard_error":622649.7752568482},"median":{"confidence_interval":{"confidence_level":0.95,"lower_bound":436205860.5,"upper_bound":437023672.0},"point_estimate":436442213.5,"standard_error":250832.23238839052},"median_abs_dev":{"confidence_interval":{"confidence_level":0.95,"lower_bound":89677.65395790339,"upper_bound":1087532.6706424356},"point_estimate":461020.0215652585,"standard_error":318311.6839636847},"slope":null,"std_dev":{"confidence_interval":{"confidence_level":0.95,"lower_bound":263638.0115443021,"upper_bound":3178109.8414279465},"point_estimate":2074551.903863917,"standard_error":982074.1550071491}}