{"mean":{"confidence_interval":{"confidence_level":0.95,"lower_bound":0.010929048598749214,"upper_bound":0.013900361374386981},"point_estimate":0.012493297581702478,"standard_error":0.0007573817855263164},"median":{"confidence_interval":{"confidence_level":0.95,"lower_bound":0.011199237344979407,"upper_bound":0.014501319439661486},"point_estimate":0.013219284046030566,"standard_error":0.0008366299223106527}}