{"mean":{"confidence_interval":{"confidence_level":0.95,"lower_bound":-0.0030840976568042295,"upper_bound":-0.0005922764985644147},"point_estimate":-0.0018757621078803188,"standard_error":0.0006421221977233736},"median":{"confidence_interval":{"confidence_level":0.95,"lower_bound":-0.0033952047300379595,"upper_bound":-0.001040306553246495},"point_estimate":-0.0024143539918952683,"standard_error":0.0006849636862213915}}