{"mean":{"confidence_interval":{"confidence_level":0.95,"lower_bound":-0.00016970497775570248,"upper_bound":0.00011803516840557238},"point_estimate":-0.000010770030561602084,"standard_error":0.00007457220138425917},"median":{"confidence_interval":{"confidence_level":0.95,"lower_bound":-0.00028938781573728534,"upper_bound":0.0002132524947204839},"point_estimate":0.0001405874475908231,"standard_error":0.00016635119467870048}}