{"mean":{"confidence_interval":{"confidence_level":0.95,"lower_bound":-0.004959042464553967,"upper_bound":-0.000938741985156233},"point_estimate":-0.0026159913875657415,"standard_error":0.0010568043446518678},"median":{"confidence_interval":{"confidence_level":0.95,"lower_bound":-0.0032375496748850985,"upper_bound":-0.0003512863602792571},"point_estimate":-0.0017795726612843676,"standard_error":0.0007570806437963509}}