{"mean":{"confidence_interval":{"confidence_level":0.95,"lower_bound":-0.0009286692029898596,"upper_bound":-0.0002952983952897115},"point_estimate":-0.0006107964266621746,"standard_error":0.00016191069503830496},"median":{"confidence_interval":{"confidence_level":0.95,"lower_bound":-0.0011166921750913605,"upper_bound":-0.00017454140690420505},"point_estimate":-0.0006518862467950193,"standard_error":0.00024164762211180082}}