{"mean":{"confidence_interval":{"confidence_level":0.95,"lower_bound":198146229.83333334,"upper_bound":200533517.56666666},"point_estimate":199462746.46666664,"standard_error":613900.389512361},"median":{"confidence_interval":{"confidence_level":0.95,"lower_bound":198537710.33333334,"upper_bound":201107699.33333334},"point_estimate":199829179.0,"standard_error":671412.4706330129},"median_abs_dev":{"confidence_interval":{"confidence_level":0.95,"lower_bound":507593.3051883953,"upper_bound":2976951.776048497},"point_estimate":1905132.8118771315,"standard_error":616533.7004405704},"slope":null,"std_dev":{"confidence_interval":{"confidence_level":0.95,"lower_bound":863469.5257429647,"upper_bound":2860756.6981324167},"point_estimate":2047805.3593140016,"standard_error":586727.026257206}}