{"mean":{"confidence_interval":{"confidence_level":0.95,"lower_bound":-0.004089940907889228,"upper_bound":-0.0013310961288717645},"point_estimate":-0.0025962181174364884,"standard_error":0.0007138612364958598},"median":{"confidence_interval":{"confidence_level":0.95,"lower_bound":-0.00368872440028456,"upper_bound":-0.0014025159651229746},"point_estimate":-0.0021913622508311636,"standard_error":0.0005029853706416701}}