{"mean":{"confidence_interval":{"confidence_level":0.95,"lower_bound":39446533691.165,"upper_bound":39544578705.3075},"point_estimate":39494118497.9,"standard_error":25221215.06619483},"median":{"confidence_interval":{"confidence_level":0.95,"lower_bound":39421414905.5,"upper_bound":39578815063.0},"point_estimate":39487516507.0,"standard_error":36220763.15487397},"median_abs_dev":{"confidence_interval":{"confidence_level":0.95,"lower_bound":6129796.247774363,"upper_bound":139141884.47393775},"point_estimate":112104515.288347,"standard_error":36329145.003140666},"slope":null,"std_dev":{"confidence_interval":{"confidence_level":0.95,"lower_bound":44506088.04643483,"upper_bound":101519199.3424083},"point_estimate":83815831.45924586,"standard_error":13782015.655190453}}