{"mean":{"confidence_interval":{"confidence_level":0.95,"lower_bound":1459664878.6,"upper_bound":1463095131.895},"point_estimate":1461270594.4,"standard_error":888980.0364711089},"median":{"confidence_interval":{"confidence_level":0.95,"lower_bound":1459005154.0,"upper_bound":1463949592.0},"point_estimate":1459794957.5,"standard_error":1465375.5172336053},"median_abs_dev":{"confidence_interval":{"confidence_level":0.95,"lower_bound":236336.07270419598,"upper_bound":5052357.488402724},"point_estimate":1966980.9523791075,"standard_error":1331568.7295444836},"slope":null,"std_dev":{"confidence_interval":{"confidence_level":0.95,"lower_bound":1560761.5065709436,"upper_bound":3622988.727299482},"point_estimate":2974535.329013712,"standard_error":526361.7100278663}}