{"mean":{"confidence_interval":{"confidence_level":0.95,"lower_bound":1464470330.7875001,"upper_bound":1466303604.055},"point_estimate":1465318678.0,"standard_error":470509.0424058987},"median":{"confidence_interval":{"confidence_level":0.95,"lower_bound":1464061217.0,"upper_bound":1466208887.0},"point_estimate":1465091159.5,"standard_error":559004.8340072453},"median_abs_dev":{"confidence_interval":{"confidence_level":0.95,"lower_bound":381346.2109297514,"upper_bound":2505108.4040254354},"point_estimate":1592067.7427351475,"standard_error":521114.42787768},"slope":null,"std_dev":{"confidence_interval":{"confidence_level":0.95,"lower_bound":728999.2920055093,"upper_bound":2148608.3815582176},"point_estimate":1574221.734252975,"standard_error":402067.698713496}}