{"mean":{"confidence_interval":{"confidence_level":0.95,"lower_bound":227909499.73333335,"upper_bound":228660378.20333335},"point_estimate":228213887.33333334,"standard_error":199586.2444646219},"median":{"confidence_interval":{"confidence_level":0.95,"lower_bound":227823903.66666666,"upper_bound":228299237.5},"point_estimate":228050066.3333333,"standard_error":142583.25488703584},"median_abs_dev":{"confidence_interval":{"confidence_level":0.95,"lower_bound":28601.577392220497,"upper_bound":564104.8270851152},"point_estimate":327478.9060860872,"standard_error":136920.1966832417},"slope":null,"std_dev":{"confidence_interval":{"confidence_level":0.95,"lower_bound":166765.4105203822,"upper_bound":1006544.4951981885},"point_estimate":668756.4410244251,"standard_error":271233.2133037006}}