{"mean":{"confidence_interval":{"confidence_level":0.95,"lower_bound":-0.002810436608231548,"upper_bound":-0.0018573148917487904},"point_estimate":-0.002351286986480128,"standard_error":0.00024293455190952043},"median":{"confidence_interval":{"confidence_level":0.95,"lower_bound":-0.0028277635266524825,"upper_bound":-0.0020634088572363263},"point_estimate":-0.002324613970499989,"standard_error":0.0002086315278241148}}