{"mean":{"confidence_interval":{"confidence_level":0.95,"lower_bound":-0.014647215183221101,"upper_bound":-0.012086074611245334},"point_estimate":-0.013539942006173478,"standard_error":0.0006957032067903538},"median":{"confidence_interval":{"confidence_level":0.95,"lower_bound":-0.014810508241798748,"upper_bound":-0.012739836676197824},"point_estimate":-0.01439192592049321,"standard_error":0.00039271499269238224}}