{"mean":{"confidence_interval":{"confidence_level":0.95,"lower_bound":-0.004679583606949286,"upper_bound":0.0005319514347090545},"point_estimate":-0.0019752222854685364,"standard_error":0.0013338895562067027},"median":{"confidence_interval":{"confidence_level":0.95,"lower_bound":-0.0068398074019206945,"upper_bound":0.0013919942581057665},"point_estimate":-0.0011052086813895245,"standard_error":0.0018820342469380667}}