{"mean":{"confidence_interval":{"confidence_level":0.95,"lower_bound":3562790987.9325,"upper_bound":3570576977.3149996},"point_estimate":3566570368.8,"standard_error":1986999.822026298},"median":{"confidence_interval":{"confidence_level":0.95,"lower_bound":3560890281.0,"upper_bound":3572202022.0},"point_estimate":3565660804.0,"standard_error":2781770.6596373413},"median_abs_dev":{"confidence_interval":{"confidence_level":0.95,"lower_bound":1536231.5451264381,"upper_bound":11237150.782200694},"point_estimate":6505097.1573114395,"standard_error":2619587.4671082576},"slope":null,"std_dev":{"confidence_interval":{"confidence_level":0.95,"lower_bound":3562162.7764622634,"upper_bound":8264707.253310294},"point_estimate":6616798.972124274,"standard_error":1197246.8634142072}}