{"mean":{"confidence_interval":{"confidence_level":0.95,"lower_bound":1061850945.2,"upper_bound":1071284948.5},"point_estimate":1066716198.8,"standard_error":2426204.4602171266},"median":{"confidence_interval":{"confidence_level":0.95,"lower_bound":1058020369.0,"upper_bound":1073334826.0},"point_estimate":1068399347.5,"standard_error":3522057.6520264447},"median_abs_dev":{"confidence_interval":{"confidence_level":0.95,"lower_bound":1883010.9376698732,"upper_bound":13626697.189977765},"point_estimate":7646630.937445164,"standard_error":3223249.087275569},"slope":null,"std_dev":{"confidence_interval":{"confidence_level":0.95,"lower_bound":4250285.582690379,"upper_bound":9864311.613291783},"point_estimate":8112694.053248002,"standard_error":1369218.8140112027}}