{"mean":{"confidence_interval":{"confidence_level":0.95,"lower_bound":-0.0071217354780689825,"upper_bound":-0.00034166665518872594},"point_estimate":-0.0035817078486776177,"standard_error":0.0017355780798477278},"median":{"confidence_interval":{"confidence_level":0.95,"lower_bound":-0.006842979448985376,"upper_bound":0.0012138343352618985},"point_estimate":-0.004386086942900214,"standard_error":0.002218592065863969}}