{"mean":{"confidence_interval":{"confidence_level":0.95,"lower_bound":1382203055.2,"upper_bound":1382268873.4},"point_estimate":1382233775.0,"standard_error":16853.45203947309},"median":{"confidence_interval":{"confidence_level":0.95,"lower_bound":1382188038.5,"upper_bound":1382270844.0},"point_estimate":1382225108.5,"standard_error":19693.38167639554},"median_abs_dev":{"confidence_interval":{"confidence_level":0.95,"lower_bound":12588.015076518059,"upper_bound":91044.24048364162},"point_estimate":40937.550473213196,"standard_error":20585.605481014092},"slope":null,"std_dev":{"confidence_interval":{"confidence_level":0.95,"lower_bound":25937.170833603093,"upper_bound":73500.15319790255},"point_estimate":56075.52742309053,"standard_error":12647.628882497844}}