{"mean":{"confidence_interval":{"confidence_level":0.95,"lower_bound":-0.09563565551362992,"upper_bound":-0.09515630445141676},"point_estimate":-0.09540707412060911,"standard_error":0.00012228594969606666},"median":{"confidence_interval":{"confidence_level":0.95,"lower_bound":-0.09577948957748683,"upper_bound":-0.09516093897841482},"point_estimate":-0.09549237932589516,"standard_error":0.00014696895253008354}}