{"mean":{"confidence_interval":{"confidence_level":0.95,"lower_bound":-0.27126146235115073,"upper_bound":-0.27079785246361543},"point_estimate":-0.2710942700667609,"standard_error":0.00011980345430705087},"median":{"confidence_interval":{"confidence_level":0.95,"lower_bound":-0.27126690985242485,"upper_bound":-0.27107841592304044},"point_estimate":-0.27115500104963974,"standard_error":0.00004271630353140783}}