{"mean":{"confidence_interval":{"confidence_level":0.95,"lower_bound":22676082877.3,"upper_bound":22766710220.2},"point_estimate":22717788020.6,"standard_error":23276892.51899795},"median":{"confidence_interval":{"confidence_level":0.95,"lower_bound":22660047926.5,"upper_bound":22776544401.0},"point_estimate":22680190016.5,"standard_error":35716036.347212866},"median_abs_dev":{"confidence_interval":{"confidence_level":0.95,"lower_bound":1691305.5719733238,"upper_bound":141564627.77772546},"point_estimate":46796542.422795296,"standard_error":35325929.435503505},"slope":null,"std_dev":{"confidence_interval":{"confidence_level":0.95,"lower_bound":37927268.75619571,"upper_bound":101412006.70855542},"point_estimate":77727627.87119669,"standard_error":17305915.56385639}}