{"mean":{"confidence_interval":{"confidence_level":0.95,"lower_bound":1187158026.59,"upper_bound":1195167970.3175},"point_estimate":1191289871.7,"standard_error":2050647.8258378915},"median":{"confidence_interval":{"confidence_level":0.95,"lower_bound":1189308582.0,"upper_bound":1195002861.5},"point_estimate":1191090213.0,"standard_error":1268283.2213588809},"median_abs_dev":{"confidence_interval":{"confidence_level":0.95,"lower_bound":613965.4054999352,"upper_bound":10729439.61031437},"point_estimate":2282529.376477003,"standard_error":2657697.01711845},"slope":null,"std_dev":{"confidence_interval":{"confidence_level":0.95,"lower_bound":1597880.3796449734,"upper_bound":9702073.242434753},"point_estimate":6800252.578225999,"standard_error":1929397.174075695}}