{"mean":{"confidence_interval":{"confidence_level":0.95,"lower_bound":1161644309.3,"upper_bound":1182847823.3},"point_estimate":1171875102.5,"standard_error":5444535.426637916},"median":{"confidence_interval":{"confidence_level":0.95,"lower_bound":1158366626.0,"upper_bound":1183822234.0},"point_estimate":1168490684.0,"standard_error":6075867.977294427},"median_abs_dev":{"confidence_interval":{"confidence_level":0.95,"lower_bound":354139.0188127756,"upper_bound":29277971.376112103},"point_estimate":17268363.027325273,"standard_error":7804359.712723195},"slope":null,"std_dev":{"confidence_interval":{"confidence_level":0.95,"lower_bound":9133071.066766364,"upper_bound":23567521.459743306},"point_estimate":18011832.234328736,"standard_error":3779554.5876737908}}