{"mean":{"confidence_interval":{"confidence_level":0.95,"lower_bound":276930174.3,"upper_bound":277019203.9},"point_estimate":276973518.75,"standard_error":23049.990348097843},"median":{"confidence_interval":{"confidence_level":0.95,"lower_bound":276904349.0,"upper_bound":277047427.0},"point_estimate":276959422.0,"standard_error":40435.56152153502},"median_abs_dev":{"confidence_interval":{"confidence_level":0.95,"lower_bound":14025.39575099945,"upper_bound":125272.28477597237},"point_estimate":104363.17734718323,"standard_error":28261.592251672762},"slope":null,"std_dev":{"confidence_interval":{"confidence_level":0.95,"lower_bound":48716.52125040305,"upper_bound":92252.7079786219},"point_estimate":77061.10574380784,"standard_error":11131.138521576011}}