{"mean":{"confidence_interval":{"confidence_level":0.95,"lower_bound":331958006.7,"upper_bound":332329288.85},"point_estimate":332143535.9,"standard_error":95042.5921790971},"median":{"confidence_interval":{"confidence_level":0.95,"lower_bound":331832727.5,"upper_bound":332472488.0},"point_estimate":332159982.5,"standard_error":226460.83238297046},"median_abs_dev":{"confidence_interval":{"confidence_level":0.95,"lower_bound":3692.4152344465256,"upper_bound":468898.92847537994},"point_estimate":463508.1949710846,"standard_error":149834.99503872942},"slope":null,"std_dev":{"confidence_interval":{"confidence_level":0.95,"lower_bound":221673.23972039594,"upper_bound":340192.7150271362},"point_estimate":315898.4667093562,"standard_error":30660.832538600982}}