{"mean":{"confidence_interval":{"confidence_level":0.95,"lower_bound":442829906.65,"upper_bound":445456790.54375},"point_estimate":443842698.5,"standard_error":722013.3418696345},"median":{"confidence_interval":{"confidence_level":0.95,"lower_bound":442780567.25,"upper_bound":443875687.0},"point_estimate":442917183.5,"standard_error":358752.7825853016},"median_abs_dev":{"confidence_interval":{"confidence_level":0.95,"lower_bound":10413.782215118408,"upper_bound":1550720.6240192056},"point_estimate":259506.51574283838,"standard_error":445308.55413815327},"slope":null,"std_dev":{"confidence_interval":{"confidence_level":0.95,"lower_bound":299344.3963565019,"upper_bound":3664045.5795340193},"point_estimate":2407654.236289939,"standard_error":1095102.733701147}}