{"mean":{"confidence_interval":{"confidence_level":0.95,"lower_bound":444813859.2,"upper_bound":445395033.8275},"point_estimate":445080173.4,"standard_error":149020.10112334185},"median":{"confidence_interval":{"confidence_level":0.95,"lower_bound":444764830.5,"upper_bound":445309722.5},"point_estimate":445001302.5,"standard_error":128868.68401615531},"median_abs_dev":{"confidence_interval":{"confidence_level":0.95,"lower_bound":61096.83296531439,"upper_bound":737426.6944080591},"point_estimate":403928.4324288368,"standard_error":169222.2749432509},"slope":null,"std_dev":{"confidence_interval":{"confidence_level":0.95,"lower_bound":197408.83825047646,"upper_bound":699956.7197056656},"point_estimate":499404.2283248222,"standard_error":141395.72184822184}}