{"mean":{"confidence_interval":{"confidence_level":0.95,"lower_bound":-0.00844588438193227,"upper_bound":0.013239989467062379},"point_estimate":0.002339774242472892,"standard_error":0.005503240262301185},"median":{"confidence_interval":{"confidence_level":0.95,"lower_bound":-0.013410588217026231,"upper_bound":0.01964597878433838},"point_estimate":-0.000954838611755604,"standard_error":0.007977586458401933}}