{"mean":{"confidence_interval":{"confidence_level":0.95,"lower_bound":-0.00007692786753978575,"upper_bound":0.0019419347942030314},"point_estimate":0.000799711500566902,"standard_error":0.0005195430964972603},"median":{"confidence_interval":{"confidence_level":0.95,"lower_bound":-0.00032695343489275164,"upper_bound":0.0020136728496022993},"point_estimate":0.0004352149754984769,"standard_error":0.000498458585731438}}