{"mean":{"confidence_interval":{"confidence_level":0.95,"lower_bound":1938072438.4,"upper_bound":1941963644.8},"point_estimate":1939953688.4,"standard_error":992701.0605798922},"median":{"confidence_interval":{"confidence_level":0.95,"lower_bound":1937138481.5,"upper_bound":1943506821.0},"point_estimate":1938459637.0,"standard_error":1916400.7263788057},"median_abs_dev":{"confidence_interval":{"confidence_level":0.95,"lower_bound":446398.9912748337,"upper_bound":5116937.319356203},"point_estimate":2767865.8908605576,"standard_error":1306246.8553857135},"slope":null,"std_dev":{"confidence_interval":{"confidence_level":0.95,"lower_bound":2045262.4747074207,"upper_bound":3765095.927239134},"point_estimate":3295914.6468041046,"standard_error":445600.6753458792}}