{"mean":{"confidence_interval":{"confidence_level":0.95,"lower_bound":589781372.4,"upper_bound":589967679.23},"point_estimate":589871628.6,"standard_error":47843.68342005561},"median":{"confidence_interval":{"confidence_level":0.95,"lower_bound":589760980.0,"upper_bound":589991766.5},"point_estimate":589837581.5,"standard_error":53979.61077840814},"median_abs_dev":{"confidence_interval":{"confidence_level":0.95,"lower_bound":39300.018802285194,"upper_bound":262446.88214063644},"point_estimate":127067.71334409714,"standard_error":61753.59132663221},"slope":null,"std_dev":{"confidence_interval":{"confidence_level":0.95,"lower_bound":72494.08515778593,"upper_bound":205484.5809757989},"point_estimate":160671.98521432138,"standard_error":33078.11682144773}}