{"mean":{"confidence_interval":{"confidence_level":0.95,"lower_bound":-0.009257483049229156,"upper_bound":-0.0038656491240779316},"point_estimate":-0.0063821460954890386,"standard_error":0.0013765747422127437},"median":{"confidence_interval":{"confidence_level":0.95,"lower_bound":-0.011563200860492562,"upper_bound":-0.0032307048253470416},"point_estimate":-0.004087215708018288,"standard_error":0.0019946408610466426}}