{"mean":{"confidence_interval":{"confidence_level":0.95,"lower_bound":-0.014910616616421995,"upper_bound":-0.005588567593176546},"point_estimate":-0.010347543685561789,"standard_error":0.0023829511891505237},"median":{"confidence_interval":{"confidence_level":0.95,"lower_bound":-0.017033852885411704,"upper_bound":-0.004752323201155373},"point_estimate":-0.011925661126048537,"standard_error":0.003182950224206914}}