{"mean":{"confidence_interval":{"confidence_level":0.95,"lower_bound":435492929.79125005,"upper_bound":435853779.96},"point_estimate":435673701.4,"standard_error":92658.08848009123},"median":{"confidence_interval":{"confidence_level":0.95,"lower_bound":435362362.5,"upper_bound":435901502.0},"point_estimate":435755809.75,"standard_error":165046.6935581276},"median_abs_dev":{"confidence_interval":{"confidence_level":0.95,"lower_bound":51795.37138044834,"upper_bound":535039.9372011423},"point_estimate":373496.2147191167,"standard_error":134097.0723350535},"slope":null,"std_dev":{"confidence_interval":{"confidence_level":0.95,"lower_bound":198712.52980937168,"upper_bound":373440.4641568311},"point_estimate":309526.7171934346,"standard_error":45287.855162668624}}