{"mean":{"confidence_interval":{"confidence_level":0.95,"lower_bound":1746540803.1,"upper_bound":1749345005.4},"point_estimate":1747749798.8,"standard_error":745324.6752261897},"median":{"confidence_interval":{"confidence_level":0.95,"lower_bound":1746307650.5,"upper_bound":1749087738.0},"point_estimate":1746596504.5,"standard_error":703632.4399241034},"median_abs_dev":{"confidence_interval":{"confidence_level":0.95,"lower_bound":110526.34543776512,"upper_bound":3492173.058101535},"point_estimate":492825.126850605,"standard_error":788019.5119511427},"slope":null,"std_dev":{"confidence_interval":{"confidence_level":0.95,"lower_bound":286241.34467925644,"upper_bound":3590653.5357057774},"point_estimate":2480581.0916622295,"standard_error":880057.6381385861}}