{"mean":{"confidence_interval":{"confidence_level":0.95,"lower_bound":1770077871.9375,"upper_bound":1772120403.6},"point_estimate":1770833425.6,"standard_error":584407.4224539669},"median":{"confidence_interval":{"confidence_level":0.95,"lower_bound":1769968021.0,"upper_bound":1770692348.5},"point_estimate":1770217171.0,"standard_error":229345.44027439744},"median_abs_dev":{"confidence_interval":{"confidence_level":0.95,"lower_bound":43339.36243057251,"upper_bound":818902.2346615791},"point_estimate":332715.44919312,"standard_error":256209.37980785003},"slope":null,"std_dev":{"confidence_interval":{"confidence_level":0.95,"lower_bound":195657.81238683008,"upper_bound":2991595.551054253},"point_estimate":1949275.4294140057,"standard_error":967584.8422687476}}