{"mean":{"confidence_interval":{"confidence_level":0.95,"lower_bound":332817375.4,"upper_bound":333090653.3},"point_estimate":332951070.1,"standard_error":69915.71976322266},"median":{"confidence_interval":{"confidence_level":0.95,"lower_bound":332690253.5,"upper_bound":333158035.5},"point_estimate":332941251.75,"standard_error":100855.6383285436},"median_abs_dev":{"confidence_interval":{"confidence_level":0.95,"lower_bound":26270.559583604336,"upper_bound":421013.9145255089},"point_estimate":283703.6592632532,"standard_error":103128.86718649266},"slope":null,"std_dev":{"confidence_interval":{"confidence_level":0.95,"lower_bound":139288.62640929763,"upper_bound":291664.5371022433},"point_estimate":236270.5713799565,"standard_error":39339.670823271605}}