{"mean":{"confidence_interval":{"confidence_level":0.95,"lower_bound":444099793.55,"upper_bound":444887012.58375},"point_estimate":444503854.9,"standard_error":201571.7169267731},"median":{"confidence_interval":{"confidence_level":0.95,"lower_bound":443929513.5,"upper_bound":445053479.25},"point_estimate":444552672.25,"standard_error":257967.8268374695},"median_abs_dev":{"confidence_interval":{"confidence_level":0.95,"lower_bound":116740.66322743893,"upper_bound":1219998.9011406898},"point_estimate":714792.9525598884,"standard_error":285383.14864417264},"slope":null,"std_dev":{"confidence_interval":{"confidence_level":0.95,"lower_bound":372300.27430768916,"upper_bound":829366.1593015785},"point_estimate":669314.2874515429,"standard_error":115498.16742945649}}