{"mean":{"confidence_interval":{"confidence_level":0.95,"lower_bound":1042218760.2,"upper_bound":1054284796.9},"point_estimate":1048055258.4,"standard_error":3093375.9445670038},"median":{"confidence_interval":{"confidence_level":0.95,"lower_bound":1039916451.0,"upper_bound":1059536572.0},"point_estimate":1041762836.0,"standard_error":6252187.750669506},"median_abs_dev":{"confidence_interval":{"confidence_level":0.95,"lower_bound":366275.58219730854,"upper_bound":15239997.98823595},"point_estimate":4418798.78295064,"standard_error":4767571.127593008},"slope":null,"std_dev":{"confidence_interval":{"confidence_level":0.95,"lower_bound":6299665.3183140205,"upper_bound":11822043.447146954},"point_estimate":10367569.603375167,"standard_error":1444720.8507810896}}