{"mean":{"confidence_interval":{"confidence_level":0.95,"lower_bound":1102468625.4,"upper_bound":1103376247.8},"point_estimate":1102924018.1,"standard_error":230467.90343005495},"median":{"confidence_interval":{"confidence_level":0.95,"lower_bound":1102429817.5,"upper_bound":1103459036.0},"point_estimate":1102901907.5,"standard_error":242544.4256199127},"median_abs_dev":{"confidence_interval":{"confidence_level":0.95,"lower_bound":124572.49758839607,"upper_bound":1316786.7339223623},"point_estimate":613310.0963115692,"standard_error":293146.1868379465},"slope":null,"std_dev":{"confidence_interval":{"confidence_level":0.95,"lower_bound":365035.6515244858,"upper_bound":1024645.1473331525},"point_estimate":765928.6643017017,"standard_error":167550.77721245043}}