{"mean":{"confidence_interval":{"confidence_level":0.95,"lower_bound":511596731.2,"upper_bound":511976141.3},"point_estimate":511783387.4,"standard_error":96995.22539516681},"median":{"confidence_interval":{"confidence_level":0.95,"lower_bound":511472835.0,"upper_bound":512138495.0},"point_estimate":511692323.5,"standard_error":194416.76699526407},"median_abs_dev":{"confidence_interval":{"confidence_level":0.95,"lower_bound":46854.606968164444,"upper_bound":493838.4839326143},"point_estimate":392417.52623319626,"standard_error":129615.78279398383},"slope":null,"std_dev":{"confidence_interval":{"confidence_level":0.95,"lower_bound":215248.90842933036,"upper_bound":364374.0755552062},"point_estimate":323291.9247598575,"standard_error":38897.28336441913}}