{"mean":{"confidence_interval":{"confidence_level":0.95,"lower_bound":1203732952.6,"upper_bound":1214569861.575},"point_estimate":1208320367.2,"standard_error":2834920.41197391},"median":{"confidence_interval":{"confidence_level":0.95,"lower_bound":1201479130.0,"upper_bound":1210853777.5},"point_estimate":1206492378.0,"standard_error":2512241.1521757552},"median_abs_dev":{"confidence_interval":{"confidence_level":0.95,"lower_bound":697751.5778124332,"upper_bound":10609341.599446535},"point_estimate":6305873.527148366,"standard_error":2518910.3359043677},"slope":null,"std_dev":{"confidence_interval":{"confidence_level":0.95,"lower_bound":3012642.344526776,"upper_bound":13922528.431645669},"point_estimate":9473079.041923543,"standard_error":3423810.9516810393}}