{"mean":{"confidence_interval":{"confidence_level":0.95,"lower_bound":1179149150.8,"upper_bound":1189204317.3},"point_estimate":1183013903.1,"standard_error":2786972.5907602618},"median":{"confidence_interval":{"confidence_level":0.95,"lower_bound":1178647384.0,"upper_bound":1183147072.5},"point_estimate":1180010931.5,"standard_error":1247642.7415429694},"median_abs_dev":{"confidence_interval":{"confidence_level":0.95,"lower_bound":525914.5343631506,"upper_bound":5707404.256573319},"point_estimate":2513673.3840733767,"standard_error":1510533.3787863513},"slope":null,"std_dev":{"confidence_interval":{"confidence_level":0.95,"lower_bound":1333039.2594343978,"upper_bound":14093624.46060921},"point_estimate":9232463.680935241,"standard_error":4224420.338251439}}