{"mean":{"confidence_interval":{"confidence_level":0.95,"lower_bound":-0.002401453085025498,"upper_bound":0.002366906871543364},"point_estimate":-0.000021402000851100667,"standard_error":0.00121879628046768},"median":{"confidence_interval":{"confidence_level":0.95,"lower_bound":-0.0030605002040052787,"upper_bound":0.003902540218641004},"point_estimate":0.0002454085125347394,"standard_error":0.0017849962567349478}}