{"mean":{"confidence_interval":{"confidence_level":0.95,"lower_bound":-0.005870725408917642,"upper_bound":0.013994140365427572},"point_estimate":0.004322894330894389,"standard_error":0.005141000463579036},"median":{"confidence_interval":{"confidence_level":0.95,"lower_bound":-0.0069627537000140904,"upper_bound":0.014728084638350847},"point_estimate":0.005052255062905964,"standard_error":0.005627892471581357}}