{"mean":{"confidence_interval":{"confidence_level":0.95,"lower_bound":35404779079.55,"upper_bound":35407437975.18},"point_estimate":35406179976.9,"standard_error":679485.1493155452},"median":{"confidence_interval":{"confidence_level":0.95,"lower_bound":35405055883.5,"upper_bound":35407833710.5},"point_estimate":35406061912.0,"standard_error":730742.9311957924},"median_abs_dev":{"confidence_interval":{"confidence_level":0.95,"lower_bound":310994.61827874184,"upper_bound":3723610.6204926968},"point_estimate":2124517.5777822733,"standard_error":835969.1002622833},"slope":null,"std_dev":{"confidence_interval":{"confidence_level":0.95,"lower_bound":1074784.8213635655,"upper_bound":3106239.79512469},"point_estimate":2281805.308768985,"standard_error":551523.7126862167}}