{"mean":{"confidence_interval":{"confidence_level":0.95,"lower_bound":-0.010247641138262301,"upper_bound":0.0007387485105738054},"point_estimate":-0.0031041806062931387,"standard_error":0.0033408095013500224},"median":{"confidence_interval":{"confidence_level":0.95,"lower_bound":-0.0002739729252867473,"upper_bound":0.000829489103206571},"point_estimate":0.0002701592572293965,"standard_error":0.0008417282661074772}}