{"mean":{"confidence_interval":{"confidence_level":0.95,"lower_bound":11982061197.1,"upper_bound":11984293984.2},"point_estimate":11983185219.5,"standard_error":575400.3247616629},"median":{"confidence_interval":{"confidence_level":0.95,"lower_bound":11981461098.0,"upper_bound":11984281230.0},"point_estimate":11983397713.0,"standard_error":740897.322924887},"median_abs_dev":{"confidence_interval":{"confidence_level":0.95,"lower_bound":545077.8803229332,"upper_bound":3476544.971778989},"point_estimate":1842117.1238958836,"standard_error":786442.5120622659},"slope":null,"std_dev":{"confidence_interval":{"confidence_level":0.95,"lower_bound":1132708.0007031527,"upper_bound":2512840.599471478},"point_estimate":1969839.8158560593,"standard_error":353160.06417115295}}