{"mean":{"confidence_interval":{"confidence_level":0.95,"lower_bound":-0.003229057422168754,"upper_bound":0.007331008076471731},"point_estimate":0.002126590985404908,"standard_error":0.002701937875558339},"median":{"confidence_interval":{"confidence_level":0.95,"lower_bound":-0.0017202139432415109,"upper_bound":0.00724080928224069},"point_estimate":0.003209397528882496,"standard_error":0.0026985744175258217}}