{"mean":{"confidence_interval":{"confidence_level":0.95,"lower_bound":3538719674.4,"upper_bound":3543905860.0},"point_estimate":3540768641.5,"standard_error":1439740.2450821118},"median":{"confidence_interval":{"confidence_level":0.95,"lower_bound":3538512413.0,"upper_bound":3541167997.5},"point_estimate":3539020747.5,"standard_error":602195.3648652568},"median_abs_dev":{"confidence_interval":{"confidence_level":0.95,"lower_bound":16566.572105884552,"upper_bound":2847824.7313410044},"point_estimate":536921.3565677404,"standard_error":739337.4653752631},"slope":null,"std_dev":{"confidence_interval":{"confidence_level":0.95,"lower_bound":387951.42894727597,"upper_bound":7294959.114658518},"point_estimate":4823263.823597974,"standard_error":2185381.5634447467}}