{"mean":{"confidence_interval":{"confidence_level":0.95,"lower_bound":8353671729.650001,"upper_bound":8408553283.0175},"point_estimate":8380972989.0,"standard_error":14060064.699674677},"median":{"confidence_interval":{"confidence_level":0.95,"lower_bound":8341517313.0,"upper_bound":8421564374.0},"point_estimate":8381019170.5,"standard_error":20427097.93678383},"median_abs_dev":{"confidence_interval":{"confidence_level":0.95,"lower_bound":13489602.65301168,"upper_bound":82163681.61830306},"point_estimate":54032400.505033135,"standard_error":17645055.634251397},"slope":null,"std_dev":{"confidence_interval":{"confidence_level":0.95,"lower_bound":27569982.767048728,"upper_bound":57405594.79287451},"point_estimate":46867641.389764026,"standard_error":7554087.669286835}}