{"mean":{"confidence_interval":{"confidence_level":0.95,"lower_bound":689188604.8,"upper_bound":693264258.2},"point_estimate":691261034.8,"standard_error":1048000.9672240115},"median":{"confidence_interval":{"confidence_level":0.95,"lower_bound":688006082.5,"upper_bound":694465778.0},"point_estimate":691237575.0,"standard_error":1558535.17600052},"median_abs_dev":{"confidence_interval":{"confidence_level":0.95,"lower_bound":586947.9861795902,"upper_bound":6289624.231436849},"point_estimate":3694452.32681036,"standard_error":1420219.0248248598},"slope":null,"std_dev":{"confidence_interval":{"confidence_level":0.95,"lower_bound":2023343.7085824814,"upper_bound":4227347.332924072},"point_estimate":3462189.032191493,"standard_error":561728.8595540551}}