{"mean":{"confidence_interval":{"confidence_level":0.95,"lower_bound":-0.00047014575172883385,"upper_bound":0.0027451593913495717},"point_estimate":0.001076506455320425,"standard_error":0.0008117968499209863},"median":{"confidence_interval":{"confidence_level":0.95,"lower_bound":-0.00012601365853315283,"upper_bound":0.0021589304415963184},"point_estimate":0.0007402619989265169,"standard_error":0.0005823403055108057}}