{"mean":{"confidence_interval":{"confidence_level":0.95,"lower_bound":-0.000167413359362419,"upper_bound":0.001877149952756818},"point_estimate":0.0007674817119649457,"standard_error":0.0005332534412169753},"median":{"confidence_interval":{"confidence_level":0.95,"lower_bound":-0.0006121989421320473,"upper_bound":0.0010350554319809024},"point_estimate":0.0001410605976399637,"standard_error":0.00045021984924163103}}