{"mean":{"confidence_interval":{"confidence_level":0.95,"lower_bound":-0.00045940634809303875,"upper_bound":0.000208119961537212},"point_estimate":-0.00011633758698803565,"standard_error":0.00016917217826363463},"median":{"confidence_interval":{"confidence_level":0.95,"lower_bound":-0.00047176219081668247,"upper_bound":0.0004373136184905313},"point_estimate":-0.00016381705612322772,"standard_error":0.0002261678855241602}}