{"mean":{"confidence_interval":{"confidence_level":0.95,"lower_bound":2013043112.3,"upper_bound":2027864415.0675},"point_estimate":2019876920.5,"standard_error":3812543.302054618},"median":{"confidence_interval":{"confidence_level":0.95,"lower_bound":2010282695.0,"upper_bound":2037252832.0},"point_estimate":2013552506.5,"standard_error":6391458.460550992},"median_abs_dev":{"confidence_interval":{"confidence_level":0.95,"lower_bound":200613.56763839722,"upper_bound":19755100.535076857},"point_estimate":4934045.269203186,"standard_error":4854602.438588441},"slope":null,"std_dev":{"confidence_interval":{"confidence_level":0.95,"lower_bound":2197437.428501157,"upper_bound":14334767.398697983},"point_estimate":12686822.91320056,"standard_error":2389809.9132059417}}