{"mean":{"confidence_interval":{"confidence_level":0.95,"lower_bound":2340437136.965,"upper_bound":2342376409.7},"point_estimate":2341179470.9,"standard_error":543537.8033600057},"median":{"confidence_interval":{"confidence_level":0.95,"lower_bound":2340393507.0,"upper_bound":2341152893.5},"point_estimate":2340603465.0,"standard_error":233586.75040034062},"median_abs_dev":{"confidence_interval":{"confidence_level":0.95,"lower_bound":115902.99424231052,"upper_bound":990069.8842227459},"point_estimate":482523.28093349934,"standard_error":267201.75455000595},"slope":null,"std_dev":{"confidence_interval":{"confidence_level":0.95,"lower_bound":263711.2427869091,"upper_bound":2778528.4184388546},"point_estimate":1815146.5902887813,"standard_error":856822.4282856715}}