{"mean":{"confidence_interval":{"confidence_level":0.95,"lower_bound":0.00017463661885737711,"upper_bound":0.004189364173147935},"point_estimate":0.0021299539057895167,"standard_error":0.0010585390962578026},"median":{"confidence_interval":{"confidence_level":0.95,"lower_bound":-0.0006301741171891306,"upper_bound":0.004532896145249543},"point_estimate":0.001145053064660173,"standard_error":0.0015736128545984602}}