{"mean":{"confidence_interval":{"confidence_level":0.95,"lower_bound":-0.0070956664706043025,"upper_bound":0.013085238393701354},"point_estimate":0.0033267581300788773,"standard_error":0.005111584379171628},"median":{"confidence_interval":{"confidence_level":0.95,"lower_bound":-0.009989232380798407,"upper_bound":0.01634591542627728},"point_estimate":-0.0025189307377698755,"standard_error":0.007073024187085014}}