{"mean":{"confidence_interval":{"confidence_level":0.95,"lower_bound":35972955861.1,"upper_bound":36356399013.3375},"point_estimate":36163936204.9,"standard_error":98422231.66630624},"median":{"confidence_interval":{"confidence_level":0.95,"lower_bound":35818490642.0,"upper_bound":36427288786.0},"point_estimate":36172655291.0,"standard_error":202554024.44527963},"median_abs_dev":{"confidence_interval":{"confidence_level":0.95,"lower_bound":13082732.000935078,"upper_bound":489844766.577217},"point_estimate":383012046.9167769,"standard_error":138070758.49549627},"slope":null,"std_dev":{"confidence_interval":{"confidence_level":0.95,"lower_bound":221428022.2090151,"upper_bound":383851320.24506915},"point_estimate":327929960.0842685,"standard_error":42200065.86833912}}