{"mean":{"confidence_interval":{"confidence_level":0.95,"lower_bound":15467952289.3,"upper_bound":15468595014.5},"point_estimate":15468263964.3,"standard_error":165071.70285532353},"median":{"confidence_interval":{"confidence_level":0.95,"lower_bound":15467833205.5,"upper_bound":15468722632.5},"point_estimate":15468185969.5,"standard_error":227476.1691177312},"median_abs_dev":{"confidence_interval":{"confidence_level":0.95,"lower_bound":114404.08566892147,"upper_bound":998485.8629733324},"point_estimate":528630.6575149298,"standard_error":213613.7486260238},"slope":null,"std_dev":{"confidence_interval":{"confidence_level":0.95,"lower_bound":305868.764136226,"upper_bound":674056.4919569344},"point_estimate":547759.3851898538,"standard_error":92426.08656746583}}