{"mean":{"confidence_interval":{"confidence_level":0.95,"lower_bound":15488146777.1,"upper_bound":15490018475.7},"point_estimate":15489067550.8,"standard_error":485226.14603682904},"median":{"confidence_interval":{"confidence_level":0.95,"lower_bound":15487922003.5,"upper_bound":15490432364.0},"point_estimate":15488771793.0,"standard_error":820135.0354219631},"median_abs_dev":{"confidence_interval":{"confidence_level":0.95,"lower_bound":305926.3502687216,"upper_bound":2590018.387117982},"point_estimate":1883274.840465188,"standard_error":619374.6401169763},"slope":null,"std_dev":{"confidence_interval":{"confidence_level":0.95,"lower_bound":1024418.6673737615,"upper_bound":1980520.9599242997},"point_estimate":1634222.003674314,"standard_error":247285.4003193133}}