{"mean":{"confidence_interval":{"confidence_level":0.95,"lower_bound":-0.005505011615287916,"upper_bound":0.007553428228366172},"point_estimate":0.000034114814655428205,"standard_error":0.0035009028484244884},"median":{"confidence_interval":{"confidence_level":0.95,"lower_bound":-0.008403779494367658,"upper_bound":0.001388002227549645},"point_estimate":-0.0032430531261906648,"standard_error":0.002540092846522015}}