{"mean":{"confidence_interval":{"confidence_level":0.95,"lower_bound":1802687356.1,"upper_bound":1803046717.9},"point_estimate":1802852614.2,"standard_error":92553.09889681388},"median":{"confidence_interval":{"confidence_level":0.95,"lower_bound":1802657279.0,"upper_bound":1802989430.5},"point_estimate":1802803852.5,"standard_error":106409.14441373959},"median_abs_dev":{"confidence_interval":{"confidence_level":0.95,"lower_bound":26775.014224648476,"upper_bound":447589.83410617895},"point_estimate":253000.49640834332,"standard_error":112459.79929446336},"slope":null,"std_dev":{"confidence_interval":{"confidence_level":0.95,"lower_bound":130856.45721170965,"upper_bound":431149.83774039237},"point_estimate":308631.1994028543,"standard_error":85154.28569346822}}