{"mean":{"confidence_interval":{"confidence_level":0.95,"lower_bound":600501930.5,"upper_bound":602966443.2},"point_estimate":601434185.6,"standard_error":696645.3576018614},"median":{"confidence_interval":{"confidence_level":0.95,"lower_bound":600287724.0,"upper_bound":601364252.0},"point_estimate":600735344.0,"standard_error":318177.6170711751},"median_abs_dev":{"confidence_interval":{"confidence_level":0.95,"lower_bound":87465.98544716835,"upper_bound":1155190.7497912645},"point_estimate":588288.2565557957,"standard_error":361307.9823071224},"slope":null,"std_dev":{"confidence_interval":{"confidence_level":0.95,"lower_bound":297615.26032851636,"upper_bound":3559634.066425245},"point_estimate":2325424.307581316,"standard_error":1112522.4185933922}}