{"mean":{"confidence_interval":{"confidence_level":0.95,"lower_bound":-0.0034022145348438304,"upper_bound":-5.599197257582614e-7},"point_estimate":-0.001708797444141985,"standard_error":0.0008711694833509197},"median":{"confidence_interval":{"confidence_level":0.95,"lower_bound":-0.004500409823363749,"upper_bound":0.0008330145502715158},"point_estimate":-0.0013423119974986797,"standard_error":0.0014106790339869495}}