{"mean":{"confidence_interval":{"confidence_level":0.95,"lower_bound":0.011934115457835747,"upper_bound":0.01420199793816781},"point_estimate":0.013107619870487364,"standard_error":0.0005791406437249382},"median":{"confidence_interval":{"confidence_level":0.95,"lower_bound":0.011814129594800216,"upper_bound":0.014723429182939674},"point_estimate":0.013825643699546308,"standard_error":0.0007595196677311759}}