{"mean":{"confidence_interval":{"confidence_level":0.95,"lower_bound":-0.0026762206769117944,"upper_bound":-0.0007404366925779732},"point_estimate":-0.0017576799356581185,"standard_error":0.0004982721520297952},"median":{"confidence_interval":{"confidence_level":0.95,"lower_bound":-0.0032369868831573223,"upper_bound":-0.00047541271278439545},"point_estimate":-0.00235574857126597,"standard_error":0.0007385859048612047}}