{"mean":{"confidence_interval":{"confidence_level":0.95,"lower_bound":766377254.0,"upper_bound":770462107.8},"point_estimate":767792069.2,"standard_error":1256419.3944046942},"median":{"confidence_interval":{"confidence_level":0.95,"lower_bound":766330726.0,"upper_bound":766849874.5},"point_estimate":766507280.5,"standard_error":444270.6562787712},"median_abs_dev":{"confidence_interval":{"confidence_level":0.95,"lower_bound":68711.0957801342,"upper_bound":661066.8653637171},"point_estimate":267305.3622543812,"standard_error":506028.4608794755},"slope":null,"std_dev":{"confidence_interval":{"confidence_level":0.95,"lower_bound":161641.2390322401,"upper_bound":6310596.7665440235},"point_estimate":4102415.5024028844,"standard_error":2239779.694442644}}