{"mean":{"confidence_interval":{"confidence_level":0.95,"lower_bound":55795641570.2,"upper_bound":55938262710.8},"point_estimate":55866169371.3,"standard_error":36993245.39258774},"median":{"confidence_interval":{"confidence_level":0.95,"lower_bound":55753874187.0,"upper_bound":55981575522.0},"point_estimate":55852657249.0,"standard_error":82268880.26943335},"median_abs_dev":{"confidence_interval":{"confidence_level":0.95,"lower_bound":14306586.403307319,"upper_bound":183030903.0535519},"point_estimate":162210140.79199433,"standard_error":51305000.49527338},"slope":null,"std_dev":{"confidence_interval":{"confidence_level":0.95,"lower_bound":85412354.69967142,"upper_bound":134970095.37972096},"point_estimate":122579360.57466795,"standard_error":12614976.606860518}}