{"mean":{"confidence_interval":{"confidence_level":0.95,"lower_bound":0.007063447180247923,"upper_bound":0.010326535768074388},"point_estimate":0.008758510609911285,"standard_error":0.000834500784195001},"median":{"confidence_interval":{"confidence_level":0.95,"lower_bound":0.007051310717072878,"upper_bound":0.010585294085904584},"point_estimate":0.008640638420392754,"standard_error":0.00088689501883163}}