{"mean":{"confidence_interval":{"confidence_level":0.95,"lower_bound":0.00006709470140368605,"upper_bound":0.0005013981438580506},"point_estimate":0.0002858924205966229,"standard_error":0.00011041833920476939},"median":{"confidence_interval":{"confidence_level":0.95,"lower_bound":-1.7207980556737346e-6,"upper_bound":0.0004525808365027917},"point_estimate":0.0003021175088100403,"standard_error":0.00010550626798398795}}