{"mean":{"confidence_interval":{"confidence_level":0.95,"lower_bound":-0.09476412071144105,"upper_bound":-0.0945071313666936},"point_estimate":-0.09462968493676682,"standard_error":0.00006579630122020486},"median":{"confidence_interval":{"confidence_level":0.95,"lower_bound":-0.09484614238117106,"upper_bound":-0.09442970096625525},"point_estimate":-0.0945789288251474,"standard_error":0.00011302570972306414}}