{"mean":{"confidence_interval":{"confidence_level":0.95,"lower_bound":436225752.55,"upper_bound":436563573.3},"point_estimate":436393833.9,"standard_error":86245.55241315425},"median":{"confidence_interval":{"confidence_level":0.95,"lower_bound":436158664.25,"upper_bound":436620087.0},"point_estimate":436381593.5,"standard_error":121070.93276543368},"median_abs_dev":{"confidence_interval":{"confidence_level":0.95,"lower_bound":92309.6395611763,"upper_bound":473030.9346020222},"point_estimate":278911.5254983306,"standard_error":102489.200244362},"slope":null,"std_dev":{"confidence_interval":{"confidence_level":0.95,"lower_bound":164695.92002384312,"upper_bound":364218.5265333528},"point_estimate":287392.45813992945,"standard_error":50997.08073071867}}