{"mean":{"confidence_interval":{"confidence_level":0.95,"lower_bound":438340746.5,"upper_bound":438695503.25},"point_estimate":438523693.45,"standard_error":90936.48807946952},"median":{"confidence_interval":{"confidence_level":0.95,"lower_bound":438200935.5,"upper_bound":438786505.0},"point_estimate":438648412.5,"standard_error":176258.56617927863},"median_abs_dev":{"confidence_interval":{"confidence_level":0.95,"lower_bound":47261.58066093922,"upper_bound":472897.1299543977},"point_estimate":263354.9746245146,"standard_error":126380.70356161143},"slope":null,"std_dev":{"confidence_interval":{"confidence_level":0.95,"lower_bound":189565.82639056045,"upper_bound":345328.30157704354},"point_estimate":302617.1832083721,"standard_error":40630.00390936881}}