{"mean":{"confidence_interval":{"confidence_level":0.95,"lower_bound":157253744.3,"upper_bound":159513408.6},"point_estimate":158275445.43333334,"standard_error":583970.4417937881},"median":{"confidence_interval":{"confidence_level":0.95,"lower_bound":156674694.33333334,"upper_bound":159411186.66666666},"point_estimate":157640619.0,"standard_error":678581.8159734556},"median_abs_dev":{"confidence_interval":{"confidence_level":0.95,"lower_bound":203949.91177918,"upper_bound":2971122.934252002},"point_estimate":1561413.505679369,"standard_error":676728.7193145985},"slope":null,"std_dev":{"confidence_interval":{"confidence_level":0.95,"lower_bound":823920.5418835676,"upper_bound":2708523.3878706135},"point_estimate":1966177.187599492,"standard_error":541875.3433350506}}