{"mean":{"confidence_interval":{"confidence_level":0.95,"lower_bound":-0.0031327956871337955,"upper_bound":0.0022438745619390503},"point_estimate":-0.00036614476557250697,"standard_error":0.0013667136679206152},"median":{"confidence_interval":{"confidence_level":0.95,"lower_bound":-0.0024747795031059283,"upper_bound":0.002371844304890791},"point_estimate":0.00025898519385925134,"standard_error":0.001195419250016017}}