{"mean":{"confidence_interval":{"confidence_level":0.95,"lower_bound":0.008764225805191483,"upper_bound":0.012082613801255181},"point_estimate":0.010249465182511353,"standard_error":0.0008505903612725634},"median":{"confidence_interval":{"confidence_level":0.95,"lower_bound":0.00842226262904644,"upper_bound":0.011778138505960545},"point_estimate":0.009337834601187867,"standard_error":0.0007061354886009175}}