{"mean":{"confidence_interval":{"confidence_level":0.95,"lower_bound":-0.0036121713809489334,"upper_bound":-0.0005711920018643763},"point_estimate":-0.0019333871394506819,"standard_error":0.000782193990095504},"median":{"confidence_interval":{"confidence_level":0.95,"lower_bound":-0.0024713371069556844,"upper_bound":-0.0007520340436476536},"point_estimate":-0.0014594841417396864,"standard_error":0.0004208387682796485}}