{"mean":{"confidence_interval":{"confidence_level":0.95,"lower_bound":-0.0024463023342466386,"upper_bound":-0.0015681301126744818},"point_estimate":-0.002030385035751925,"standard_error":0.00022494988423386305},"median":{"confidence_interval":{"confidence_level":0.95,"lower_bound":-0.0026878019332691183,"upper_bound":-0.0014804341750364047},"point_estimate":-0.002097002477860044,"standard_error":0.0003662179250718848}}