{"mean":{"confidence_interval":{"confidence_level":0.95,"lower_bound":56173823363.7,"upper_bound":56327348383.0},"point_estimate":56253835194.9,"standard_error":39035817.70536552},"median":{"confidence_interval":{"confidence_level":0.95,"lower_bound":56204849505.0,"upper_bound":56326045583.5},"point_estimate":56251891989.5,"standard_error":31249774.403789543},"median_abs_dev":{"confidence_interval":{"confidence_level":0.95,"lower_bound":20714095.1238513,"upper_bound":205649306.66369498},"point_estimate":71353561.14132106,"standard_error":44529420.308319904},"slope":null,"std_dev":{"confidence_interval":{"confidence_level":0.95,"lower_bound":44181340.96772835,"upper_bound":184651436.4163373},"point_estimate":130458459.07080089,"standard_error":36351726.51940151}}