{"mean":{"confidence_interval":{"confidence_level":0.95,"lower_bound":4933875554.0,"upper_bound":4960218946.6},"point_estimate":4947192155.7,"standard_error":6709073.920495189},"median":{"confidence_interval":{"confidence_level":0.95,"lower_bound":4931802844.0,"upper_bound":4964891132.0},"point_estimate":4948896903.0,"standard_error":9864078.651496088},"median_abs_dev":{"confidence_interval":{"confidence_level":0.95,"lower_bound":1814089.3126934767,"upper_bound":37382807.2484225},"point_estimate":24052592.246881127,"standard_error":9108128.550213953},"slope":null,"std_dev":{"confidence_interval":{"confidence_level":0.95,"lower_bound":12300469.764055874,"upper_bound":29003665.415852524},"point_estimate":22383161.94094696,"standard_error":4375378.312452403}}