{"mean":{"confidence_interval":{"confidence_level":0.95,"lower_bound":-0.008258971146224899,"upper_bound":-0.0024057571366776476},"point_estimate":-0.005033187870276845,"standard_error":0.001497486953442581},"median":{"confidence_interval":{"confidence_level":0.95,"lower_bound":-0.007968655379563705,"upper_bound":-0.0022816987023638324},"point_estimate":-0.003394100665942701,"standard_error":0.0016382492570991476}}