{"mean":{"confidence_interval":{"confidence_level":0.95,"lower_bound":1547965361.3225,"upper_bound":1549370557.7},"point_estimate":1548579546.5,"standard_error":359647.8488561151},"median":{"confidence_interval":{"confidence_level":0.95,"lower_bound":1547870618.5,"upper_bound":1549351386.5},"point_estimate":1548099616.0,"standard_error":321902.2160501409},"median_abs_dev":{"confidence_interval":{"confidence_level":0.95,"lower_bound":32722.464019060135,"upper_bound":1649415.4510170221},"point_estimate":351009.2502683401,"standard_error":343433.61864268855},"slope":null,"std_dev":{"confidence_interval":{"confidence_level":0.95,"lower_bound":223203.38510478134,"upper_bound":1548911.6406127186},"point_estimate":1197982.2111318172,"standard_error":353329.21065497125}}