{"mean":{"confidence_interval":{"confidence_level":0.95,"lower_bound":15365117044.725,"upper_bound":15366081552.7},"point_estimate":15365603013.5,"standard_error":245422.80623647722},"median":{"confidence_interval":{"confidence_level":0.95,"lower_bound":15364605397.0,"upper_bound":15366183828.0},"point_estimate":15365784137.0,"standard_error":363394.6449157523},"median_abs_dev":{"confidence_interval":{"confidence_level":0.95,"lower_bound":158517.3652857542,"upper_bound":1543076.7092049122},"point_estimate":697423.1819182634,"standard_error":362467.202297011},"slope":null,"std_dev":{"confidence_interval":{"confidence_level":0.95,"lower_bound":456677.15638297965,"upper_bound":1002605.1787873873},"point_estimate":820734.4353856693,"standard_error":135089.08979779243}}