{"mean":{"confidence_interval":{"confidence_level":0.95,"lower_bound":15315012099.4,"upper_bound":15316090899.1},"point_estimate":15315504323.5,"standard_error":278693.6568011989},"median":{"confidence_interval":{"confidence_level":0.95,"lower_bound":15314724088.0,"upper_bound":15315899613.5},"point_estimate":15315428760.5,"standard_error":325881.8008340604},"median_abs_dev":{"confidence_interval":{"confidence_level":0.95,"lower_bound":113693.92028152943,"upper_bound":1438624.5758593082},"point_estimate":872592.3688083887,"standard_error":320245.69806114264},"slope":null,"std_dev":{"confidence_interval":{"confidence_level":0.95,"lower_bound":421332.86923977605,"upper_bound":1299000.744110402},"point_estimate":945199.9416575251,"standard_error":263469.22918672557}}