{"mean":{"confidence_interval":{"confidence_level":0.95,"lower_bound":437576039.95,"upper_bound":437879700.15},"point_estimate":437725959.1,"standard_error":78530.25002179573},"median":{"confidence_interval":{"confidence_level":0.95,"lower_bound":437480807.5,"upper_bound":437971998.5},"point_estimate":437733579.0,"standard_error":132990.92174273456},"median_abs_dev":{"confidence_interval":{"confidence_level":0.95,"lower_bound":63359.651175141335,"upper_bound":439732.1098431945},"point_estimate":364119.8818355799,"standard_error":102189.22956321744},"slope":null,"std_dev":{"confidence_interval":{"confidence_level":0.95,"lower_bound":162481.1840048376,"upper_bound":309097.80619930266},"point_estimate":261184.4566257299,"standard_error":37048.58149377933}}