{"mean":{"confidence_interval":{"confidence_level":0.95,"lower_bound":-0.0032823969953844232,"upper_bound":0.0035114090543169768},"point_estimate":0.00014742055794858544,"standard_error":0.0017326058243541443},"median":{"confidence_interval":{"confidence_level":0.95,"lower_bound":-0.005205189888896844,"upper_bound":0.0036758606279749806},"point_estimate":0.0013827255032849983,"standard_error":0.0024722657133411357}}