{"mean":{"confidence_interval":{"confidence_level":0.95,"lower_bound":8152224878.555,"upper_bound":8240286875.7},"point_estimate":8194644933.9,"standard_error":22425263.497706782},"median":{"confidence_interval":{"confidence_level":0.95,"lower_bound":8121635325.0,"upper_bound":8255791216.5},"point_estimate":8191676954.5,"standard_error":32467712.10253361},"median_abs_dev":{"confidence_interval":{"confidence_level":0.95,"lower_bound":7466441.667044163,"upper_bound":133092318.38243902},"point_estimate":76403961.59775853,"standard_error":32721636.92775697},"slope":null,"std_dev":{"confidence_interval":{"confidence_level":0.95,"lower_bound":41255708.689936325,"upper_bound":93267260.87071426},"point_estimate":74929620.00336494,"standard_error":13522959.458377827}}