{"mean":{"confidence_interval":{"confidence_level":0.95,"lower_bound":8126450878.622499,"upper_bound":8246675717.5025},"point_estimate":8182316310.2,"standard_error":30798432.73572169},"median":{"confidence_interval":{"confidence_level":0.95,"lower_bound":8100301026.0,"upper_bound":8234198221.5},"point_estimate":8172792077.0,"standard_error":33501141.20123114},"median_abs_dev":{"confidence_interval":{"confidence_level":0.95,"lower_bound":20131581.59419298,"upper_bound":160447622.2367853},"point_estimate":95092616.11096859,"standard_error":36044503.8062057},"slope":null,"std_dev":{"confidence_interval":{"confidence_level":0.95,"lower_bound":47507842.653961465,"upper_bound":137933519.29962054},"point_estimate":102404637.4885272,"standard_error":25079969.85087906}}