{"mean":{"confidence_interval":{"confidence_level":0.95,"lower_bound":513328741.135,"upper_bound":513729617.1},"point_estimate":513512182.3,"standard_error":102982.61858413118},"median":{"confidence_interval":{"confidence_level":0.95,"lower_bound":513291229.0,"upper_bound":513763256.0},"point_estimate":513381916.0,"standard_error":122798.62446831126},"median_abs_dev":{"confidence_interval":{"confidence_level":0.95,"lower_bound":19809.018248319626,"upper_bound":565374.6739625931},"point_estimate":135730.54499030113,"standard_error":137620.37803192888},"slope":null,"std_dev":{"confidence_interval":{"confidence_level":0.95,"lower_bound":100065.8648083018,"upper_bound":443671.8021731826},"point_estimate":342231.2784831821,"standard_error":82459.872350034}}