{"mean":{"confidence_interval":{"confidence_level":0.95,"lower_bound":1397607323.1,"upper_bound":1397990666.7775},"point_estimate":1397792237.3,"standard_error":98468.7231952001},"median":{"confidence_interval":{"confidence_level":0.95,"lower_bound":1397501349.0,"upper_bound":1398023612.0},"point_estimate":1397721071.0,"standard_error":142442.18108679718},"median_abs_dev":{"confidence_interval":{"confidence_level":0.95,"lower_bound":71648.12632799149,"upper_bound":572883.3015292883},"point_estimate":388389.30210471153,"standard_error":124309.18729496913},"slope":null,"std_dev":{"confidence_interval":{"confidence_level":0.95,"lower_bound":180920.584428761,"upper_bound":421064.7024747833},"point_estimate":326610.1162749284,"standard_error":64471.66044178642}}