{"mean":{"confidence_interval":{"confidence_level":0.95,"lower_bound":35442726124.26,"upper_bound":35445888050.5},"point_estimate":35444192790.6,"standard_error":808765.3802905905},"median":{"confidence_interval":{"confidence_level":0.95,"lower_bound":35442086509.0,"upper_bound":35446420636.0},"point_estimate":35443159249.0,"standard_error":1133917.885091616},"median_abs_dev":{"confidence_interval":{"confidence_level":0.95,"lower_bound":423728.5550773144,"upper_bound":4468009.241276979},"point_estimate":2367735.1382642984,"standard_error":1060967.9770398505},"slope":null,"std_dev":{"confidence_interval":{"confidence_level":0.95,"lower_bound":1225795.0421801265,"upper_bound":3444200.671562757},"point_estimate":2700445.4336156882,"standard_error":566646.5907299392}}