{"mean":{"confidence_interval":{"confidence_level":0.95,"lower_bound":159808850.56666666,"upper_bound":161376935.67666665},"point_estimate":160557213.96666664,"standard_error":399114.00422709325},"median":{"confidence_interval":{"confidence_level":0.95,"lower_bound":159896051.0,"upper_bound":161402578.66666666},"point_estimate":160221578.5,"standard_error":421007.6309159491},"median_abs_dev":{"confidence_interval":{"confidence_level":0.95,"lower_bound":196401.74821315723,"upper_bound":2260871.308961503},"point_estimate":730802.4377256632,"standard_error":572845.4348613465},"slope":null,"std_dev":{"confidence_interval":{"confidence_level":0.95,"lower_bound":606359.6160215249,"upper_bound":1734277.6115715157},"point_estimate":1315753.9854436207,"standard_error":290745.79908951715}}