{"mean":{"confidence_interval":{"confidence_level":0.95,"lower_bound":995713266.05,"upper_bound":996134893.1},"point_estimate":995908541.5,"standard_error":107698.1196050528},"median":{"confidence_interval":{"confidence_level":0.95,"lower_bound":995662201.0,"upper_bound":996169138.5},"point_estimate":995782668.5,"standard_error":126640.70691116538},"median_abs_dev":{"confidence_interval":{"confidence_level":0.95,"lower_bound":11586.518794298172,"upper_bound":588718.2105481625},"point_estimate":356174.6285766363,"standard_error":145578.83453392872},"slope":null,"std_dev":{"confidence_interval":{"confidence_level":0.95,"lower_bound":166920.91333628295,"upper_bound":469676.57628041116},"point_estimate":357949.4426958614,"standard_error":79969.91187430952}}