{"mean":{"confidence_interval":{"confidence_level":0.95,"lower_bound":-0.004653707740459909,"upper_bound":0.028927502769816735},"point_estimate":0.012001693486801246,"standard_error":0.00857967433849431},"median":{"confidence_interval":{"confidence_level":0.95,"lower_bound":-0.010664740060708389,"upper_bound":0.04050911965808002},"point_estimate":0.012486008145432992,"standard_error":0.013841737859791339}}