{"mean":{"confidence_interval":{"confidence_level":0.95,"lower_bound":1136380763.3874998,"upper_bound":1144870461.0},"point_estimate":1139349247.2,"standard_error":2565857.413660595},"median":{"confidence_interval":{"confidence_level":0.95,"lower_bound":1136309026.0,"upper_bound":1137413724.5},"point_estimate":1136562675.0,"standard_error":601223.4038162183},"median_abs_dev":{"confidence_interval":{"confidence_level":0.95,"lower_bound":44810.10160446167,"upper_bound":1496504.5375317335},"point_estimate":398465.0515258312,"standard_error":765113.9001911554},"slope":null,"std_dev":{"confidence_interval":{"confidence_level":0.95,"lower_bound":325444.91469713004,"upper_bound":13091495.165166553},"point_estimate":8524833.49763471,"standard_error":4619589.429799388}}