{"mean":{"confidence_interval":{"confidence_level":0.95,"lower_bound":-0.00039908917180001555,"upper_bound":0.0007332970662419335},"point_estimate":0.0002419229435524084,"standard_error":0.00029254557558487855},"median":{"confidence_interval":{"confidence_level":0.95,"lower_bound":-0.00013918727456252444,"upper_bound":0.0008454799085801934},"point_estimate":0.0005086663826123772,"standard_error":0.00023231970666118701}}