{"mean":{"confidence_interval":{"confidence_level":0.95,"lower_bound":430146294.87125003,"upper_bound":435024598.05},"point_estimate":432090496.55,"standard_error":1328285.9852756516},"median":{"confidence_interval":{"confidence_level":0.95,"lower_bound":429810012.75,"upper_bound":432471889.75},"point_estimate":430463832.0,"standard_error":730125.2900206096},"median_abs_dev":{"confidence_interval":{"confidence_level":0.95,"lower_bound":176925.32655894756,"upper_bound":3154071.693854034},"point_estimate":1060636.0832199454,"standard_error":860175.580678674},"slope":null,"std_dev":{"confidence_interval":{"confidence_level":0.95,"lower_bound":592690.3539575959,"upper_bound":6671924.915453265},"point_estimate":4426947.710023875,"standard_error":1899182.0774870517}}