{"mean":{"confidence_interval":{"confidence_level":0.95,"lower_bound":1204890454.6374998,"upper_bound":1208057292.1},"point_estimate":1206165692.0,"standard_error":848949.8935369707},"median":{"confidence_interval":{"confidence_level":0.95,"lower_bound":1204224327.0,"upper_bound":1206374855.0},"point_estimate":1205580139.0,"standard_error":530123.5069123156},"median_abs_dev":{"confidence_interval":{"confidence_level":0.95,"lower_bound":74130.73998391628,"upper_bound":2416526.762098074},"point_estimate":1493725.403881073,"standard_error":623354.3637464918},"slope":null,"std_dev":{"confidence_interval":{"confidence_level":0.95,"lower_bound":692751.2154734595,"upper_bound":4267863.753846602},"point_estimate":2829105.6709785317,"standard_error":1179534.2847390468}}