{"mean":{"confidence_interval":{"confidence_level":0.95,"lower_bound":-0.000754737772466485,"upper_bound":0.00002934624449634198},"point_estimate":-0.00036483014935873026,"standard_error":0.00020055986851025916},"median":{"confidence_interval":{"confidence_level":0.95,"lower_bound":-0.0009009956555207088,"upper_bound":0.00036841289905042984},"point_estimate":-0.00036756062490705954,"standard_error":0.0003256677869256277}}