{"mean":{"confidence_interval":{"confidence_level":0.95,"lower_bound":62424498165.705,"upper_bound":62698160886.2},"point_estimate":62559808547.3,"standard_error":70121826.6017016},"median":{"confidence_interval":{"confidence_level":0.95,"lower_bound":62352331833.5,"upper_bound":62772662235.0},"point_estimate":62516768579.0,"standard_error":128543931.128537},"median_abs_dev":{"confidence_interval":{"confidence_level":0.95,"lower_bound":64866046.878397465,"upper_bound":381019591.93165004},"point_estimate":316153545.0532526,"standard_error":85486950.54406057},"slope":null,"std_dev":{"confidence_interval":{"confidence_level":0.95,"lower_bound":149580009.29243323,"upper_bound":276106079.2149362},"point_estimate":234167874.98883203,"standard_error":32376002.14869257}}