{"mean":{"confidence_interval":{"confidence_level":0.95,"lower_bound":35730930627.6,"upper_bound":35757130035.475},"point_estimate":35743990355.0,"standard_error":6665086.3361548325},"median":{"confidence_interval":{"confidence_level":0.95,"lower_bound":35723410615.0,"upper_bound":35764182911.5},"point_estimate":35744620850.5,"standard_error":11825528.716259843},"median_abs_dev":{"confidence_interval":{"confidence_level":0.95,"lower_bound":4017703.5990715027,"upper_bound":38186054.70996201},"point_estimate":27287337.765052915,"standard_error":8256553.876248848},"slope":null,"std_dev":{"confidence_interval":{"confidence_level":0.95,"lower_bound":14363470.069475602,"upper_bound":26076130.15583474},"point_estimate":22179406.487266283,"standard_error":2980227.1080660988}}