{"mean":{"confidence_interval":{"confidence_level":0.95,"lower_bound":353554592.75,"upper_bound":354135829.5},"point_estimate":353825886.55,"standard_error":149343.6992583213},"median":{"confidence_interval":{"confidence_level":0.95,"lower_bound":353436654.0,"upper_bound":354210641.5},"point_estimate":353644637.0,"standard_error":221779.7792559062},"median_abs_dev":{"confidence_interval":{"confidence_level":0.95,"lower_bound":45132.93774873018,"upper_bound":838567.0700624585},"point_estimate":410236.8953168392,"standard_error":202343.11392083118},"slope":null,"std_dev":{"confidence_interval":{"confidence_level":0.95,"lower_bound":249239.7786402159,"upper_bound":640081.6057329079},"point_estimate":498127.673636904,"standard_error":104174.49143022955}}