{"mean":{"confidence_interval":{"confidence_level":0.95,"lower_bound":437358431.0,"upper_bound":438191286.55},"point_estimate":437752119.9,"standard_error":213039.84117977464},"median":{"confidence_interval":{"confidence_level":0.95,"lower_bound":437237006.75,"upper_bound":438212973.0},"point_estimate":437535713.25,"standard_error":237303.19486474444},"median_abs_dev":{"confidence_interval":{"confidence_level":0.95,"lower_bound":122522.06182479858,"upper_bound":1139421.816471219},"point_estimate":529354.9076020718,"standard_error":264193.9949229995},"slope":null,"std_dev":{"confidence_interval":{"confidence_level":0.95,"lower_bound":277078.48335094214,"upper_bound":899934.8785501479},"point_estimate":710938.4937444698,"standard_error":159919.94124554028}}