{"mean":{"confidence_interval":{"confidence_level":0.95,"lower_bound":39185999686.2,"upper_bound":39249259399.5275},"point_estimate":39215903187.1,"standard_error":16117018.456707858},"median":{"confidence_interval":{"confidence_level":0.95,"lower_bound":39168804779.0,"upper_bound":39257597850.0},"point_estimate":39210992707.5,"standard_error":22563450.112545148},"median_abs_dev":{"confidence_interval":{"confidence_level":0.95,"lower_bound":9760419.680517912,"upper_bound":90936875.04134774},"point_estimate":62751744.41443384,"standard_error":20037648.336716086},"slope":null,"std_dev":{"confidence_interval":{"confidence_level":0.95,"lower_bound":28230705.284098994,"upper_bound":69962899.66943239},"point_estimate":53988554.133091226,"standard_error":11075828.69235568}}