{"mean":{"confidence_interval":{"confidence_level":0.95,"lower_bound":505242533.7,"upper_bound":604887143.2},"point_estimate":564922518.3,"standard_error":25238350.413981438},"median":{"confidence_interval":{"confidence_level":0.95,"lower_bound":504947420.5,"upper_bound":605017684.5},"point_estimate":604624802.5,"standard_error":22224057.946887203},"median_abs_dev":{"confidence_interval":{"confidence_level":0.95,"lower_bound":128508.05921852589,"upper_bound":146971796.64402902},"point_estimate":815932.5869143009,"standard_error":23457931.92134359},"slope":null,"std_dev":{"confidence_interval":{"confidence_level":0.95,"lower_bound":462361.45861370466,"upper_bound":104729920.45544794},"point_estimate":83970427.36715594,"standard_error":29195659.120272495}}