{"mean":{"confidence_interval":{"confidence_level":0.95,"lower_bound":1841969361.94,"upper_bound":1867204306.8},"point_estimate":1850676758.2,"standard_error":7725456.4908876065},"median":{"confidence_interval":{"confidence_level":0.95,"lower_bound":1841590608.5,"upper_bound":1843911936.5},"point_estimate":1843203057.5,"standard_error":2028210.8853807556},"median_abs_dev":{"confidence_interval":{"confidence_level":0.95,"lower_bound":78019.59971487522,"upper_bound":3120590.509298444},"point_estimate":2010276.5781104565,"standard_error":2492605.7236926286},"slope":null,"std_dev":{"confidence_interval":{"confidence_level":0.95,"lower_bound":904427.9440046034,"upper_bound":39394990.34912476},"point_estimate":25694409.28224675,"standard_error":14196673.06865824}}