{"mean":{"confidence_interval":{"confidence_level":0.95,"lower_bound":-0.00458989781783424,"upper_bound":-0.0036746644653171735},"point_estimate":-0.004038154184778264,"standard_error":0.0002467286019043252},"median":{"confidence_interval":{"confidence_level":0.95,"lower_bound":-0.004103789647108891,"upper_bound":-0.003586728679007223},"point_estimate":-0.0037808769194617176,"standard_error":0.00014023288126092874}}