{"mean":{"confidence_interval":{"confidence_level":0.95,"lower_bound":0.0038005322205254934,"upper_bound":0.004924535276789854},"point_estimate":0.0042573803652787845,"standard_error":0.0002866875847498713},"median":{"confidence_interval":{"confidence_level":0.95,"lower_bound":0.003738402574135602,"upper_bound":0.0049777552906564715},"point_estimate":0.003879854337591526,"standard_error":0.0003212021717097249}}