{"mean":{"confidence_interval":{"confidence_level":0.95,"lower_bound":-0.0017168160900948165,"upper_bound":0.005592459560378448},"point_estimate":0.0017618114657624862,"standard_error":0.0018829189602210725},"median":{"confidence_interval":{"confidence_level":0.95,"lower_bound":-0.003533313080564786,"upper_bound":0.006137525234486629},"point_estimate":0.0005517888390500492,"standard_error":0.002224459937715593}}