{"mean":{"confidence_interval":{"confidence_level":0.95,"lower_bound":-0.0018091478989398307,"upper_bound":2.949555948927125e-7},"point_estimate":-0.0006803865446391999,"standard_error":0.0005087626051540108},"median":{"confidence_interval":{"confidence_level":0.95,"lower_bound":-0.0005121443615401233,"upper_bound":0.0001587506733595756},"point_estimate":-0.00013685625566373094,"standard_error":0.00020748946638337088}}