{"mean":{"confidence_interval":{"confidence_level":0.95,"lower_bound":-0.014467460596111831,"upper_bound":0.0012964735322765473},"point_estimate":-0.007942938272876177,"standard_error":0.004370841876521942},"median":{"confidence_interval":{"confidence_level":0.95,"lower_bound":-0.014781241407395007,"upper_bound":-0.0051100528085215036},"point_estimate":-0.014250692912469831,"standard_error":0.002375753557271131}}