{"mean":{"confidence_interval":{"confidence_level":0.95,"lower_bound":0.00045301653768745623,"upper_bound":0.0030212152737868012},"point_estimate":0.001700491566144935,"standard_error":0.0006640769492654679},"median":{"confidence_interval":{"confidence_level":0.95,"lower_bound":-0.0004508188833179938,"upper_bound":0.0039633905326610375},"point_estimate":0.0013553529314758173,"standard_error":0.0010630851742101425}}