{"mean":{"confidence_interval":{"confidence_level":0.95,"lower_bound":2321746008.9,"upper_bound":2323127135.3},"point_estimate":2322483010.6,"standard_error":354612.53901508165},"median":{"confidence_interval":{"confidence_level":0.95,"lower_bound":2321656839.0,"upper_bound":2323490307.0},"point_estimate":2322704098.0,"standard_error":476217.73079034075},"median_abs_dev":{"confidence_interval":{"confidence_level":0.95,"lower_bound":318663.36664259434,"upper_bound":1996591.4390534163},"point_estimate":1170102.7403265238,"standard_error":433610.16208574217},"slope":null,"std_dev":{"confidence_interval":{"confidence_level":0.95,"lower_bound":588530.8571158922,"upper_bound":1511961.1103164474},"point_estimate":1186198.8130773208,"standard_error":236441.75247115968}}