{"mean":{"confidence_interval":{"confidence_level":0.95,"lower_bound":1393370934.2,"upper_bound":1394232378.4},"point_estimate":1393749316.0,"standard_error":224150.1772001343},"median":{"confidence_interval":{"confidence_level":0.95,"lower_bound":1393330490.0,"upper_bound":1394189008.0},"point_estimate":1393439342.5,"standard_error":189283.9959673767},"median_abs_dev":{"confidence_interval":{"confidence_level":0.95,"lower_bound":42784.12874042988,"upper_bound":990031.3366234303},"point_estimate":238519.94246542454,"standard_error":219947.61587173247},"slope":null,"std_dev":{"confidence_interval":{"confidence_level":0.95,"lower_bound":153182.86510649073,"upper_bound":1011628.5341340357},"point_estimate":749148.1767253318,"standard_error":230686.6374202982}}