{"mean":{"confidence_interval":{"confidence_level":0.95,"lower_bound":353634814.55,"upper_bound":354186981.34250003},"point_estimate":353910009.4,"standard_error":141945.10685675498},"median":{"confidence_interval":{"confidence_level":0.95,"lower_bound":353626658.75,"upper_bound":354285185.5},"point_estimate":353820138.5,"standard_error":167889.53806346588},"median_abs_dev":{"confidence_interval":{"confidence_level":0.95,"lower_bound":78532.94995576143,"upper_bound":790312.1474191546},"point_estimate":414991.59343242645,"standard_error":193417.5818892533},"slope":null,"std_dev":{"confidence_interval":{"confidence_level":0.95,"lower_bound":230464.39700176488,"upper_bound":620326.4159370475},"point_estimate":470087.4851956224,"standard_error":98184.58209099653}}