{"mean":{"confidence_interval":{"confidence_level":0.95,"lower_bound":1516167877.2475,"upper_bound":1521829756.3},"point_estimate":1518828233.6,"standard_error":1456345.4455923757},"median":{"confidence_interval":{"confidence_level":0.95,"lower_bound":1514811284.0,"upper_bound":1522366620.0},"point_estimate":1517169387.0,"standard_error":2319941.230477897},"median_abs_dev":{"confidence_interval":{"confidence_level":0.95,"lower_bound":224555.3333133459,"upper_bound":8307637.01620996},"point_estimate":3806508.7154209614,"standard_error":2450076.7537878375},"slope":null,"std_dev":{"confidence_interval":{"confidence_level":0.95,"lower_bound":2324578.1918173265,"upper_bound":6078084.67653392},"point_estimate":4870243.405954007,"standard_error":960643.757865733}}