{"mean":{"confidence_interval":{"confidence_level":0.95,"lower_bound":15333739980.045,"upper_bound":15334055151.9},"point_estimate":15333926681.8,"standard_error":83880.33256658753},"median":{"confidence_interval":{"confidence_level":0.95,"lower_bound":15333892933.0,"upper_bound":15334096600.0},"point_estimate":15333986458.5,"standard_error":54984.819819287404},"median_abs_dev":{"confidence_interval":{"confidence_level":0.95,"lower_bound":24148.588371276855,"upper_bound":245730.56743741035},"point_estimate":146322.9805022478,"standard_error":57839.1640967899},"slope":null,"std_dev":{"confidence_interval":{"confidence_level":0.95,"lower_bound":70252.92437496097,"upper_bound":420095.51744388376},"point_estimate":280530.9002365179,"standard_error":113051.85699191457}}