{"mean":{"confidence_interval":{"confidence_level":0.95,"lower_bound":-0.04346376726129319,"upper_bound":-0.03617543884345232},"point_estimate":-0.03956836740340386,"standard_error":0.0018790006655964155},"median":{"confidence_interval":{"confidence_level":0.95,"lower_bound":-0.04852063055077893,"upper_bound":-0.034157489271912755},"point_estimate":-0.03729372303805878,"standard_error":0.00317190325905945}}