{"mean":{"confidence_interval":{"confidence_level":0.95,"lower_bound":580076004149.3,"upper_bound":580745065958.8},"point_estimate":580437426143.6,"standard_error":172500598.17884016},"median":{"confidence_interval":{"confidence_level":0.95,"lower_bound":579996902937.0,"upper_bound":580866764695.0},"point_estimate":580707938433.0,"standard_error":217241208.29904526},"median_abs_dev":{"confidence_interval":{"confidence_level":0.95,"lower_bound":43924033.14319253,"upper_bound":879682005.4682225},"point_estimate":321443750.12503266,"standard_error":220350040.96317583},"slope":null,"std_dev":{"confidence_interval":{"confidence_level":0.95,"lower_bound":198766402.78550223,"upper_bound":712194470.3067229},"point_estimate":571829431.1229632,"standard_error":129354512.88546799}}