{"mean":{"confidence_interval":{"confidence_level":0.95,"lower_bound":489895633589.9,"upper_bound":491483022219.63995},"point_estimate":490725244458.9,"standard_error":412125422.73862284},"median":{"confidence_interval":{"confidence_level":0.95,"lower_bound":489657514175.0,"upper_bound":491886836253.0},"point_estimate":490684142654.5,"standard_error":521770424.47062093},"median_abs_dev":{"confidence_interval":{"confidence_level":0.95,"lower_bound":194667527.05526054,"upper_bound":2458341093.2850213},"point_estimate":1540811718.244824,"standard_error":622948527.3652017},"slope":null,"std_dev":{"confidence_interval":{"confidence_level":0.95,"lower_bound":704940712.8673688,"upper_bound":1754131137.1683574},"point_estimate":1388316956.2849371,"standard_error":272411067.7686368}}