{"mean":{"confidence_interval":{"confidence_level":0.95,"lower_bound":1501324774.9,"upper_bound":1507575281.2},"point_estimate":1504384416.3,"standard_error":1595718.5027536405},"median":{"confidence_interval":{"confidence_level":0.95,"lower_bound":1498967294.0,"upper_bound":1509478108.0},"point_estimate":1503391528.0,"standard_error":2655413.31904244},"median_abs_dev":{"confidence_interval":{"confidence_level":0.95,"lower_bound":731181.9833189249,"upper_bound":8909293.876728415},"point_estimate":6868062.093767524,"standard_error":2069634.9619758718},"slope":null,"std_dev":{"confidence_interval":{"confidence_level":0.95,"lower_bound":3222996.64946502,"upper_bound":6235796.4911068985},"point_estimate":5285004.635580162,"standard_error":761174.3011469953}}