{"mean":{"confidence_interval":{"confidence_level":0.95,"lower_bound":-0.0010612489977174175,"upper_bound":0.0015164904445712556},"point_estimate":0.0002123876405371039,"standard_error":0.0006675916872879315},"median":{"confidence_interval":{"confidence_level":0.95,"lower_bound":-0.0013654225046960677,"upper_bound":0.0017760795422003817},"point_estimate":0.0006502860089978579,"standard_error":0.000788015120854556}}