{"mean":{"confidence_interval":{"confidence_level":0.95,"lower_bound":0.0012640740028608895,"upper_bound":0.02010672299193644},"point_estimate":0.01021193781914942,"standard_error":0.0048884197623924736},"median":{"confidence_interval":{"confidence_level":0.95,"lower_bound":-0.0049112919599390015,"upper_bound":0.023745585755673426},"point_estimate":0.005439170922454162,"standard_error":0.00805350914215385}}