{"mean":{"confidence_interval":{"confidence_level":0.95,"lower_bound":7423547.181245421,"upper_bound":7483936.132564103},"point_estimate":7454278.23004884,"standard_error":15554.649377809597},"median":{"confidence_interval":{"confidence_level":0.95,"lower_bound":7422169.505128205,"upper_bound":7492362.557692308},"point_estimate":7454352.592307692,"standard_error":23030.07266608546},"median_abs_dev":{"confidence_interval":{"confidence_level":0.95,"lower_bound":1859.1746646856993,"upper_bound":92136.1712911786},"point_estimate":44631.372276865906,"standard_error":23325.628535446773},"slope":{"confidence_interval":{"confidence_level":0.95,"lower_bound":7433465.761460762,"upper_bound":7500008.1826928565},"point_estimate":7465697.721478522,"standard_error":17581.95665295517},"std_dev":{"confidence_interval":{"confidence_level":0.95,"lower_bound":29095.119517677693,"upper_bound":68950.24332687363},"point_estimate":52391.48449560829,"standard_error":10544.96915496794}}