{"mean":{"confidence_interval":{"confidence_level":0.95,"lower_bound":31049273587.1325,"upper_bound":31111466962.3825},"point_estimate":31080579836.4,"standard_error":15901239.403608046},"median":{"confidence_interval":{"confidence_level":0.95,"lower_bound":31018787940.0,"upper_bound":31137800435.0},"point_estimate":31084341545.5,"standard_error":29972296.45426652},"median_abs_dev":{"confidence_interval":{"confidence_level":0.95,"lower_bound":4900021.082407236,"upper_bound":88964940.72245657},"point_estimate":82210176.69477761,"standard_error":22199559.159230843},"slope":null,"std_dev":{"confidence_interval":{"confidence_level":0.95,"lower_bound":35179487.50346009,"upper_bound":61375516.54322134},"point_estimate":53322906.70795068,"standard_error":6775866.740093419}}