{"mean":{"confidence_interval":{"confidence_level":0.95,"lower_bound":0.0034894443991872587,"upper_bound":0.009847694192007065},"point_estimate":0.0065085181289472605,"standard_error":0.0016447422943313857},"median":{"confidence_interval":{"confidence_level":0.95,"lower_bound":0.0026907968597649212,"upper_bound":0.00943334287780262},"point_estimate":0.005398524422952633,"standard_error":0.0017125163596393579}}