{"mean":{"confidence_interval":{"confidence_level":0.95,"lower_bound":433912004.475,"upper_bound":434256277.6175},"point_estimate":434072470.75,"standard_error":87615.69308848275},"median":{"confidence_interval":{"confidence_level":0.95,"lower_bound":433848100.5,"upper_bound":434271215.0},"point_estimate":434026145.0,"standard_error":98470.28544860847},"median_abs_dev":{"confidence_interval":{"confidence_level":0.95,"lower_bound":60767.32512116432,"upper_bound":455208.60031843185},"point_estimate":282351.1574372649,"standard_error":101905.64375094752},"slope":null,"std_dev":{"confidence_interval":{"confidence_level":0.95,"lower_bound":130903.43630241552,"upper_bound":394744.60653439496},"point_estimate":290770.70299724815,"standard_error":72932.27039955292}}