{"mean":{"confidence_interval":{"confidence_level":0.95,"lower_bound":-0.004451934884006523,"upper_bound":0.0000637740660094028},"point_estimate":-0.002215706237391979,"standard_error":0.0011542740856725327},"median":{"confidence_interval":{"confidence_level":0.95,"lower_bound":-0.004254844789167045,"upper_bound":0.00047927531719804684},"point_estimate":-0.0013881986796872026,"standard_error":0.0011819572482112174}}