{"mean":{"confidence_interval":{"confidence_level":0.95,"lower_bound":20749278513.5,"upper_bound":21122187463.005},"point_estimate":20915113036.5,"standard_error":95964147.69692951},"median":{"confidence_interval":{"confidence_level":0.95,"lower_bound":20686520644.0,"upper_bound":21083103817.5},"point_estimate":20806545876.0,"standard_error":99273600.5822193},"median_abs_dev":{"confidence_interval":{"confidence_level":0.95,"lower_bound":27998458.688127995,"upper_bound":460887655.0396085},"point_estimate":193109804.48221564,"standard_error":110581591.21514976},"slope":null,"std_dev":{"confidence_interval":{"confidence_level":0.95,"lower_bound":85912933.24260509,"upper_bound":428372194.025636},"point_estimate":319131295.2070808,"standard_error":88683844.58935788}}