{"mean":{"confidence_interval":{"confidence_level":0.95,"lower_bound":755748370984.4,"upper_bound":760957964335.0599},"point_estimate":758002428259.3,"standard_error":1348720227.1181204},"median":{"confidence_interval":{"confidence_level":0.95,"lower_bound":754911808069.5,"upper_bound":759468618970.0},"point_estimate":757629733850.5,"standard_error":1163469158.3054178},"median_abs_dev":{"confidence_interval":{"confidence_level":0.95,"lower_bound":255655451.93300843,"upper_bound":5502277468.548748},"point_estimate":3307338511.393404,"standard_error":1335902991.8569586},"slope":null,"std_dev":{"confidence_interval":{"confidence_level":0.95,"lower_bound":1593056026.027907,"upper_bound":6480736978.432823},"point_estimate":4483753880.257071,"standard_error":1488850303.2959867}}