{"mean":{"confidence_interval":{"confidence_level":0.95,"lower_bound":38663358356.44,"upper_bound":38987571516.8},"point_estimate":38791144348.6,"standard_error":88614492.80403875},"median":{"confidence_interval":{"confidence_level":0.95,"lower_bound":38627134124.0,"upper_bound":38816411671.5},"point_estimate":38707707018.0,"standard_error":44413814.16997909},"median_abs_dev":{"confidence_interval":{"confidence_level":0.95,"lower_bound":13019968.354949355,"upper_bound":199418753.6630094},"point_estimate":93220403.690207,"standard_error":56069958.53477065},"slope":null,"std_dev":{"confidence_interval":{"confidence_level":0.95,"lower_bound":47369990.81863928,"upper_bound":447705091.1316703},"point_estimate":296905904.5797969,"standard_error":128911460.80331032}}