{"mean":{"confidence_interval":{"confidence_level":0.95,"lower_bound":720262637.8,"upper_bound":721983222.7},"point_estimate":720964518.7,"standard_error":455703.5813746705},"median":{"confidence_interval":{"confidence_level":0.95,"lower_bound":720352159.0,"upper_bound":720904007.0},"point_estimate":720743494.0,"standard_error":160778.44149262176},"median_abs_dev":{"confidence_interval":{"confidence_level":0.95,"lower_bound":68911.24677658081,"upper_bound":1305553.8152217865},"point_estimate":265853.89688014984,"standard_error":299565.2550563425},"slope":null,"std_dev":{"confidence_interval":{"confidence_level":0.95,"lower_bound":213054.68660823524,"upper_bound":2287736.9041756457},"point_estimate":1525152.2506792597,"standard_error":647114.670738089}}