{"mean":{"confidence_interval":{"confidence_level":0.95,"lower_bound":-0.0023357204035551297,"upper_bound":0.0008261324486410805},"point_estimate":-0.0008206615176921117,"standard_error":0.00080588638844286},"median":{"confidence_interval":{"confidence_level":0.95,"lower_bound":-0.0024015500455650818,"upper_bound":0.0007983910232998159},"point_estimate":-0.0011110370377853673,"standard_error":0.0007659358646009613}}