{"mean":{"confidence_interval":{"confidence_level":0.95,"lower_bound":1101905375.0,"upper_bound":1112351768.7},"point_estimate":1105990538.6,"standard_error":2872312.98145741},"median":{"confidence_interval":{"confidence_level":0.95,"lower_bound":1101019757.5,"upper_bound":1106264074.0},"point_estimate":1103097642.5,"standard_error":1482534.2084131737},"median_abs_dev":{"confidence_interval":{"confidence_level":0.95,"lower_bound":890728.272986412,"upper_bound":6278044.384342432},"point_estimate":3391806.2289834023,"standard_error":1529778.7650278786},"slope":null,"std_dev":{"confidence_interval":{"confidence_level":0.95,"lower_bound":1662698.6500967029,"upper_bound":14595015.773422029},"point_estimate":9585466.379034,"standard_error":4299350.931399252}}