{"mean":{"confidence_interval":{"confidence_level":0.95,"lower_bound":1745736832.1,"upper_bound":1746318002.6850002},"point_estimate":1746004063.7,"standard_error":149395.70205521196},"median":{"confidence_interval":{"confidence_level":0.95,"lower_bound":1745593792.0,"upper_bound":1746308434.0},"point_estimate":1745864438.5,"standard_error":168226.91899110746},"median_abs_dev":{"confidence_interval":{"confidence_level":0.95,"lower_bound":41726.293659210205,"upper_bound":805842.7527934313},"point_estimate":417271.0908919573,"standard_error":195806.16171068663},"slope":null,"std_dev":{"confidence_interval":{"confidence_level":0.95,"lower_bound":178135.6590535354,"upper_bound":628732.5423932837},"point_estimate":496758.1037795737,"standard_error":111203.22998831801}}