{"mean":{"confidence_interval":{"confidence_level":0.95,"lower_bound":-0.00346886914788625,"upper_bound":-0.0004224593985100006},"point_estimate":-0.002049931211986933,"standard_error":0.0007832188574908272},"median":{"confidence_interval":{"confidence_level":0.95,"lower_bound":-0.00425184389572153,"upper_bound":-0.00045804096143575723},"point_estimate":-0.003057808658293748,"standard_error":0.0009978833369857136}}