{"mean":{"confidence_interval":{"confidence_level":0.95,"lower_bound":1300782379.7,"upper_bound":1302013023.7},"point_estimate":1301426022.7,"standard_error":316698.155272333},"median":{"confidence_interval":{"confidence_level":0.95,"lower_bound":1300835101.5,"upper_bound":1302281721.5},"point_estimate":1301401789.5,"standard_error":366352.9582124353},"median_abs_dev":{"confidence_interval":{"confidence_level":0.95,"lower_bound":238357.59776830673,"upper_bound":1791888.8606876135},"point_estimate":918841.3336873055,"standard_error":381250.8368542045},"slope":null,"std_dev":{"confidence_interval":{"confidence_level":0.95,"lower_bound":530096.3275320712,"upper_bound":1400601.4699159784},"point_estimate":1055965.6491764672,"standard_error":232432.66424838206}}