{"mean":{"confidence_interval":{"confidence_level":0.95,"lower_bound":-0.0005463796121169373,"upper_bound":-0.00006488600050177939},"point_estimate":-0.00029741485338796725,"standard_error":0.0001232506213324959},"median":{"confidence_interval":{"confidence_level":0.95,"lower_bound":-0.000668619415929883,"upper_bound":0.000026645545398551462},"point_estimate":-0.00024407344641541595,"standard_error":0.00017758169123422815}}