{"mean":{"confidence_interval":{"confidence_level":0.95,"lower_bound":-0.0032397906189184367,"upper_bound":-0.003084223187352797},"point_estimate":-0.0031622607602906916,"standard_error":0.0000398857539488056},"median":{"confidence_interval":{"confidence_level":0.95,"lower_bound":-0.0033139472078417276,"upper_bound":-0.003048869485893446},"point_estimate":-0.003193358857044415,"standard_error":0.00006336792020913543}}