{"mean":{"confidence_interval":{"confidence_level":0.95,"lower_bound":0.0032944740578263244,"upper_bound":0.00338578059453698},"point_estimate":0.0033404661265048485,"standard_error":0.00002256200151943636},"median":{"confidence_interval":{"confidence_level":0.95,"lower_bound":0.0032903254719383046,"upper_bound":0.003397943804629877},"point_estimate":0.003351747151204343,"standard_error":0.000028764262475452608}}