{"mean":{"confidence_interval":{"confidence_level":0.95,"lower_bound":1135849717.4925,"upper_bound":1141908363.8},"point_estimate":1138909085.8,"standard_error":1552063.154476859},"median":{"confidence_interval":{"confidence_level":0.95,"lower_bound":1133978289.0,"upper_bound":1143450718.5},"point_estimate":1139682973.0,"standard_error":2287289.8562871832},"median_abs_dev":{"confidence_interval":{"confidence_level":0.95,"lower_bound":1285265.9171819687,"upper_bound":9119549.533295631},"point_estimate":6252356.857198477,"standard_error":2098694.3780603246},"slope":null,"std_dev":{"confidence_interval":{"confidence_level":0.95,"lower_bound":3087019.740118138,"upper_bound":6273716.10834101},"point_estimate":5165279.52697487,"standard_error":810893.2742215096}}