{"mean":{"confidence_interval":{"confidence_level":0.95,"lower_bound":-0.03239573322922983,"upper_bound":0.0000545401563801187},"point_estimate":-0.01572204444196279,"standard_error":0.008311311995184933},"median":{"confidence_interval":{"confidence_level":0.95,"lower_bound":-0.030433899400962416,"upper_bound":-0.002635863043735087},"point_estimate":-0.015053066387070713,"standard_error":0.006081175239718871}}