{"mean":{"confidence_interval":{"confidence_level":0.95,"lower_bound":1687334063.3,"upper_bound":1798185070.9},"point_estimate":1738186147.2,"standard_error":28979295.215297405},"median":{"confidence_interval":{"confidence_level":0.95,"lower_bound":1667825916.5,"upper_bound":1864433432.0},"point_estimate":1670758803.5,"standard_error":54946228.95175768},"median_abs_dev":{"confidence_interval":{"confidence_level":0.95,"lower_bound":391686.6044461727,"upper_bound":148174916.88576937},"point_estimate":5926909.854376316,"standard_error":47119508.68750105},"slope":null,"std_dev":{"confidence_interval":{"confidence_level":0.95,"lower_bound":42819263.93049236,"upper_bound":107620650.37501863},"point_estimate":95908111.8383778,"standard_error":16056089.208297675}}