{"mean":{"confidence_interval":{"confidence_level":0.95,"lower_bound":1789779120.4,"upper_bound":1792624665.3},"point_estimate":1791180533.0,"standard_error":729827.3246972606},"median":{"confidence_interval":{"confidence_level":0.95,"lower_bound":1788960110.0,"upper_bound":1793086905.0},"point_estimate":1791507428.0,"standard_error":1120019.8459742477},"median_abs_dev":{"confidence_interval":{"confidence_level":0.95,"lower_bound":521382.22624361515,"upper_bound":4275449.897995591},"point_estimate":2987507.8878611326,"standard_error":937254.9406768513},"slope":null,"std_dev":{"confidence_interval":{"confidence_level":0.95,"lower_bound":1497900.3468592814,"upper_bound":3006350.4308809913},"point_estimate":2448494.459778317,"standard_error":390542.0421282026}}