{"mean":{"confidence_interval":{"confidence_level":0.95,"lower_bound":1564435180.9,"upper_bound":1566153894.6},"point_estimate":1565261960.1,"standard_error":441277.20438672946},"median":{"confidence_interval":{"confidence_level":0.95,"lower_bound":1563921425.0,"upper_bound":1566532747.0},"point_estimate":1565003590.0,"standard_error":614230.8476752745},"median_abs_dev":{"confidence_interval":{"confidence_level":0.95,"lower_bound":396441.30256175995,"upper_bound":2540731.5748929977},"point_estimate":1568389.8798555136,"standard_error":556846.1279442151},"slope":null,"std_dev":{"confidence_interval":{"confidence_level":0.95,"lower_bound":775173.957914136,"upper_bound":1842257.512008587},"point_estimate":1475355.5002023862,"standard_error":271918.71514410694}}