{"mean":{"confidence_interval":{"confidence_level":0.95,"lower_bound":1563904232.7675002,"upper_bound":1584557314.7},"point_estimate":1573380172.9,"standard_error":5424346.857250745},"median":{"confidence_interval":{"confidence_level":0.95,"lower_bound":1560289722.0,"upper_bound":1597164012.0},"point_estimate":1562167491.0,"standard_error":9500149.842008771},"median_abs_dev":{"confidence_interval":{"confidence_level":0.95,"lower_bound":234350.87133944035,"upper_bound":28399014.205616713},"point_estimate":3035585.639807582,"standard_error":7690665.342933452},"slope":null,"std_dev":{"confidence_interval":{"confidence_level":0.95,"lower_bound":4936233.369564553,"upper_bound":20341058.232650124},"point_estimate":18079126.777632352,"standard_error":3319633.4952428467}}