{"mean":{"confidence_interval":{"confidence_level":0.95,"lower_bound":438592370.67125,"upper_bound":439545975.2},"point_estimate":439019059.15,"standard_error":247510.52789866022},"median":{"confidence_interval":{"confidence_level":0.95,"lower_bound":438467325.0,"upper_bound":439548304.75},"point_estimate":438752676.0,"standard_error":244572.85052139845},"median_abs_dev":{"confidence_interval":{"confidence_level":0.95,"lower_bound":81823.20994734764,"upper_bound":1162181.3476609052},"point_estimate":421087.6738741994,"standard_error":263734.81319578225},"slope":null,"std_dev":{"confidence_interval":{"confidence_level":0.95,"lower_bound":248505.26381080496,"upper_bound":1114748.7382933728},"point_estimate":827484.8782773431,"standard_error":233059.6528546902}}