{"mean":{"confidence_interval":{"confidence_level":0.95,"lower_bound":0.00006126978544689365,"upper_bound":0.0029842347960444826},"point_estimate":0.0010844513773460296,"standard_error":0.0008213290274822906},"median":{"confidence_interval":{"confidence_level":0.95,"lower_bound":0.00007538712087118427,"upper_bound":0.0005825588265966353},"point_estimate":0.00042846870928481273,"standard_error":0.00016379975234506866}}