{"mean":{"confidence_interval":{"confidence_level":0.95,"lower_bound":15611651644.3,"upper_bound":15673720756.1175},"point_estimate":15642394431.3,"standard_error":15900880.036503028},"median":{"confidence_interval":{"confidence_level":0.95,"lower_bound":15598160089.0,"upper_bound":15684119527.5},"point_estimate":15644679108.5,"standard_error":19218635.26345229},"median_abs_dev":{"confidence_interval":{"confidence_level":0.95,"lower_bound":11347995.145332813,"upper_bound":101511738.0371064},"point_estimate":50542127.39879787,"standard_error":24955129.898864828},"slope":null,"std_dev":{"confidence_interval":{"confidence_level":0.95,"lower_bound":29820883.583274096,"upper_bound":66270092.943115346},"point_estimate":52973709.67095084,"standard_error":9395293.515994884}}