{"mean":{"confidence_interval":{"confidence_level":0.95,"lower_bound":15525000243.47,"upper_bound":15686925215.9},"point_estimate":15606767511.0,"standard_error":41589341.24539683},"median":{"confidence_interval":{"confidence_level":0.95,"lower_bound":15483369182.5,"upper_bound":15722479729.0},"point_estimate":15619195638.0,"standard_error":66079660.903388634},"median_abs_dev":{"confidence_interval":{"confidence_level":0.95,"lower_bound":42826190.84298313,"upper_bound":221453262.70161867},"point_estimate":157869277.84186006,"standard_error":48845364.506213404},"slope":null,"std_dev":{"confidence_interval":{"confidence_level":0.95,"lower_bound":83936157.42694908,"upper_bound":171197215.00475392},"point_estimate":139235979.6720866,"standard_error":22134245.65364237}}