{"mean":{"confidence_interval":{"confidence_level":0.95,"lower_bound":497861748214.95,"upper_bound":499901547089.6},"point_estimate":498931071970.3,"standard_error":524267286.97636294},"median":{"confidence_interval":{"confidence_level":0.95,"lower_bound":497474712773.5,"upper_bound":500264435249.5},"point_estimate":499444379059.5,"standard_error":686692410.7338444},"median_abs_dev":{"confidence_interval":{"confidence_level":0.95,"lower_bound":428880446.91495,"upper_bound":2994228969.4413095},"point_estimate":1461650131.074223,"standard_error":661314576.7704424},"slope":null,"std_dev":{"confidence_interval":{"confidence_level":0.95,"lower_bound":815729814.5502517,"upper_bound":2178602698.607396},"point_estimate":1747905668.4424891,"standard_error":340087474.81137204}}