{"mean":{"confidence_interval":{"confidence_level":0.95,"lower_bound":-0.0009936498678900507,"upper_bound":-0.0004987699600619678},"point_estimate":-0.0007605327802800987,"standard_error":0.00012638183684597737},"median":{"confidence_interval":{"confidence_level":0.95,"lower_bound":-0.001090367303903217,"upper_bound":-0.0004842403155395081},"point_estimate":-0.0009216146485996335,"standard_error":0.00014547224695825181}}