{"mean":{"confidence_interval":{"confidence_level":0.95,"lower_bound":435344333.95,"upper_bound":435621547.05},"point_estimate":435475414.3,"standard_error":70562.51268835168},"median":{"confidence_interval":{"confidence_level":0.95,"lower_bound":435323828.75,"upper_bound":435602511.0},"point_estimate":435438348.5,"standard_error":65317.65926037837},"median_abs_dev":{"confidence_interval":{"confidence_level":0.95,"lower_bound":34504.17853742838,"upper_bound":388434.52140390873},"point_estimate":167372.564278543,"standard_error":92509.64046716332},"slope":null,"std_dev":{"confidence_interval":{"confidence_level":0.95,"lower_bound":104240.64213001438,"upper_bound":319232.2330665666},"point_estimate":235126.53468672757,"standard_error":57154.958301697894}}