{"mean":{"confidence_interval":{"confidence_level":0.95,"lower_bound":30698124264.6,"upper_bound":31686411387.8},"point_estimate":31185786504.5,"standard_error":254258974.05037814},"median":{"confidence_interval":{"confidence_level":0.95,"lower_bound":30532973930.0,"upper_bound":32098067833.5},"point_estimate":30882460507.0,"standard_error":521403674.7504891},"median_abs_dev":{"confidence_interval":{"confidence_level":0.95,"lower_bound":46102667.102614045,"upper_bound":1326028193.2036936},"point_estimate":983346284.4465137,"standard_error":373785610.76004964},"slope":null,"std_dev":{"confidence_interval":{"confidence_level":0.95,"lower_bound":554322224.1355323,"upper_bound":981119215.8567522},"point_estimate":845587089.6867243,"standard_error":108271946.94404767}}