{"mean":{"confidence_interval":{"confidence_level":0.95,"lower_bound":7089708335.4,"upper_bound":7097464952.4},"point_estimate":7093361613.5,"standard_error":1984663.6393622528},"median":{"confidence_interval":{"confidence_level":0.95,"lower_bound":7088856743.0,"upper_bound":7098313860.5},"point_estimate":7090983856.0,"standard_error":2509650.9558034954},"median_abs_dev":{"confidence_interval":{"confidence_level":0.95,"lower_bound":791764.7247433662,"upper_bound":10865047.840806842},"point_estimate":4822996.307274699,"standard_error":2717652.368664192},"slope":null,"std_dev":{"confidence_interval":{"confidence_level":0.95,"lower_bound":3096566.173931168,"upper_bound":8417488.21567845},"point_estimate":6609859.392608039,"standard_error":1347609.435127414}}