{"mean":{"confidence_interval":{"confidence_level":0.95,"lower_bound":3510838555.3,"upper_bound":3516711231.1},"point_estimate":3513441613.2,"standard_error":1523947.5875997443},"median":{"confidence_interval":{"confidence_level":0.95,"lower_bound":3510270675.0,"upper_bound":3516153239.0},"point_estimate":3511095462.0,"standard_error":1429238.4573931633},"median_abs_dev":{"confidence_interval":{"confidence_level":0.95,"lower_bound":191829.16279435158,"upper_bound":6667154.971334338},"point_estimate":1873514.8848384619,"standard_error":1665972.8252409806},"slope":null,"std_dev":{"confidence_interval":{"confidence_level":0.95,"lower_bound":1240599.3826294923,"upper_bound":7092309.382903406},"point_estimate":5139218.021829149,"standard_error":1601302.501963639}}