{"mean":{"confidence_interval":{"confidence_level":0.95,"lower_bound":3559599828.2,"upper_bound":3561914794.3},"point_estimate":3560816222.8,"standard_error":596064.4064504753},"median":{"confidence_interval":{"confidence_level":0.95,"lower_bound":3559073004.0,"upper_bound":3562429769.0},"point_estimate":3561551618.5,"standard_error":943688.9947622451},"median_abs_dev":{"confidence_interval":{"confidence_level":0.95,"lower_bound":328389.2224699259,"upper_bound":3174015.9993499517},"point_estimate":1510147.422489524,"standard_error":808122.3664639439},"slope":null,"std_dev":{"confidence_interval":{"confidence_level":0.95,"lower_bound":931549.783006171,"upper_bound":2354383.88720231},"point_estimate":1976247.0020290592,"standard_error":341302.6476613988}}