{"mean":{"confidence_interval":{"confidence_level":0.95,"lower_bound":6318703725.1,"upper_bound":6346134669.277499},"point_estimate":6333067042.8,"standard_error":6989488.90615929},"median":{"confidence_interval":{"confidence_level":0.95,"lower_bound":6314471936.0,"upper_bound":6349134461.5},"point_estimate":6336769349.0,"standard_error":7468026.832818406},"median_abs_dev":{"confidence_interval":{"confidence_level":0.95,"lower_bound":2322301.603370905,"upper_bound":39118903.64820063},"point_estimate":20083900.43773949,"standard_error":10527255.884709049},"slope":null,"std_dev":{"confidence_interval":{"confidence_level":0.95,"lower_bound":11285307.668330612,"upper_bound":30470985.582672287},"point_estimate":23204435.37961833,"standard_error":4988362.639675176}}