{"mean":{"confidence_interval":{"confidence_level":0.95,"lower_bound":-0.0031438383503750974,"upper_bound":-0.00035387969523172937},"point_estimate":-0.0016871667117759337,"standard_error":0.0007146220038847428},"median":{"confidence_interval":{"confidence_level":0.95,"lower_bound":-0.004464371157953506,"upper_bound":-0.000021386126379363546},"point_estimate":-0.0006894546866205165,"standard_error":0.0011199206278077953}}