{"mean":{"confidence_interval":{"confidence_level":0.95,"lower_bound":-0.00013291373137676833,"upper_bound":0.0056229757809239615},"point_estimate":0.002603926665901035,"standard_error":0.0014652661599762588},"median":{"confidence_interval":{"confidence_level":0.95,"lower_bound":-0.0016055843393079083,"upper_bound":0.006502600183954321},"point_estimate":0.0017492811807848785,"standard_error":0.002160592649183539}}