{"mean":{"confidence_interval":{"confidence_level":0.95,"lower_bound":-0.003042092019209894,"upper_bound":0.003726920291925637},"point_estimate":0.000058507881346869794,"standard_error":0.0017611719994873396},"median":{"confidence_interval":{"confidence_level":0.95,"lower_bound":-0.00483749858956295,"upper_bound":0.004473529207014382},"point_estimate":-0.0010002084833777847,"standard_error":0.0021191307707835202}}