{"mean":{"confidence_interval":{"confidence_level":0.95,"lower_bound":6043799091.0,"upper_bound":6092024410.5},"point_estimate":6069962281.5,"standard_error":12391884.894021368},"median":{"confidence_interval":{"confidence_level":0.95,"lower_bound":6049000237.0,"upper_bound":6099546624.0},"point_estimate":6078362875.0,"standard_error":13086800.232914178},"median_abs_dev":{"confidence_interval":{"confidence_level":0.95,"lower_bound":6332898.359468579,"upper_bound":62706748.24653268},"point_estimate":35318962.10936308,"standard_error":14316890.245513717},"slope":null,"std_dev":{"confidence_interval":{"confidence_level":0.95,"lower_bound":16326822.73063499,"upper_bound":55827720.979944535},"point_estimate":41610195.54082874,"standard_error":10679618.917491693}}