{"mean":{"confidence_interval":{"confidence_level":0.95,"lower_bound":1812140551.7,"upper_bound":1813994988.5},"point_estimate":1812934656.4,"standard_error":484824.63203374034},"median":{"confidence_interval":{"confidence_level":0.95,"lower_bound":1811936816.5,"upper_bound":1813205374.0},"point_estimate":1812691640.0,"standard_error":297502.8610672217},"median_abs_dev":{"confidence_interval":{"confidence_level":0.95,"lower_bound":105728.65192294121,"upper_bound":1773188.0859196186},"point_estimate":704065.9711003304,"standard_error":439082.5555042308},"slope":null,"std_dev":{"confidence_interval":{"confidence_level":0.95,"lower_bound":465039.4627311488,"upper_bound":2376846.013472151},"point_estimate":1617433.5651919679,"standard_error":582156.6600499948}}