{"mean":{"confidence_interval":{"confidence_level":0.95,"lower_bound":1277939758.6275,"upper_bound":1280452216.25},"point_estimate":1279201981.6,"standard_error":643271.0236105203},"median":{"confidence_interval":{"confidence_level":0.95,"lower_bound":1277494954.0,"upper_bound":1280727676.0},"point_estimate":1279392692.0,"standard_error":745848.9110720423},"median_abs_dev":{"confidence_interval":{"confidence_level":0.95,"lower_bound":351674.9376565218,"upper_bound":3803672.5016713142},"point_estimate":2051234.1436833143,"standard_error":930433.4974220524},"slope":null,"std_dev":{"confidence_interval":{"confidence_level":0.95,"lower_bound":1168959.205274623,"upper_bound":2723564.64602506},"point_estimate":2138455.2797276718,"standard_error":398020.8055128928}}