{"mean":{"confidence_interval":{"confidence_level":0.95,"lower_bound":1030980371.785,"upper_bound":1033671325.3425},"point_estimate":1032381485.8,"standard_error":689770.3321015778},"median":{"confidence_interval":{"confidence_level":0.95,"lower_bound":1030585768.5,"upper_bound":1033956082.0},"point_estimate":1032645771.0,"standard_error":707738.7921502268},"median_abs_dev":{"confidence_interval":{"confidence_level":0.95,"lower_bound":226229.18868362904,"upper_bound":4160738.1728321314},"point_estimate":1266189.3033206463,"standard_error":1002126.2130181203},"slope":null,"std_dev":{"confidence_interval":{"confidence_level":0.95,"lower_bound":1060098.929013729,"upper_bound":2956722.270868827},"point_estimate":2291793.6444603964,"standard_error":489087.780004799}}