{"mean":{"confidence_interval":{"confidence_level":0.95,"lower_bound":0.001352184311721122,"upper_bound":0.0028445082234237295},"point_estimate":0.001988866793349864,"standard_error":0.0003897036699688085},"median":{"confidence_interval":{"confidence_level":0.95,"lower_bound":0.0010952708131717337,"upper_bound":0.0022310221521861795},"point_estimate":0.0018800945332002605,"standard_error":0.00030850716509083875}}