{"mean":{"confidence_interval":{"confidence_level":0.95,"lower_bound":512749675.7625,"upper_bound":513055720.9},"point_estimate":512893605.1,"standard_error":78458.93113593473},"median":{"confidence_interval":{"confidence_level":0.95,"lower_bound":512697091.0,"upper_bound":513220564.0},"point_estimate":512818256.0,"standard_error":122090.61841741097},"median_abs_dev":{"confidence_interval":{"confidence_level":0.95,"lower_bound":30350.304061174393,"upper_bound":365038.35251927376},"point_estimate":218174.22302663326,"standard_error":98249.45744333474},"slope":null,"std_dev":{"confidence_interval":{"confidence_level":0.95,"lower_bound":105389.03993870968,"upper_bound":304617.2517840854},"point_estimate":259933.72861021926,"standard_error":43264.18611687158}}