{"mean":{"confidence_interval":{"confidence_level":0.95,"lower_bound":619821841.0,"upper_bound":620449620.31},"point_estimate":620112455.9,"standard_error":161700.69434265172},"median":{"confidence_interval":{"confidence_level":0.95,"lower_bound":619738546.5,"upper_bound":620499229.0},"point_estimate":619850491.0,"standard_error":210987.80550003028},"median_abs_dev":{"confidence_interval":{"confidence_level":0.95,"lower_bound":8219.534254074097,"upper_bound":857233.3743810654},"point_estimate":177906.8077415228,"standard_error":214633.1285880709},"slope":null,"std_dev":{"confidence_interval":{"confidence_level":0.95,"lower_bound":114248.3098569963,"upper_bound":664815.0343606526},"point_estimate":543512.3253406597,"standard_error":125329.1445373741}}