{"mean":{"confidence_interval":{"confidence_level":0.95,"lower_bound":0.004097170070049977,"upper_bound":0.005649640806121375},"point_estimate":0.004890901537429659,"standard_error":0.0003970634991177078},"median":{"confidence_interval":{"confidence_level":0.95,"lower_bound":0.00382078191254287,"upper_bound":0.006076603288630356},"point_estimate":0.004720404274371148,"standard_error":0.0006141463794150885}}