{"mean":{"confidence_interval":{"confidence_level":0.95,"lower_bound":435880819.1,"upper_bound":436121844.95},"point_estimate":436001183.15,"standard_error":61369.453881853784},"median":{"confidence_interval":{"confidence_level":0.95,"lower_bound":435893285.0,"upper_bound":436088907.5},"point_estimate":436006032.25,"standard_error":42284.4156901766},"median_abs_dev":{"confidence_interval":{"confidence_level":0.95,"lower_bound":16823.803201317787,"upper_bound":330276.2015864253},"point_estimate":92592.07485616207,"standard_error":81137.49182506376},"slope":null,"std_dev":{"confidence_interval":{"confidence_level":0.95,"lower_bound":69270.66477515332,"upper_bound":281297.2049698171},"point_estimate":204276.74196500226,"standard_error":53709.188275001005}}