{"mean":{"confidence_interval":{"confidence_level":0.95,"lower_bound":-0.00023076360019866324,"upper_bound":0.0032328941434964986},"point_estimate":0.001469902485684127,"standard_error":0.0008800079416674094},"median":{"confidence_interval":{"confidence_level":0.95,"lower_bound":-0.0010723589908253617,"upper_bound":0.0032910328849999892},"point_estimate":0.001112566859414521,"standard_error":0.0011246564125233032}}