{"mean":{"confidence_interval":{"confidence_level":0.95,"lower_bound":244737046.84875,"upper_bound":246060008.1},"point_estimate":245433056.4,"standard_error":340161.0674387744},"median":{"confidence_interval":{"confidence_level":0.95,"lower_bound":244207637.5,"upper_bound":246334899.5},"point_estimate":246024410.25,"standard_error":599278.6054081579},"median_abs_dev":{"confidence_interval":{"confidence_level":0.95,"lower_bound":121004.25010174513,"upper_bound":1858655.5266022682},"point_estimate":665072.1091926098,"standard_error":482955.40988888574},"slope":null,"std_dev":{"confidence_interval":{"confidence_level":0.95,"lower_bound":578034.0241604897,"upper_bound":1293365.659571536},"point_estimate":1123164.2782714083,"standard_error":177958.12329797688}}