{"mean":{"confidence_interval":{"confidence_level":0.95,"lower_bound":1074159837.7525,"upper_bound":1076938494.01},"point_estimate":1075454461.6,"standard_error":716427.2590225257},"median":{"confidence_interval":{"confidence_level":0.95,"lower_bound":1073858456.0,"upper_bound":1076927988.5},"point_estimate":1074701665.0,"standard_error":725068.6942603787},"median_abs_dev":{"confidence_interval":{"confidence_level":0.95,"lower_bound":201589.85972106457,"upper_bound":3817419.168627262},"point_estimate":1286916.7922526598,"standard_error":982475.8866563793},"slope":null,"std_dev":{"confidence_interval":{"confidence_level":0.95,"lower_bound":906805.3554102936,"upper_bound":3103761.767870609},"point_estimate":2403087.2043833393,"standard_error":555775.8616569792}}