{"mean":{"confidence_interval":{"confidence_level":0.95,"lower_bound":1172157668.68,"upper_bound":1175718033.5},"point_estimate":1173941344.0,"standard_error":908394.4120533285},"median":{"confidence_interval":{"confidence_level":0.95,"lower_bound":1170834699.0,"upper_bound":1176446084.5},"point_estimate":1174174057.5,"standard_error":1533747.6615634477},"median_abs_dev":{"confidence_interval":{"confidence_level":0.95,"lower_bound":493323.280441761,"upper_bound":5037148.236572742},"point_estimate":3832278.526863456,"standard_error":1202372.190443488},"slope":null,"std_dev":{"confidence_interval":{"confidence_level":0.95,"lower_bound":1899713.607007377,"upper_bound":3589134.172708485},"point_estimate":3013784.0922784177,"standard_error":430697.1594909726}}