{"mean":{"confidence_interval":{"confidence_level":0.95,"lower_bound":1209373627.085,"upper_bound":1212228512.7},"point_estimate":1210782472.5,"standard_error":732520.2787265969},"median":{"confidence_interval":{"confidence_level":0.95,"lower_bound":1208662138.5,"upper_bound":1212813102.0},"point_estimate":1210514609.0,"standard_error":1076533.2110076784},"median_abs_dev":{"confidence_interval":{"confidence_level":0.95,"lower_bound":689876.0067522526,"upper_bound":4234777.732917666},"point_estimate":2751174.780356884,"standard_error":890100.036323029},"slope":null,"std_dev":{"confidence_interval":{"confidence_level":0.95,"lower_bound":1437921.2877151864,"upper_bound":2968452.014470544},"point_estimate":2434795.5949042095,"standard_error":389620.7592293223}}