{"mean":{"confidence_interval":{"confidence_level":0.95,"lower_bound":35188585653.3,"upper_bound":35189362982.8},"point_estimate":35188947288.2,"standard_error":199484.3568041559},"median":{"confidence_interval":{"confidence_level":0.95,"lower_bound":35188328718.0,"upper_bound":35189279372.5},"point_estimate":35188929934.5,"standard_error":213758.07402270444},"median_abs_dev":{"confidence_interval":{"confidence_level":0.95,"lower_bound":74074.4011849165,"upper_bound":1066723.2680618763},"point_estimate":635085.7834249735,"standard_error":259421.04529556163},"slope":null,"std_dev":{"confidence_interval":{"confidence_level":0.95,"lower_bound":304603.6469031154,"upper_bound":894378.388366505},"point_estimate":661993.2934082573,"standard_error":163912.79450205292}}