{"mean":{"confidence_interval":{"confidence_level":0.95,"lower_bound":3094640562.5,"upper_bound":3097569561.9},"point_estimate":3095697647.1,"standard_error":856652.4034353994},"median":{"confidence_interval":{"confidence_level":0.95,"lower_bound":3094510363.5,"upper_bound":3095236498.5},"point_estimate":3094780638.5,"standard_error":241887.002845852},"median_abs_dev":{"confidence_interval":{"confidence_level":0.95,"lower_bound":101145.19410431385,"upper_bound":862891.7171806097},"point_estimate":506387.95140981674,"standard_error":249396.86387464535},"slope":null,"std_dev":{"confidence_interval":{"confidence_level":0.95,"lower_bound":245803.20337155342,"upper_bound":4412077.632707904},"point_estimate":2871945.6927768,"standard_error":1494006.6247265115}}