{"mean":{"confidence_interval":{"confidence_level":0.95,"lower_bound":40983049.59968253,"upper_bound":41045405.76382474},"point_estimate":41013647.002433866,"standard_error":16030.151555118879},"median":{"confidence_interval":{"confidence_level":0.95,"lower_bound":40974299.30555555,"upper_bound":41044155.29166667},"point_estimate":41014996.16851851,"standard_error":13960.14243981525},"median_abs_dev":{"confidence_interval":{"confidence_level":0.95,"lower_bound":9201.843221634994,"upper_bound":94088.9407362543},"point_estimate":28297.582622621165,"standard_error":24026.98637461193},"slope":{"confidence_interval":{"confidence_level":0.95,"lower_bound":40979273.32125604,"upper_bound":41036213.51199942},"point_estimate":41009534.13160173,"standard_error":14233.369119776833},"std_dev":{"confidence_interval":{"confidence_level":0.95,"lower_bound":24470.418885195988,"upper_bound":71672.67122718276},"point_estimate":53541.08693717556,"standard_error":12126.066239411275}}