{"mean":{"confidence_interval":{"confidence_level":0.95,"lower_bound":41183606.58137235,"upper_bound":41451806.57017196},"point_estimate":41285216.83187831,"standard_error":75482.75454063703},"median":{"confidence_interval":{"confidence_level":0.95,"lower_bound":41176486.49166667,"upper_bound":41278437.527777776},"point_estimate":41198730.82142857,"standard_error":30813.36130751217},"median_abs_dev":{"confidence_interval":{"confidence_level":0.95,"lower_bound":5502.089313429119,"upper_bound":126339.51514813234},"point_estimate":61686.392963178485,"standard_error":37699.941075182964},"slope":{"confidence_interval":{"confidence_level":0.95,"lower_bound":41182207.29937351,"upper_bound":41224002.30291005},"point_estimate":41196962.21298701,"standard_error":10603.948166166458},"std_dev":{"confidence_interval":{"confidence_level":0.95,"lower_bound":32639.142084096045,"upper_bound":386551.85236399085},"point_estimate":251977.44858803498,"standard_error":120575.99113262458}}