{"mean":{"confidence_interval":{"confidence_level":0.95,"lower_bound":40747887.24712037,"upper_bound":40991936.18435185},"point_estimate":40842561.11287037,"standard_error":67432.56591416635},"median":{"confidence_interval":{"confidence_level":0.95,"lower_bound":40739149.833333336,"upper_bound":40845492.3125},"point_estimate":40769435.9,"standard_error":29921.68397968922},"median_abs_dev":{"confidence_interval":{"confidence_level":0.95,"lower_bound":11062.057290275401,"upper_bound":135530.06658636327},"point_estimate":58658.05484860546,"standard_error":35316.24420512409},"slope":{"confidence_interval":{"confidence_level":0.95,"lower_bound":40762970.71919192,"upper_bound":40833306.71038251},"point_estimate":40796349.08831169,"standard_error":17898.205228072013},"std_dev":{"confidence_interval":{"confidence_level":0.95,"lower_bound":32079.058183365873,"upper_bound":341679.5333366224},"point_estimate":224648.3263839635,"standard_error":103780.44612315486}}