{"mean":{"confidence_interval":{"confidence_level":0.95,"lower_bound":41004396.48463822,"upper_bound":41034474.43},"point_estimate":41019622.74683862,"standard_error":7649.607343135058},"median":{"confidence_interval":{"confidence_level":0.95,"lower_bound":41005645.455026455,"upper_bound":41040028.21666667},"point_estimate":41015782.60416667,"standard_error":8727.382863232151},"median_abs_dev":{"confidence_interval":{"confidence_level":0.95,"lower_bound":5126.477708985775,"upper_bound":45353.53626981562},"point_estimate":19252.859305969276,"standard_error":10520.529464103429},"slope":{"confidence_interval":{"confidence_level":0.95,"lower_bound":41007306.5738758,"upper_bound":41028380.60804899},"point_estimate":41017258.15238095,"standard_error":5403.127162969582},"std_dev":{"confidence_interval":{"confidence_level":0.95,"lower_bound":12566.434376607274,"upper_bound":33939.66583306041},"point_estimate":25609.33923090948,"standard_error":5390.554155813984}}