{"mean":{"confidence_interval":{"confidence_level":0.95,"lower_bound":1551100341.9,"upper_bound":1552496114.6},"point_estimate":1551693839.7,"standard_error":366929.8198787441},"median":{"confidence_interval":{"confidence_level":0.95,"lower_bound":1550998152.5,"upper_bound":1552057216.0},"point_estimate":1551298869.0,"standard_error":268582.395875982},"median_abs_dev":{"confidence_interval":{"confidence_level":0.95,"lower_bound":11449.378296732903,"upper_bound":1333620.174023509},"point_estimate":442047.560352087,"standard_error":332623.82827330765},"slope":null,"std_dev":{"confidence_interval":{"confidence_level":0.95,"lower_bound":285018.33123884816,"upper_bound":1801741.029693656},"point_estimate":1240171.0909340114,"standard_error":451916.406431079}}