{"mean":{"confidence_interval":{"confidence_level":0.95,"lower_bound":-0.0010209405783691255,"upper_bound":0.00009960733614652865},"point_estimate":-0.0004173522825685616,"standard_error":0.0002861466180406407},"median":{"confidence_interval":{"confidence_level":0.95,"lower_bound":-0.0007353086879726689,"upper_bound":0.0002319583097962763},"point_estimate":-0.0004309168654771378,"standard_error":0.00027649210759494005}}