{"mean":{"confidence_interval":{"confidence_level":0.95,"lower_bound":437801194.295,"upper_bound":439719289.775},"point_estimate":438602394.0,"standard_error":502952.16558436153},"median":{"confidence_interval":{"confidence_level":0.95,"lower_bound":437691832.5,"upper_bound":439176610.5},"point_estimate":438017176.25,"standard_error":365998.8339411736},"median_abs_dev":{"confidence_interval":{"confidence_level":0.95,"lower_bound":108479.61617410183,"upper_bound":1829608.7985679507},"point_estimate":546070.481005311,"standard_error":491158.58789134887},"slope":null,"std_dev":{"confidence_interval":{"confidence_level":0.95,"lower_bound":444806.92874687543,"upper_bound":2466956.9937698604},"point_estimate":1677900.434826347,"standard_error":609556.4619374237}}