{"mean":{"confidence_interval":{"confidence_level":0.95,"lower_bound":0.0006156917708368848,"upper_bound":0.001062532775510494},"point_estimate":0.0008536040223814378,"standard_error":0.00011722382199058881},"median":{"confidence_interval":{"confidence_level":0.95,"lower_bound":0.0006668397240920942,"upper_bound":0.0011797907067074842},"point_estimate":0.0009877249897871643,"standard_error":0.00014111833321477275}}