{"mean":{"confidence_interval":{"confidence_level":0.95,"lower_bound":352166542.75,"upper_bound":352860770.25},"point_estimate":352487073.35,"standard_error":177566.28379114423},"median":{"confidence_interval":{"confidence_level":0.95,"lower_bound":352055243.0,"upper_bound":352784951.0},"point_estimate":352384192.5,"standard_error":166949.37646781027},"median_abs_dev":{"confidence_interval":{"confidence_level":0.95,"lower_bound":13605.81995844841,"upper_bound":912744.8825955391},"point_estimate":406521.8704327941,"standard_error":229988.89342494518},"slope":null,"std_dev":{"confidence_interval":{"confidence_level":0.95,"lower_bound":229038.8699229165,"upper_bound":781871.1108630445},"point_estimate":588268.4141180817,"standard_error":145774.44558896404}}