{"mean":{"confidence_interval":{"confidence_level":0.95,"lower_bound":241796974.42374998,"upper_bound":254244299.65},"point_estimate":249172082.45,"standard_error":3146419.925246505},"median":{"confidence_interval":{"confidence_level":0.95,"lower_bound":241565605.0,"upper_bound":254373575.5},"point_estimate":253846184.0,"standard_error":2790767.6878366563},"median_abs_dev":{"confidence_interval":{"confidence_level":0.95,"lower_bound":139138.30102980137,"upper_bound":17944132.83662796},"point_estimate":645847.9766339064,"standard_error":2859978.927766629},"slope":null,"std_dev":{"confidence_interval":{"confidence_level":0.95,"lower_bound":425671.7489161386,"upper_bound":12981858.029793128},"point_estimate":10458912.876809444,"standard_error":3523133.737461135}}