{"mean":{"confidence_interval":{"confidence_level":0.95,"lower_bound":754249115.5849999,"upper_bound":755259378.0},"point_estimate":754768454.1,"standard_error":255958.66619948487},"median":{"confidence_interval":{"confidence_level":0.95,"lower_bound":753790754.0,"upper_bound":755473134.5},"point_estimate":754912813.0,"standard_error":400301.7103024001},"median_abs_dev":{"confidence_interval":{"confidence_level":0.95,"lower_bound":148839.69395756721,"upper_bound":1437607.5122773647},"point_estimate":994486.5495443344,"standard_error":362659.2591040921},"slope":null,"std_dev":{"confidence_interval":{"confidence_level":0.95,"lower_bound":495281.2202526667,"upper_bound":1010869.8377575402},"point_estimate":850016.6785017875,"standard_error":128052.53127269054}}