{"mean":{"confidence_interval":{"confidence_level":0.95,"lower_bound":-0.008297313982370734,"upper_bound":-0.0012779844305038377},"point_estimate":-0.004712913077704273,"standard_error":0.001797850712441761},"median":{"confidence_interval":{"confidence_level":0.95,"lower_bound":-0.009886351830194595,"upper_bound":0.0017633963793481922},"point_estimate":-0.005362094372132642,"standard_error":0.0031988784352390063}}