{"mean":{"confidence_interval":{"confidence_level":0.95,"lower_bound":35026739347.1,"upper_bound":35684149214.8125},"point_estimate":35445060132.3,"standard_error":192131892.635602},"median":{"confidence_interval":{"confidence_level":0.95,"lower_bound":35528717963.0,"upper_bound":35691441046.0},"point_estimate":35671552469.5,"standard_error":57489577.719961174},"median_abs_dev":{"confidence_interval":{"confidence_level":0.95,"lower_bound":8272449.729734659,"upper_bound":194791565.07555842},"point_estimate":42127498.555487394,"standard_error":67156602.80882141},"slope":null,"std_dev":{"confidence_interval":{"confidence_level":0.95,"lower_bound":28916654.128524303,"upper_bound":989260037.5914558},"point_estimate":645241359.3814749,"standard_error":333597989.7840456}}