{"mean":{"confidence_interval":{"confidence_level":0.95,"lower_bound":-0.0004297022117499548,"upper_bound":0.0006816340946241783},"point_estimate":0.00008670042443847947,"standard_error":0.0002856275151464957},"median":{"confidence_interval":{"confidence_level":0.95,"lower_bound":-0.0007342097950318038,"upper_bound":0.000756448470910609},"point_estimate":-0.00028723663631757823,"standard_error":0.0003597105400306074}}