{"mean":{"confidence_interval":{"confidence_level":0.95,"lower_bound":-0.0014323170495751324,"upper_bound":0.00019849541947042866},"point_estimate":-0.0005401327602713168,"standard_error":0.00041823792052503273},"median":{"confidence_interval":{"confidence_level":0.95,"lower_bound":-0.0012268502295403882,"upper_bound":0.00023784897383638537},"point_estimate":-0.000405225244707097,"standard_error":0.00038066584334304354}}