{"mean":{"confidence_interval":{"confidence_level":0.95,"lower_bound":-0.0061721946285216095,"upper_bound":0.002185493457360319},"point_estimate":-0.002163379074221705,"standard_error":0.002129068086413396},"median":{"confidence_interval":{"confidence_level":0.95,"lower_bound":-0.007118655684559716,"upper_bound":0.001267651807131287},"point_estimate":-0.004188148124661617,"standard_error":0.002202748685914636}}