{"mean":{"confidence_interval":{"confidence_level":0.95,"lower_bound":957804096.7,"upper_bound":957955885.3},"point_estimate":957874885.1,"standard_error":39398.167697791876},"median":{"confidence_interval":{"confidence_level":0.95,"lower_bound":957768613.0,"upper_bound":958012062.0},"point_estimate":957827918.5,"standard_error":67352.54024282667},"median_abs_dev":{"confidence_interval":{"confidence_level":0.95,"lower_bound":16990.59569835663,"upper_bound":215345.42227685452},"point_estimate":127689.6640330553,"standard_error":57489.442399789215},"slope":null,"std_dev":{"confidence_interval":{"confidence_level":0.95,"lower_bound":73417.53557147563,"upper_bound":157710.88514254318},"point_estimate":132379.22917760003,"standard_error":21483.12557319832}}