{"mean":{"confidence_interval":{"confidence_level":0.95,"lower_bound":1414459892.0,"upper_bound":1418152531.4},"point_estimate":1416283644.7,"standard_error":944854.5571733216},"median":{"confidence_interval":{"confidence_level":0.95,"lower_bound":1413823402.5,"upper_bound":1418845664.5},"point_estimate":1415812718.0,"standard_error":1415310.3179232678},"median_abs_dev":{"confidence_interval":{"confidence_level":0.95,"lower_bound":626713.5413736105,"upper_bound":5282328.759419918},"point_estimate":3386153.8165837526,"standard_error":1148247.2063562726},"slope":null,"std_dev":{"confidence_interval":{"confidence_level":0.95,"lower_bound":1823602.0298685306,"upper_bound":3880446.319372777},"point_estimate":3139198.772278085,"standard_error":521798.259413348}}