{"mean":{"confidence_interval":{"confidence_level":0.95,"lower_bound":12406128022.9,"upper_bound":12493264408.4},"point_estimate":12450357138.5,"standard_error":22330126.71163629},"median":{"confidence_interval":{"confidence_level":0.95,"lower_bound":12386538753.0,"upper_bound":12500690619.0},"point_estimate":12465107440.0,"standard_error":28838422.033853102},"median_abs_dev":{"confidence_interval":{"confidence_level":0.95,"lower_bound":12044598.449465632,"upper_bound":136597309.99991298},"point_estimate":59163779.089432955,"standard_error":30715951.822836258},"slope":null,"std_dev":{"confidence_interval":{"confidence_level":0.95,"lower_bound":40738112.41591084,"upper_bound":94517559.42689955},"point_estimate":74388193.12026696,"standard_error":13664331.149140641}}