{"mean":{"confidence_interval":{"confidence_level":0.95,"lower_bound":12427414527.3,"upper_bound":12502305701.2},"point_estimate":12465483095.2,"standard_error":19236817.16572666},"median":{"confidence_interval":{"confidence_level":0.95,"lower_bound":12414902581.0,"upper_bound":12514372159.0},"point_estimate":12460391126.0,"standard_error":25688752.572057422},"median_abs_dev":{"confidence_interval":{"confidence_level":0.95,"lower_bound":13597274.252200127,"upper_bound":110206585.68844199},"point_estimate":73791761.29113436,"standard_error":26654726.70316756},"slope":null,"std_dev":{"confidence_interval":{"confidence_level":0.95,"lower_bound":35757925.71003937,"upper_bound":81325024.10594176},"point_estimate":64433207.01402886,"standard_error":11649078.66002527}}