{"mean":{"confidence_interval":{"confidence_level":0.95,"lower_bound":1222837233.8675,"upper_bound":1225322964.38},"point_estimate":1223996656.0,"standard_error":639062.887627694},"median":{"confidence_interval":{"confidence_level":0.95,"lower_bound":1222714472.5,"upper_bound":1225576609.5},"point_estimate":1223379326.0,"standard_error":643508.644544853},"median_abs_dev":{"confidence_interval":{"confidence_level":0.95,"lower_bound":261694.46265399456,"upper_bound":3559291.1002099514},"point_estimate":1319376.8360763788,"standard_error":832853.4279720316},"slope":null,"std_dev":{"confidence_interval":{"confidence_level":0.95,"lower_bound":772832.9381729707,"upper_bound":2822059.1163458535},"point_estimate":2141627.488652445,"standard_error":516444.5662883509}}