{"mean":{"confidence_interval":{"confidence_level":0.95,"lower_bound":41101225.37358466,"upper_bound":41188491.30194444},"point_estimate":41141151.134140216,"standard_error":22350.79005524373},"median":{"confidence_interval":{"confidence_level":0.95,"lower_bound":41081215.333333336,"upper_bound":41190938.38690476},"point_estimate":41118991.483333334,"standard_error":23682.175703102213},"median_abs_dev":{"confidence_interval":{"confidence_level":0.95,"lower_bound":7903.822826351899,"upper_bound":116449.76475759973},"point_estimate":57712.08811290378,"standard_error":26175.98226693776},"slope":{"confidence_interval":{"confidence_level":0.95,"lower_bound":41116468.93548387,"upper_bound":41243035.43971978},"point_estimate":41175968.31428572,"standard_error":35570.90890064241},"std_dev":{"confidence_interval":{"confidence_level":0.95,"lower_bound":26146.848698944752,"upper_bound":97740.0341864151},"point_estimate":74431.79111050582,"standard_error":18986.665621758166}}