{"mean":{"confidence_interval":{"confidence_level":0.95,"lower_bound":227789537.96666664,"upper_bound":228191238.13333336},"point_estimate":227973724.86666664,"standard_error":103394.79610466155},"median":{"confidence_interval":{"confidence_level":0.95,"lower_bound":227709890.0,"upper_bound":228192395.33333334},"point_estimate":227903653.0,"standard_error":102640.73635033035},"median_abs_dev":{"confidence_interval":{"confidence_level":0.95,"lower_bound":19349.412256479263,"upper_bound":526579.7275513484},"point_estimate":315943.04279089713,"standard_error":136700.13007753942},"slope":null,"std_dev":{"confidence_interval":{"confidence_level":0.95,"lower_bound":149064.28308362054,"upper_bound":466656.670010275},"point_estimate":343813.5566093199,"standard_error":87949.89272228214}}