{"mean":{"confidence_interval":{"confidence_level":0.95,"lower_bound":434737230.55,"upper_bound":435278095.95},"point_estimate":434966022.5,"standard_error":141502.1840668862},"median":{"confidence_interval":{"confidence_level":0.95,"lower_bound":434770923.0,"upper_bound":435077354.75},"point_estimate":434836964.5,"standard_error":71002.0376977542},"median_abs_dev":{"confidence_interval":{"confidence_level":0.95,"lower_bound":14802.278137207031,"upper_bound":605240.3046548367},"point_estimate":109806.17250055075,"standard_error":140181.4706800522},"slope":null,"std_dev":{"confidence_interval":{"confidence_level":0.95,"lower_bound":67922.45715767438,"upper_bound":685379.4030608988},"point_estimate":469186.2251983629,"standard_error":173170.72227091822}}