{"mean":{"confidence_interval":{"confidence_level":0.95,"lower_bound":35597898886.17,"upper_bound":37007771362.747505},"point_estimate":36311110049.8,"standard_error":342812553.8049777},"median":{"confidence_interval":{"confidence_level":0.95,"lower_bound":34878579298.0,"upper_bound":37030954422.0},"point_estimate":37003425707.5,"standard_error":557746462.1664381},"median_abs_dev":{"confidence_interval":{"confidence_level":0.95,"lower_bound":12755796.467739344,"upper_bound":1639478649.3828356},"point_estimate":42889418.54276061,"standard_error":489480369.5741983},"slope":null,"std_dev":{"confidence_interval":{"confidence_level":0.95,"lower_bound":26562570.66552786,"upper_bound":1275739117.1330554},"point_estimate":1138827908.7778115,"standard_error":237971761.01525933}}