{"mean":{"confidence_interval":{"confidence_level":0.95,"lower_bound":1402178450.9,"upper_bound":1403238759.6},"point_estimate":1402672248.9,"standard_error":271180.5517598435},"median":{"confidence_interval":{"confidence_level":0.95,"lower_bound":1402119502.5,"upper_bound":1403225706.0},"point_estimate":1402365531.5,"standard_error":274349.1320036366},"median_abs_dev":{"confidence_interval":{"confidence_level":0.95,"lower_bound":39774.45079386234,"upper_bound":1391501.618295908},"point_estimate":690285.9456449747,"standard_error":340206.80901966285},"slope":null,"std_dev":{"confidence_interval":{"confidence_level":0.95,"lower_bound":373492.8535549539,"upper_bound":1230927.6525035726},"point_estimate":910203.8568134614,"standard_error":231877.66244579683}}