{"mean":{"confidence_interval":{"confidence_level":0.95,"lower_bound":-0.368198971617398,"upper_bound":-0.3667332926373487},"point_estimate":-0.3674819671851093,"standard_error":0.00037512476577441324},"median":{"confidence_interval":{"confidence_level":0.95,"lower_bound":-0.3686389821123094,"upper_bound":-0.3663741331422411},"point_estimate":-0.36795796917627743,"standard_error":0.0006172222788794351}}