{"mean":{"confidence_interval":{"confidence_level":0.95,"lower_bound":-0.008211392391016896,"upper_bound":0.016516988455757577},"point_estimate":0.0019448577646286047,"standard_error":0.006324779004244117},"median":{"confidence_interval":{"confidence_level":0.95,"lower_bound":-0.010964855617717317,"upper_bound":0.009261119830902276},"point_estimate":-0.004032805634654912,"standard_error":0.00576321742416899}}