{"mean":{"confidence_interval":{"confidence_level":0.95,"lower_bound":15329091794.5,"upper_bound":15330400250.2},"point_estimate":15329758372.1,"standard_error":333834.39975816384},"median":{"confidence_interval":{"confidence_level":0.95,"lower_bound":15328937019.5,"upper_bound":15330629581.0},"point_estimate":15329782157.0,"standard_error":439909.5260556744},"median_abs_dev":{"confidence_interval":{"confidence_level":0.95,"lower_bound":255672.14156091213,"upper_bound":1899030.4303854704},"point_estimate":1045615.4922366142,"standard_error":419249.1333234273},"slope":null,"std_dev":{"confidence_interval":{"confidence_level":0.95,"lower_bound":634002.9258812261,"upper_bound":1400219.1157369525},"point_estimate":1113193.399691621,"standard_error":198709.95869570188}}