{"mean":{"confidence_interval":{"confidence_level":0.95,"lower_bound":1513512113.0,"upper_bound":1517067265.1},"point_estimate":1514827652.7,"standard_error":1019516.2858912072},"median":{"confidence_interval":{"confidence_level":0.95,"lower_bound":1513283786.5,"upper_bound":1514518832.0},"point_estimate":1513947774.0,"standard_error":418954.6428610263},"median_abs_dev":{"confidence_interval":{"confidence_level":0.95,"lower_bound":118923.05038869381,"upper_bound":1439154.6053498983},"point_estimate":881840.0861442089,"standard_error":448608.1689686943},"slope":null,"std_dev":{"confidence_interval":{"confidence_level":0.95,"lower_bound":415677.0784723435,"upper_bound":5200154.323871417},"point_estimate":3377534.643360517,"standard_error":1670352.9902316534}}