{"mean":{"confidence_interval":{"confidence_level":0.95,"lower_bound":31470312419.3,"upper_bound":32412608249.0975},"point_estimate":31860891323.9,"standard_error":246214593.85838175},"median":{"confidence_interval":{"confidence_level":0.95,"lower_bound":31461601999.0,"upper_bound":32331793887.0},"point_estimate":31491349064.5,"standard_error":197038998.84485772},"median_abs_dev":{"confidence_interval":{"confidence_level":0.95,"lower_bound":6312181.2487363815,"upper_bound":1224998497.3438292},"point_estimate":30957688.946691155,"standard_error":203202111.84450817},"slope":null,"std_dev":{"confidence_interval":{"confidence_level":0.95,"lower_bound":22310972.31360506,"upper_bound":1061925131.5562881},"point_estimate":818626585.2302943,"standard_error":284886237.17283833}}