{"mean":{"confidence_interval":{"confidence_level":0.95,"lower_bound":1243062929.6,"upper_bound":1244364204.5},"point_estimate":1243696313.7,"standard_error":332832.48150813865},"median":{"confidence_interval":{"confidence_level":0.95,"lower_bound":1242891033.5,"upper_bound":1244510229.5},"point_estimate":1243613712.0,"standard_error":394199.86099303496},"median_abs_dev":{"confidence_interval":{"confidence_level":0.95,"lower_bound":332790.3204917908,"upper_bound":1893731.618079543},"point_estimate":1006649.0584284067,"standard_error":420938.2930429909},"slope":null,"std_dev":{"confidence_interval":{"confidence_level":0.95,"lower_bound":595741.306491052,"upper_bound":1417274.8097623598},"point_estimate":1108687.122727102,"standard_error":212250.97359135674}}