{"mean":{"confidence_interval":{"confidence_level":0.95,"lower_bound":0.0036175712690984575,"upper_bound":0.00482539361258798},"point_estimate":0.004245655680304328,"standard_error":0.0003078430057568613},"median":{"confidence_interval":{"confidence_level":0.95,"lower_bound":0.0031464685240165657,"upper_bound":0.005257282196712065},"point_estimate":0.004359699069219625,"standard_error":0.000536568354794608}}