{"mean":{"confidence_interval":{"confidence_level":0.95,"lower_bound":-0.0003865230884233517,"upper_bound":0.0006919069787982346},"point_estimate":0.0001440304705899731,"standard_error":0.00027543828452863625},"median":{"confidence_interval":{"confidence_level":0.95,"lower_bound":-0.0007478408291096139,"upper_bound":0.0010652999161919752},"point_estimate":0.0002403927180294474,"standard_error":0.00045478029604306263}}