{"mean":{"confidence_interval":{"confidence_level":0.95,"lower_bound":1204596136.0,"upper_bound":1209949393.4},"point_estimate":1207095755.2,"standard_error":1374768.0806153112},"median":{"confidence_interval":{"confidence_level":0.95,"lower_bound":1203621594.5,"upper_bound":1210695380.0},"point_estimate":1206618943.0,"standard_error":1464562.2126731188},"median_abs_dev":{"confidence_interval":{"confidence_level":0.95,"lower_bound":352796.52453660965,"upper_bound":7575679.633104801},"point_estimate":3397248.8534867764,"standard_error":1800213.9194461498},"slope":null,"std_dev":{"confidence_interval":{"confidence_level":0.95,"lower_bound":1904804.249336754,"upper_bound":5831638.569641933},"point_estimate":4613043.146604896,"standard_error":1007645.3083831677}}