{"mean":{"confidence_interval":{"confidence_level":0.95,"lower_bound":328978539.52250004,"upper_bound":329228295.51125},"point_estimate":329096443.3,"standard_error":64614.16230926301},"median":{"confidence_interval":{"confidence_level":0.95,"lower_bound":328920381.5,"upper_bound":329274429.25},"point_estimate":329076537.5,"standard_error":87909.09928587441},"median_abs_dev":{"confidence_interval":{"confidence_level":0.95,"lower_bound":21405.037119984627,"upper_bound":363037.5838547945},"point_estimate":219323.6086562276,"standard_error":92784.23744467305},"slope":null,"std_dev":{"confidence_interval":{"confidence_level":0.95,"lower_bound":103336.95866846103,"upper_bound":273170.72555075365},"point_estimate":216156.812990554,"standard_error":43689.18861771474}}