{"mean":{"confidence_interval":{"confidence_level":0.95,"lower_bound":-0.0006664356650323638,"upper_bound":0.000026368300209689213},"point_estimate":-0.00032986599540163475,"standard_error":0.0001762510356962663},"median":{"confidence_interval":{"confidence_level":0.95,"lower_bound":-0.000685451455683439,"upper_bound":0.00003865948202741443},"point_estimate":-0.0004376946620994193,"standard_error":0.00019755114841391578}}