{"mean":{"confidence_interval":{"confidence_level":0.95,"lower_bound":-0.0016728228013348722,"upper_bound":0.0002521136628564231},"point_estimate":-0.0006856600020954673,"standard_error":0.0004872218749956681},"median":{"confidence_interval":{"confidence_level":0.95,"lower_bound":-0.0019252142693566565,"upper_bound":0.0004156724365027564},"point_estimate":-0.0008896000559203143,"standard_error":0.0005879387424402556}}