{"mean":{"confidence_interval":{"confidence_level":0.95,"lower_bound":-0.001418295549575399,"upper_bound":-0.0004352977962926191},"point_estimate":-0.0008703160642759,"standard_error":0.0002527197350537676},"median":{"confidence_interval":{"confidence_level":0.95,"lower_bound":-0.0013212719924425853,"upper_bound":-0.0002905752627162528},"point_estimate":-0.0005442176392311815,"standard_error":0.0002865150011078}}