{"mean":{"confidence_interval":{"confidence_level":0.95,"lower_bound":5798906460.7225,"upper_bound":5828065185.7},"point_estimate":5813819832.5,"standard_error":7448550.823421514},"median":{"confidence_interval":{"confidence_level":0.95,"lower_bound":5799529044.0,"upper_bound":5835724686.5},"point_estimate":5808694970.5,"standard_error":11145406.79754931},"median_abs_dev":{"confidence_interval":{"confidence_level":0.95,"lower_bound":4110194.115829468,"upper_bound":47513503.307166696},"point_estimate":26810801.964113116,"standard_error":11241606.866729997},"slope":null,"std_dev":{"confidence_interval":{"confidence_level":0.95,"lower_bound":14202155.617353063,"upper_bound":32438987.7777659},"point_estimate":24914555.55248666,"standard_error":4928605.917762622}}