{"mean":{"confidence_interval":{"confidence_level":0.95,"lower_bound":5344093904.5,"upper_bound":5373129871.2725},"point_estimate":5358284675.2,"standard_error":7405162.541383386},"median":{"confidence_interval":{"confidence_level":0.95,"lower_bound":5337473311.0,"upper_bound":5373475889.5},"point_estimate":5360629804.0,"standard_error":8394418.126738377},"median_abs_dev":{"confidence_interval":{"confidence_level":0.95,"lower_bound":1211460.6078922749,"upper_bound":41365989.24840689},"point_estimate":26189935.797035694,"standard_error":10582412.040649073},"slope":null,"std_dev":{"confidence_interval":{"confidence_level":0.95,"lower_bound":12756072.272068897,"upper_bound":32135324.80142105},"point_estimate":24692507.40896312,"standard_error":5016883.646024337}}