{"mean":{"confidence_interval":{"confidence_level":0.95,"lower_bound":1146073905.3775,"upper_bound":1148063730.6},"point_estimate":1147044616.8,"standard_error":510009.2818685907},"median":{"confidence_interval":{"confidence_level":0.95,"lower_bound":1145684219.5,"upper_bound":1148851529.0},"point_estimate":1146793689.5,"standard_error":683920.9413412114},"median_abs_dev":{"confidence_interval":{"confidence_level":0.95,"lower_bound":54765.760427713394,"upper_bound":2881255.136847496},"point_estimate":2030846.91144526,"standard_error":868301.7843344267},"slope":null,"std_dev":{"confidence_interval":{"confidence_level":0.95,"lower_bound":897524.892055826,"upper_bound":2073696.0485189643},"point_estimate":1707799.439693328,"standard_error":283426.3155068841}}