{"mean":{"confidence_interval":{"confidence_level":0.95,"lower_bound":1115952143.4,"upper_bound":1121452166.5},"point_estimate":1118258523.3,"standard_error":1440532.8377876119},"median":{"confidence_interval":{"confidence_level":0.95,"lower_bound":1115322945.0,"upper_bound":1119394605.0},"point_estimate":1117087772.5,"standard_error":1107631.8739384902},"median_abs_dev":{"confidence_interval":{"confidence_level":0.95,"lower_bound":537005.8647662401,"upper_bound":4978749.36490953},"point_estimate":3018321.5044140816,"standard_error":1108282.7183710972},"slope":null,"std_dev":{"confidence_interval":{"confidence_level":0.95,"lower_bound":1435063.240551346,"upper_bound":7062307.765957838},"point_estimate":4768430.118910744,"standard_error":1787490.8770267281}}