{"mean":{"confidence_interval":{"confidence_level":0.95,"lower_bound":28250452560.725002,"upper_bound":28334500189.2825},"point_estimate":28291795161.3,"standard_error":21588707.277527332},"median":{"confidence_interval":{"confidence_level":0.95,"lower_bound":28240074868.5,"upper_bound":28353319404.0},"point_estimate":28275802818.5,"standard_error":33238468.13971809},"median_abs_dev":{"confidence_interval":{"confidence_level":0.95,"lower_bound":11074118.899995089,"upper_bound":120099860.41130126},"point_estimate":74302523.65376651,"standard_error":28134052.552352797},"slope":null,"std_dev":{"confidence_interval":{"confidence_level":0.95,"lower_bound":42121603.65615509,"upper_bound":90238191.5974396},"point_estimate":71930906.12373593,"standard_error":12296887.37419376}}