{"mean":{"confidence_interval":{"confidence_level":0.95,"lower_bound":-0.001762880372355865,"upper_bound":0.004258862604012596},"point_estimate":0.001398541835358813,"standard_error":0.0015217077169345707},"median":{"confidence_interval":{"confidence_level":0.95,"lower_bound":-0.0036975837731736405,"upper_bound":0.005674759035898536},"point_estimate":0.0019767577121507784,"standard_error":0.002264399903467305}}