{"mean":{"confidence_interval":{"confidence_level":0.95,"lower_bound":433815000.25,"upper_bound":433999669.75},"point_estimate":433900694.75,"standard_error":47546.92860190713},"median":{"confidence_interval":{"confidence_level":0.95,"lower_bound":433782024.0,"upper_bound":433977827.25},"point_estimate":433891056.0,"standard_error":41784.90795433347},"median_abs_dev":{"confidence_interval":{"confidence_level":0.95,"lower_bound":13365.638762712479,"upper_bound":249551.5982195735},"point_estimate":109826.55825018883,"standard_error":71612.49753167122},"slope":null,"std_dev":{"confidence_interval":{"confidence_level":0.95,"lower_bound":67692.73978541241,"upper_bound":218878.8692370039},"point_estimate":160234.41547312454,"standard_error":41737.48276811581}}