{"mean":{"confidence_interval":{"confidence_level":0.95,"lower_bound":439809956.1,"upper_bound":440108219.02},"point_estimate":439957923.5,"standard_error":76510.44712889747},"median":{"confidence_interval":{"confidence_level":0.95,"lower_bound":439685459.5,"upper_bound":440175529.5},"point_estimate":440033337.75,"standard_error":148741.5216440691},"median_abs_dev":{"confidence_interval":{"confidence_level":0.95,"lower_bound":19128.504860401154,"upper_bound":468783.285677433},"point_estimate":352237.95499652624,"standard_error":119312.11673238702},"slope":null,"std_dev":{"confidence_interval":{"confidence_level":0.95,"lower_bound":170506.8454889898,"upper_bound":302450.42265652586},"point_estimate":255990.099829835,"standard_error":34552.75335461857}}