{"mean":{"confidence_interval":{"confidence_level":0.95,"lower_bound":-0.002382192971290675,"upper_bound":0.010443475301486652},"point_estimate":0.002934818536730166,"standard_error":0.0034923409725486445},"median":{"confidence_interval":{"confidence_level":0.95,"lower_bound":-0.0030609934370426917,"upper_bound":0.0037098788910061575},"point_estimate":-0.0006892048607382018,"standard_error":0.002148461003633958}}