{"mean":{"confidence_interval":{"confidence_level":0.95,"lower_bound":2436216919.4,"upper_bound":2437961300.3},"point_estimate":2437055850.5,"standard_error":445505.0292687914},"median":{"confidence_interval":{"confidence_level":0.95,"lower_bound":2436131057.0,"upper_bound":2438250395.0},"point_estimate":2436655686.0,"standard_error":531765.633370377},"median_abs_dev":{"confidence_interval":{"confidence_level":0.95,"lower_bound":157354.26560640335,"upper_bound":2517208.6437106133},"point_estimate":986222.53729105,"standard_error":644755.6110370067},"slope":null,"std_dev":{"confidence_interval":{"confidence_level":0.95,"lower_bound":715690.3239702366,"upper_bound":1895431.423511776},"point_estimate":1490017.4181489921,"standard_error":288286.07377892453}}