{"mean":{"confidence_interval":{"confidence_level":0.95,"lower_bound":91578700729.715,"upper_bound":91580546502.3},"point_estimate":91579692429.7,"standard_error":469693.622807377},"median":{"confidence_interval":{"confidence_level":0.95,"lower_bound":91578977196.5,"upper_bound":91580657239.0},"point_estimate":91579942678.0,"standard_error":420785.3375393112},"median_abs_dev":{"confidence_interval":{"confidence_level":0.95,"lower_bound":217791.7122334242,"upper_bound":2212233.3813250065},"point_estimate":1079169.694840908,"standard_error":511798.86990573414},"slope":null,"std_dev":{"confidence_interval":{"confidence_level":0.95,"lower_bound":599350.1082137404,"upper_bound":2183362.769888252},"point_estimate":1570706.9990467527,"standard_error":434182.4020562685}}