{"mean":{"confidence_interval":{"confidence_level":0.95,"lower_bound":0.00034870952695942314,"upper_bound":0.0012894504006531024},"point_estimate":0.0008149281770493122,"standard_error":0.00023949562086320644},"median":{"confidence_interval":{"confidence_level":0.95,"lower_bound":0.0001323252673579578,"upper_bound":0.001437313496184922},"point_estimate":0.0006948792851197982,"standard_error":0.00035030895571083547}}