{"mean":{"confidence_interval":{"confidence_level":0.95,"lower_bound":401006050.35,"upper_bound":401193064.5},"point_estimate":401088724.05,"standard_error":48248.350322907565},"median":{"confidence_interval":{"confidence_level":0.95,"lower_bound":400954826.5,"upper_bound":401156088.0},"point_estimate":401060537.25,"standard_error":55787.802107043135},"median_abs_dev":{"confidence_interval":{"confidence_level":0.95,"lower_bound":11054.265403747559,"upper_bound":233748.93575012684},"point_estimate":135309.85724776983,"standard_error":51966.47306057841},"slope":null,"std_dev":{"confidence_interval":{"confidence_level":0.95,"lower_bound":65802.42615368457,"upper_bound":227743.61117925888},"point_estimate":159979.72593676604,"standard_error":48822.77636174255}}