{"mean":{"confidence_interval":{"confidence_level":0.95,"lower_bound":-0.0010640884315945534,"upper_bound":0.0004493505826801969},"point_estimate":-0.0002793938888919767,"standard_error":0.0003889582039951756},"median":{"confidence_interval":{"confidence_level":0.95,"lower_bound":-0.0013252601614280879,"upper_bound":0.0005581056309356125},"point_estimate":-0.000015150368596672514,"standard_error":0.00044872322697220285}}