{"mean":{"confidence_interval":{"confidence_level":0.95,"lower_bound":15409946525.6,"upper_bound":15415351847.810001},"point_estimate":15412605813.7,"standard_error":1394395.172651032},"median":{"confidence_interval":{"confidence_level":0.95,"lower_bound":15408168288.0,"upper_bound":15415268400.0},"point_estimate":15413172306.0,"standard_error":2134077.6934747677},"median_abs_dev":{"confidence_interval":{"confidence_level":0.95,"lower_bound":582538.7338578701,"upper_bound":8671166.081956029},"point_estimate":4783739.283871651,"standard_error":1992664.1224102797},"slope":null,"std_dev":{"confidence_interval":{"confidence_level":0.95,"lower_bound":2709453.8080225876,"upper_bound":5983815.192549269},"point_estimate":4692064.482645732,"standard_error":871317.3659329352}}