{"mean":{"confidence_interval":{"confidence_level":0.95,"lower_bound":0.000707698649196209,"upper_bound":0.0019157558460095145},"point_estimate":0.001309864851517073,"standard_error":0.0003089626481486102},"median":{"confidence_interval":{"confidence_level":0.95,"lower_bound":0.00015930870424862853,"upper_bound":0.0022371342552929274},"point_estimate":0.0013230876005108083,"standard_error":0.00046860893762520645}}