{"mean":{"confidence_interval":{"confidence_level":0.95,"lower_bound":-0.0018494594032795045,"upper_bound":-0.0008807370623862694},"point_estimate":-0.0013860348274611356,"standard_error":0.0002466926436678907},"median":{"confidence_interval":{"confidence_level":0.95,"lower_bound":-0.002221541249900927,"upper_bound":-0.0007967254443927985},"point_estimate":-0.0013939832275179365,"standard_error":0.00031784669896709427}}