{"mean":{"confidence_interval":{"confidence_level":0.95,"lower_bound":439712125.3,"upper_bound":439900994.8},"point_estimate":439806479.05,"standard_error":48502.61136843194},"median":{"confidence_interval":{"confidence_level":0.95,"lower_bound":439664083.5,"upper_bound":439934510.75},"point_estimate":439829800.5,"standard_error":71788.91004974557},"median_abs_dev":{"confidence_interval":{"confidence_level":0.95,"lower_bound":18325.306324660778,"upper_bound":273038.9470025897},"point_estimate":227116.8954178691,"standard_error":72580.22685121153},"slope":null,"std_dev":{"confidence_interval":{"confidence_level":0.95,"lower_bound":95188.55706422619,"upper_bound":200816.1189028687},"point_estimate":162025.7568283598,"standard_error":27024.396995519433}}