{"mean":{"confidence_interval":{"confidence_level":0.95,"lower_bound":443716462.82874995,"upper_bound":444633286.34375},"point_estimate":444116953.0,"standard_error":239251.33523320884},"median":{"confidence_interval":{"confidence_level":0.95,"lower_bound":443568438.5,"upper_bound":444494547.0},"point_estimate":443904516.0,"standard_error":193509.07501534358},"median_abs_dev":{"confidence_interval":{"confidence_level":0.95,"lower_bound":55537.08306401968,"upper_bound":972233.835889399},"point_estimate":415746.6074690223,"standard_error":234476.0124323866},"slope":null,"std_dev":{"confidence_interval":{"confidence_level":0.95,"lower_bound":203055.23039435147,"upper_bound":1101146.8189135636},"point_estimate":796229.568040001,"standard_error":248200.8495718007}}