{"mean":{"confidence_interval":{"confidence_level":0.95,"lower_bound":1342659392.6425,"upper_bound":1345216602.6025},"point_estimate":1343935791.2,"standard_error":655587.2172742448},"median":{"confidence_interval":{"confidence_level":0.95,"lower_bound":1341790394.0,"upper_bound":1345926990.0},"point_estimate":1343997615.0,"standard_error":1457329.897514233},"median_abs_dev":{"confidence_interval":{"confidence_level":0.95,"lower_bound":189658.63643288612,"upper_bound":3394670.6121325493},"point_estimate":3103959.444093704,"standard_error":951321.2776214312},"slope":null,"std_dev":{"confidence_interval":{"confidence_level":0.95,"lower_bound":1525874.7750845265,"upper_bound":2441381.8754133023},"point_estimate":2184496.162649502,"standard_error":236213.0468192289}}