{"mean":{"confidence_interval":{"confidence_level":0.95,"lower_bound":112519662148.5675,"upper_bound":112941834606.6575},"point_estimate":112722990070.8,"standard_error":108007194.13276908},"median":{"confidence_interval":{"confidence_level":0.95,"lower_bound":112443910209.0,"upper_bound":112992483763.0},"point_estimate":112657588009.5,"standard_error":164887187.8166826},"median_abs_dev":{"confidence_interval":{"confidence_level":0.95,"lower_bound":33122269.34096217,"upper_bound":627109794.3859756},"point_estimate":343259793.60972047,"standard_error":147126640.19964942},"slope":null,"std_dev":{"confidence_interval":{"confidence_level":0.95,"lower_bound":196222208.43873194,"upper_bound":463704357.5759737},"point_estimate":360480009.2240637,"standard_error":70742544.924485}}