{"mean":{"confidence_interval":{"confidence_level":0.95,"lower_bound":1132611824456.7,"upper_bound":1151845475780.4},"point_estimate":1143036690223.0,"standard_error":4944853917.3627},"median":{"confidence_interval":{"confidence_level":0.95,"lower_bound":1133463392215.0,"upper_bound":1155937759046.0},"point_estimate":1147972197861.0,"standard_error":6438630039.783309},"median_abs_dev":{"confidence_interval":{"confidence_level":0.95,"lower_bound":823038482.506746,"upper_bound":26379100972.30634},"point_estimate":11842168301.746586,"standard_error":6761288602.990006},"slope":null,"std_dev":{"confidence_interval":{"confidence_level":0.95,"lower_bound":6159042043.588337,"upper_bound":21798881715.844105},"point_estimate":16462412146.770472,"standard_error":4064523344.4628396}}