{"mean":{"confidence_interval":{"confidence_level":0.95,"lower_bound":0.0016105590716871067,"upper_bound":0.0073767152372564695},"point_estimate":0.00372777611863917,"standard_error":0.001629341164261264},"median":{"confidence_interval":{"confidence_level":0.95,"lower_bound":0.0013279004310717824,"upper_bound":0.0033458670765542653},"point_estimate":0.002304891137157039,"standard_error":0.0006981806916925129}}