{"mean":{"confidence_interval":{"confidence_level":0.95,"lower_bound":1093393152.8025,"upper_bound":1110194974.8825},"point_estimate":1101370123.3,"standard_error":4295157.620215104},"median":{"confidence_interval":{"confidence_level":0.95,"lower_bound":1089219459.5,"upper_bound":1114946336.5},"point_estimate":1095047595.5,"standard_error":7618961.882901738},"median_abs_dev":{"confidence_interval":{"confidence_level":0.95,"lower_bound":1402280.1201045513,"upper_bound":22810805.797827244},"point_estimate":10234322.383904457,"standard_error":6404369.562033998},"slope":null,"std_dev":{"confidence_interval":{"confidence_level":0.95,"lower_bound":7654234.109587873,"upper_bound":16944779.331773918},"point_estimate":14300911.907869466,"standard_error":2301116.5896703578}}