{"mean":{"confidence_interval":{"confidence_level":0.95,"lower_bound":-0.004207602774189597,"upper_bound":-0.00010480006236882706},"point_estimate":-0.0021398556343685815,"standard_error":0.0010492290673716213},"median":{"confidence_interval":{"confidence_level":0.95,"lower_bound":-0.005855956322014633,"upper_bound":0.0005081351167430803},"point_estimate":-0.002039719654694405,"standard_error":0.002070233364843639}}