{"mean":{"confidence_interval":{"confidence_level":0.95,"lower_bound":-0.09548187075321646,"upper_bound":-0.09457281882029153},"point_estimate":-0.09503403931334453,"standard_error":0.00023444716597526507},"median":{"confidence_interval":{"confidence_level":0.95,"lower_bound":-0.09584535617463585,"upper_bound":-0.09431916572877175},"point_estimate":-0.09519304074078061,"standard_error":0.0003913606424825703}}