{"mean":{"confidence_interval":{"confidence_level":0.95,"lower_bound":1002504781.7,"upper_bound":1010425237.9425},"point_estimate":1005958390.9,"standard_error":2055365.8362320412},"median":{"confidence_interval":{"confidence_level":0.95,"lower_bound":1000790938.0,"upper_bound":1007997045.0},"point_estimate":1004589039.5,"standard_error":1841335.8408208466},"median_abs_dev":{"confidence_interval":{"confidence_level":0.95,"lower_bound":1129195.583152771,"upper_bound":8605581.789520383},"point_estimate":5341887.0242625475,"standard_error":1898781.9289387525},"slope":null,"std_dev":{"confidence_interval":{"confidence_level":0.95,"lower_bound":2391766.6176021225,"upper_bound":9817585.033563174},"point_estimate":6827030.612010864,"standard_error":2228881.7055259096}}