{"mean":{"confidence_interval":{"confidence_level":0.95,"lower_bound":0.00017763542468274867,"upper_bound":0.003015608827783461},"point_estimate":0.0013546921957567903,"standard_error":0.0007334307932859835},"median":{"confidence_interval":{"confidence_level":0.95,"lower_bound":-0.0003696655736450394,"upper_bound":0.001832338927071575},"point_estimate":0.0007649602820301027,"standard_error":0.0005378130550237229}}