{"mean":{"confidence_interval":{"confidence_level":0.95,"lower_bound":0.0009203559816836516,"upper_bound":0.006851787341182302},"point_estimate":0.003971972311728633,"standard_error":0.0015178128645516279},"median":{"confidence_interval":{"confidence_level":0.95,"lower_bound":-0.0011629347662474032,"upper_bound":0.008587665945857994},"point_estimate":0.004960404330498269,"standard_error":0.002546227757760999}}