{"mean":{"confidence_interval":{"confidence_level":0.95,"lower_bound":331362095.3,"upper_bound":331781961.95},"point_estimate":331560830.4,"standard_error":108487.90521495331},"median":{"confidence_interval":{"confidence_level":0.95,"lower_bound":331261862.75,"upper_bound":331799430.0},"point_estimate":331486591.25,"standard_error":139590.2303830246},"median_abs_dev":{"confidence_interval":{"confidence_level":0.95,"lower_bound":77842.42901802063,"upper_bound":574580.8784991503},"point_estimate":358585.7067838311,"standard_error":133984.64582286245},"slope":null,"std_dev":{"confidence_interval":{"confidence_level":0.95,"lower_bound":162682.3728654245,"upper_bound":461121.2386372422},"point_estimate":364575.61012740096,"standard_error":74512.62806964618}}