{"mean":{"confidence_interval":{"confidence_level":0.95,"lower_bound":703481247.505,"upper_bound":704304133.6},"point_estimate":703892489.5,"standard_error":209502.3974849195},"median":{"confidence_interval":{"confidence_level":0.95,"lower_bound":703389227.0,"upper_bound":704552596.5},"point_estimate":703768861.0,"standard_error":356448.7900210805},"median_abs_dev":{"confidence_interval":{"confidence_level":0.95,"lower_bound":70780.80534338951,"upper_bound":1161966.2316709757},"point_estimate":702972.5536197424,"standard_error":295870.5856148556},"slope":null,"std_dev":{"confidence_interval":{"confidence_level":0.95,"lower_bound":433085.5863341198,"upper_bound":864315.1649340328},"point_estimate":702099.7747945088,"standard_error":110911.97561415102}}