{"mean":{"confidence_interval":{"confidence_level":0.95,"lower_bound":433646348.0925,"upper_bound":434018555.005},"point_estimate":433831800.95,"standard_error":94657.1286871801},"median":{"confidence_interval":{"confidence_level":0.95,"lower_bound":433495159.5,"upper_bound":434123509.25},"point_estimate":433864292.0,"standard_error":155359.42317439124},"median_abs_dev":{"confidence_interval":{"confidence_level":0.95,"lower_bound":71575.47892928123,"upper_bound":542120.4640254378},"point_estimate":412842.93542057276,"standard_error":119775.52259110837},"slope":null,"std_dev":{"confidence_interval":{"confidence_level":0.95,"lower_bound":195407.27495879956,"upper_bound":378943.6866353371},"point_estimate":317350.8333706168,"standard_error":46343.557686850465}}