{"mean":{"confidence_interval":{"confidence_level":0.95,"lower_bound":18853324638.4,"upper_bound":18972911460.9},"point_estimate":18909382818.5,"standard_error":30473017.32581652},"median":{"confidence_interval":{"confidence_level":0.95,"lower_bound":18815267546.0,"upper_bound":18996635973.0},"point_estimate":18894956953.5,"standard_error":39863415.627232134},"median_abs_dev":{"confidence_interval":{"confidence_level":0.95,"lower_bound":13272789.456760883,"upper_bound":165315416.78486466},"point_estimate":122561767.33469367,"standard_error":41975899.927257925},"slope":null,"std_dev":{"confidence_interval":{"confidence_level":0.95,"lower_bound":47671848.5773004,"upper_bound":130304973.76309147},"point_estimate":101427585.97637647,"standard_error":21107798.27941605}}