{"mean":{"confidence_interval":{"confidence_level":0.95,"lower_bound":18943069118.767498,"upper_bound":19009897500.1375},"point_estimate":18976405087.3,"standard_error":17044381.986648303},"median":{"confidence_interval":{"confidence_level":0.95,"lower_bound":18931979626.5,"upper_bound":19014263081.0},"point_estimate":18975977883.5,"standard_error":17921727.827354517},"median_abs_dev":{"confidence_interval":{"confidence_level":0.95,"lower_bound":11134632.700520754,"upper_bound":97112702.31180489},"point_estimate":45153109.26267207,"standard_error":23976039.87160417},"slope":null,"std_dev":{"confidence_interval":{"confidence_level":0.95,"lower_bound":28397073.290408913,"upper_bound":74352824.59278676},"point_estimate":56950935.6222407,"standard_error":11626297.88304677}}