{"mean":{"confidence_interval":{"confidence_level":0.95,"lower_bound":0.0009486788487489128,"upper_bound":0.0024397376440333735},"point_estimate":0.0016830473813904678,"standard_error":0.00037997916622766186},"median":{"confidence_interval":{"confidence_level":0.95,"lower_bound":0.0007573525171713502,"upper_bound":0.002610809470122044},"point_estimate":0.0016963823146580737,"standard_error":0.00045160187792983244}}