{"mean":{"confidence_interval":{"confidence_level":0.95,"lower_bound":452766390.22375,"upper_bound":453264230.99125},"point_estimate":453014732.65,"standard_error":128226.06998320016},"median":{"confidence_interval":{"confidence_level":0.95,"lower_bound":452576260.0,"upper_bound":453475304.0},"point_estimate":453011567.25,"standard_error":196568.93305852677},"median_abs_dev":{"confidence_interval":{"confidence_level":0.95,"lower_bound":94761.11861765385,"upper_bound":740020.5030620098},"point_estimate":666461.3053679466,"standard_error":188850.33082350015},"slope":null,"std_dev":{"confidence_interval":{"confidence_level":0.95,"lower_bound":258561.10175097926,"upper_bound":514441.96891817066},"point_estimate":429875.9296034051,"standard_error":64318.19565214258}}