{"mean":{"confidence_interval":{"confidence_level":0.95,"lower_bound":448768556.55,"upper_bound":449120509.4},"point_estimate":448946357.85,"standard_error":90582.4138360545},"median":{"confidence_interval":{"confidence_level":0.95,"lower_bound":448605474.5,"upper_bound":449181523.0},"point_estimate":449005179.25,"standard_error":131638.65175546706},"median_abs_dev":{"confidence_interval":{"confidence_level":0.95,"lower_bound":30503.753158450127,"upper_bound":534721.9195067883},"point_estimate":290281.2140464783,"standard_error":132677.0876648217},"slope":null,"std_dev":{"confidence_interval":{"confidence_level":0.95,"lower_bound":175760.84250781077,"upper_bound":371884.0650933358},"point_estimate":302663.39881037356,"standard_error":50231.61032136611}}