{"mean":{"confidence_interval":{"confidence_level":0.95,"lower_bound":-0.0015871117036307832,"upper_bound":0.002555371256430844},"point_estimate":0.0006282406796853657,"standard_error":0.001055111911590675},"median":{"confidence_interval":{"confidence_level":0.95,"lower_bound":-0.0011085669610152449,"upper_bound":0.0030009076677535163},"point_estimate":0.001314813208585175,"standard_error":0.0010214163398516544}}