{"mean":{"confidence_interval":{"confidence_level":0.95,"lower_bound":11578829357.155,"upper_bound":11638214349.3775},"point_estimate":11606004698.5,"standard_error":15299046.140745439},"median":{"confidence_interval":{"confidence_level":0.95,"lower_bound":11566704163.0,"upper_bound":11633468167.0},"point_estimate":11595866510.0,"standard_error":15734530.614787772},"median_abs_dev":{"confidence_interval":{"confidence_level":0.95,"lower_bound":1930253.2445311546,"upper_bound":76056151.79823339},"point_estimate":45625053.45149338,"standard_error":19274326.943910055},"slope":null,"std_dev":{"confidence_interval":{"confidence_level":0.95,"lower_bound":19629955.508917525,"upper_bound":68178099.04820237},"point_estimate":50865146.16463975,"standard_error":12884170.388468884}}