{"mean":{"confidence_interval":{"confidence_level":0.95,"lower_bound":-0.0019072421636735309,"upper_bound":-0.0008331181629522818},"point_estimate":-0.0013763114461433634,"standard_error":0.00027476761155018135},"median":{"confidence_interval":{"confidence_level":0.95,"lower_bound":-0.002337814685213102,"upper_bound":-0.0005107890069038223},"point_estimate":-0.0016087006729587072,"standard_error":0.0004902219701498542}}