{"mean":{"confidence_interval":{"confidence_level":0.95,"lower_bound":1175789677.7,"upper_bound":1179533949.5},"point_estimate":1177549578.7,"standard_error":961632.2131213763},"median":{"confidence_interval":{"confidence_level":0.95,"lower_bound":1175429822.5,"upper_bound":1180408437.0},"point_estimate":1177105088.0,"standard_error":1153723.9391429576},"median_abs_dev":{"confidence_interval":{"confidence_level":0.95,"lower_bound":83433.31351876259,"upper_bound":5364269.094765186},"point_estimate":2328960.7011526823,"standard_error":1338941.4657502973},"slope":null,"std_dev":{"confidence_interval":{"confidence_level":0.95,"lower_bound":1235793.5523455695,"upper_bound":4086263.8478499646},"point_estimate":3205624.7273968663,"standard_error":697296.4464318663}}