{"mean":{"confidence_interval":{"confidence_level":0.95,"lower_bound":437743772.09,"upper_bound":439656524.89375},"point_estimate":438543297.25,"standard_error":507838.79322191235},"median":{"confidence_interval":{"confidence_level":0.95,"lower_bound":437498152.5,"upper_bound":438976381.25},"point_estimate":438085365.75,"standard_error":369479.93769086624},"median_abs_dev":{"confidence_interval":{"confidence_level":0.95,"lower_bound":194229.1215017438,"upper_bound":1752077.7155444026},"point_estimate":869499.2946133018,"standard_error":411917.9077759464},"slope":null,"std_dev":{"confidence_interval":{"confidence_level":0.95,"lower_bound":433348.32385755866,"upper_bound":2494925.9812721126},"point_estimate":1691292.1108232483,"standard_error":629494.1433901383}}