{"mean":{"confidence_interval":{"confidence_level":0.95,"lower_bound":1180252756.895,"upper_bound":1180464846.88},"point_estimate":1180350263.1,"standard_error":54800.65472210045},"median":{"confidence_interval":{"confidence_level":0.95,"lower_bound":1180215116.0,"upper_bound":1180495973.5},"point_estimate":1180254229.5,"standard_error":79985.66824376775},"median_abs_dev":{"confidence_interval":{"confidence_level":0.95,"lower_bound":14490.932142734528,"upper_bound":301124.95025396347},"point_estimate":82159.01884138584,"standard_error":79279.33886946458},"slope":null,"std_dev":{"confidence_interval":{"confidence_level":0.95,"lower_bound":69681.43547405681,"upper_bound":223270.74298480956},"point_estimate":183827.4223011294,"standard_error":37493.98188095547}}