{"mean":{"confidence_interval":{"confidence_level":0.95,"lower_bound":-0.0008979274475321707,"upper_bound":-0.00031774774757531443},"point_estimate":-0.0005995360445216757,"standard_error":0.00014787704724382914},"median":{"confidence_interval":{"confidence_level":0.95,"lower_bound":-0.0008604730178293218,"upper_bound":-0.000323168682115349},"point_estimate":-0.000595472896065874,"standard_error":0.00013351760243107723}}