{"mean":{"confidence_interval":{"confidence_level":0.95,"lower_bound":30576380851.45,"upper_bound":30580291656.3},"point_estimate":30578260227.8,"standard_error":1009450.140967773},"median":{"confidence_interval":{"confidence_level":0.95,"lower_bound":30575567952.5,"upper_bound":30580949703.0},"point_estimate":30577031115.5,"standard_error":1382898.5148806581},"median_abs_dev":{"confidence_interval":{"confidence_level":0.95,"lower_bound":451936.5021765232,"upper_bound":5809697.724357247},"point_estimate":3817549.637424946,"standard_error":1355700.5768488671},"slope":null,"std_dev":{"confidence_interval":{"confidence_level":0.95,"lower_bound":1699426.6580845697,"upper_bound":4247874.157287117},"point_estimate":3379904.4028932005,"standard_error":653072.0110504512}}