{"mean":{"confidence_interval":{"confidence_level":0.95,"lower_bound":20709862043.8,"upper_bound":20792130449.6},"point_estimate":20746932610.8,"standard_error":21135704.18002391},"median":{"confidence_interval":{"confidence_level":0.95,"lower_bound":20696921425.0,"upper_bound":20784344488.0},"point_estimate":20723352899.5,"standard_error":26255321.810884055},"median_abs_dev":{"confidence_interval":{"confidence_level":0.95,"lower_bound":5399035.322847962,"upper_bound":109465857.24389255},"point_estimate":42476000.729200244,"standard_error":27161270.77297772},"slope":null,"std_dev":{"confidence_interval":{"confidence_level":0.95,"lower_bound":28035231.235427104,"upper_bound":95957203.50549248},"point_estimate":70391280.91560566,"standard_error":18693642.141083233}}