{"mean":{"confidence_interval":{"confidence_level":0.95,"lower_bound":0.0005178190481996639,"upper_bound":0.050079423057532955},"point_estimate":0.02269524439238335,"standard_error":0.012338994832800671},"median":{"confidence_interval":{"confidence_level":0.95,"lower_bound":-0.010903503068025788,"upper_bound":0.06845279532190562},"point_estimate":0.018688150933921843,"standard_error":0.02492780699967609}}