{"mean":{"confidence_interval":{"confidence_level":0.95,"lower_bound":-0.05894367899216961,"upper_bound":-0.015080665765630517},"point_estimate":-0.036627444306218226,"standard_error":0.011282374189734457},"median":{"confidence_interval":{"confidence_level":0.95,"lower_bound":-0.06915537499594882,"upper_bound":-0.001196121840145059},"point_estimate":-0.02886911536393777,"standard_error":0.022828825982070197}}