{"mean":{"confidence_interval":{"confidence_level":0.95,"lower_bound":1040244654.57,"upper_bound":1071983131.1},"point_estimate":1054937961.8,"standard_error":8187473.529338434},"median":{"confidence_interval":{"confidence_level":0.95,"lower_bound":1034205818.0,"upper_bound":1075465309.0},"point_estimate":1043224808.0,"standard_error":11369997.620136477},"median_abs_dev":{"confidence_interval":{"confidence_level":0.95,"lower_bound":2551694.660398364,"upper_bound":42590675.38936436},"point_estimate":14125630.628719926,"standard_error":10499902.367707837},"slope":null,"std_dev":{"confidence_interval":{"confidence_level":0.95,"lower_bound":8350408.088381818,"upper_bound":32940666.271358833},"point_estimate":27284812.593692336,"standard_error":5638273.322075075}}