{"mean":{"confidence_interval":{"confidence_level":0.95,"lower_bound":439812533.9,"upper_bound":440241804.15},"point_estimate":440013787.3,"standard_error":110682.2566426895},"median":{"confidence_interval":{"confidence_level":0.95,"lower_bound":439758138.5,"upper_bound":440214439.0},"point_estimate":439972643.25,"standard_error":134051.99474037267},"median_abs_dev":{"confidence_interval":{"confidence_level":0.95,"lower_bound":45660.00203937292,"upper_bound":586716.329933703},"point_estimate":315046.93465679884,"standard_error":130233.07270087316},"slope":null,"std_dev":{"confidence_interval":{"confidence_level":0.95,"lower_bound":171996.71381631427,"upper_bound":502524.6898456168},"point_estimate":367718.9985479704,"standard_error":90713.47982112899}}