{"mean":{"confidence_interval":{"confidence_level":0.95,"lower_bound":8952295745.132502,"upper_bound":9010290501.7775},"point_estimate":8981329835.6,"standard_error":14872256.221339082},"median":{"confidence_interval":{"confidence_level":0.95,"lower_bound":8941457375.0,"upper_bound":9028170604.0},"point_estimate":8976893021.0,"standard_error":24328164.273535796},"median_abs_dev":{"confidence_interval":{"confidence_level":0.95,"lower_bound":10539631.972584128,"upper_bound":84216501.40265822},"point_estimate":65781088.30835223,"standard_error":18235606.52563541},"slope":null,"std_dev":{"confidence_interval":{"confidence_level":0.95,"lower_bound":30720664.89760647,"upper_bound":60352038.83457958},"point_estimate":49589852.20007087,"standard_error":7579438.5928065665}}