{"mean":{"confidence_interval":{"confidence_level":0.95,"lower_bound":9697746687.2,"upper_bound":9761152075.067501},"point_estimate":9729128574.3,"standard_error":16284389.2919637},"median":{"confidence_interval":{"confidence_level":0.95,"lower_bound":9685373264.0,"upper_bound":9771416784.0},"point_estimate":9730763777.0,"standard_error":18591920.99458178},"median_abs_dev":{"confidence_interval":{"confidence_level":0.95,"lower_bound":10281163.647472858,"upper_bound":100297759.97445881},"point_estimate":39563972.747299075,"standard_error":23342245.952378944},"slope":null,"std_dev":{"confidence_interval":{"confidence_level":0.95,"lower_bound":29218667.12676151,"upper_bound":68996312.29871546},"point_estimate":54153413.77188316,"standard_error":10260979.018861683}}