{"mean":{"confidence_interval":{"confidence_level":0.95,"lower_bound":9584193654.679998,"upper_bound":9640276416.2},"point_estimate":9613938119.4,"standard_error":14326504.047396021},"median":{"confidence_interval":{"confidence_level":0.95,"lower_bound":9576660561.0,"upper_bound":9641183502.0},"point_estimate":9623679909.0,"standard_error":14341466.030413236},"median_abs_dev":{"confidence_interval":{"confidence_level":0.95,"lower_bound":4358448.068422079,"upper_bound":78124109.6696198},"point_estimate":26383308.346402645,"standard_error":19478172.195102066},"slope":null,"std_dev":{"confidence_interval":{"confidence_level":0.95,"lower_bound":16155265.16903516,"upper_bound":61890950.37429351},"point_estimate":47557489.20938482,"standard_error":10807558.824691549}}