{"mean":{"confidence_interval":{"confidence_level":0.95,"lower_bound":1277413656.8149998,"upper_bound":1277958394.4},"point_estimate":1277710470.1,"standard_error":140296.1247095893},"median":{"confidence_interval":{"confidence_level":0.95,"lower_bound":1277442841.5,"upper_bound":1278037253.0},"point_estimate":1277854117.5,"standard_error":160181.93560972525},"median_abs_dev":{"confidence_interval":{"confidence_level":0.95,"lower_bound":18022.485280036926,"upper_bound":655031.9421708584},"point_estimate":277853.3197671175,"standard_error":184188.05736405557},"slope":null,"std_dev":{"confidence_interval":{"confidence_level":0.95,"lower_bound":163443.1748901672,"upper_bound":636614.407933124},"point_estimate":473237.43216732366,"standard_error":130499.96400404727}}