{"mean":{"confidence_interval":{"confidence_level":0.95,"lower_bound":1025584179.2,"upper_bound":1025913657.7075001},"point_estimate":1025729319.6,"standard_error":85140.16625318036},"median":{"confidence_interval":{"confidence_level":0.95,"lower_bound":1025524986.5,"upper_bound":1025901315.0},"point_estimate":1025654591.0,"standard_error":87807.74431237597},"median_abs_dev":{"confidence_interval":{"confidence_level":0.95,"lower_bound":34007.13689625263,"upper_bound":401386.5147739649},"point_estimate":206743.37722957134,"standard_error":92900.34785519334},"slope":null,"std_dev":{"confidence_interval":{"confidence_level":0.95,"lower_bound":98132.15099202821,"upper_bound":400096.79252013506},"point_estimate":284293.81497598573,"standard_error":85978.47688511122}}