{"mean":{"confidence_interval":{"confidence_level":0.95,"lower_bound":-0.000056303147600661456,"upper_bound":0.00038725729891733165},"point_estimate":0.00018991829806069838,"standard_error":0.00011414917556786792},"median":{"confidence_interval":{"confidence_level":0.95,"lower_bound":0.00005197832083325693,"upper_bound":0.00043459775885290597},"point_estimate":0.00021921871754693179,"standard_error":0.00011072069325025792}}