{"mean":{"confidence_interval":{"confidence_level":0.95,"lower_bound":-0.00997758730431466,"upper_bound":0.0012039322918661662},"point_estimate":-0.0037100085164948338,"standard_error":0.002900240365354864},"median":{"confidence_interval":{"confidence_level":0.95,"lower_bound":-0.009108029092810499,"upper_bound":0.0013684279060890425},"point_estimate":0.0007083861097270105,"standard_error":0.0027695634466718987}}