{"mean":{"confidence_interval":{"confidence_level":0.95,"lower_bound":12736880105.7775,"upper_bound":12802173063.505},"point_estimate":12770334667.5,"standard_error":16703429.78110214},"median":{"confidence_interval":{"confidence_level":0.95,"lower_bound":12735769116.0,"upper_bound":12816393993.0},"point_estimate":12762226563.5,"standard_error":20578990.854335308},"median_abs_dev":{"confidence_interval":{"confidence_level":0.95,"lower_bound":4929849.511277676,"upper_bound":102957456.11253977},"point_estimate":46888776.449757814,"standard_error":24207921.446282182},"slope":null,"std_dev":{"confidence_interval":{"confidence_level":0.95,"lower_bound":30504244.83665207,"upper_bound":72522180.63870557},"point_estimate":55714296.92761553,"standard_error":11027467.297325313}}