{"mean":{"confidence_interval":{"confidence_level":0.95,"lower_bound":1072271408.1925,"upper_bound":1081038054.2275},"point_estimate":1076044412.9,"standard_error":2226887.637260817},"median":{"confidence_interval":{"confidence_level":0.95,"lower_bound":1071498591.0,"upper_bound":1081235230.0},"point_estimate":1072975476.0,"standard_error":2070854.7923214594},"median_abs_dev":{"confidence_interval":{"confidence_level":0.95,"lower_bound":343967.64169335365,"upper_bound":11329609.423059225},"point_estimate":2485357.948476076,"standard_error":2003243.5680601692},"slope":null,"std_dev":{"confidence_interval":{"confidence_level":0.95,"lower_bound":1091236.8044926568,"upper_bound":9309213.837570561},"point_estimate":7380404.338276965,"standard_error":2225562.278902839}}