{"mean":{"confidence_interval":{"confidence_level":0.95,"lower_bound":1071598040.9,"upper_bound":1088923213.5},"point_estimate":1079790269.5,"standard_error":4452637.259928144},"median":{"confidence_interval":{"confidence_level":0.95,"lower_bound":1068641787.0,"upper_bound":1093490887.0},"point_estimate":1070668287.0,"standard_error":7512922.664568065},"median_abs_dev":{"confidence_interval":{"confidence_level":0.95,"lower_bound":315382.3729008436,"upper_bound":25494686.84797883},"point_estimate":4387970.340397954,"standard_error":7718312.601962734},"slope":null,"std_dev":{"confidence_interval":{"confidence_level":0.95,"lower_bound":6841360.784811209,"upper_bound":17914523.50794448},"point_estimate":14832200.28144381,"standard_error":2757396.0784020354}}