{"mean":{"confidence_interval":{"confidence_level":0.95,"lower_bound":-0.00799741326939504,"upper_bound":0.0006248255257446818},"point_estimate":-0.003743755622191536,"standard_error":0.0021991804371018333},"median":{"confidence_interval":{"confidence_level":0.95,"lower_bound":-0.010603864979862654,"upper_bound":0.0025122839501463545},"point_estimate":-0.0027563350342699744,"standard_error":0.003399140268784362}}