{"mean":{"confidence_interval":{"confidence_level":0.95,"lower_bound":1186405498.6,"upper_bound":1190461412.7125},"point_estimate":1188358782.1,"standard_error":1036929.0497344335},"median":{"confidence_interval":{"confidence_level":0.95,"lower_bound":1185563656.5,"upper_bound":1190738125.0},"point_estimate":1187862307.0,"standard_error":1407951.6857164449},"median_abs_dev":{"confidence_interval":{"confidence_level":0.95,"lower_bound":1096204.768538475,"upper_bound":5837500.180363655},"point_estimate":3720813.695642352,"standard_error":1200746.3955586012},"slope":null,"std_dev":{"confidence_interval":{"confidence_level":0.95,"lower_bound":1856143.1949932575,"upper_bound":4465789.631933652},"point_estimate":3458497.96372428,"standard_error":691476.0786370427}}