{"mean":{"confidence_interval":{"confidence_level":0.95,"lower_bound":1403921455.7250001,"upper_bound":1404662175.6},"point_estimate":1404277841.6,"standard_error":190410.909645106},"median":{"confidence_interval":{"confidence_level":0.95,"lower_bound":1403847879.5,"upper_bound":1405019736.0},"point_estimate":1404105963.5,"standard_error":269090.897179297},"median_abs_dev":{"confidence_interval":{"confidence_level":0.95,"lower_bound":97890.14586210251,"upper_bound":1051165.60523808},"point_estimate":452791.96236133575,"standard_error":285089.2945348696},"slope":null,"std_dev":{"confidence_interval":{"confidence_level":0.95,"lower_bound":313554.4520158172,"upper_bound":767220.942646467},"point_estimate":632373.6415680563,"standard_error":107881.89188318564}}