{"mean":{"confidence_interval":{"confidence_level":0.95,"lower_bound":679970499.6,"upper_bound":682857063.2},"point_estimate":681286538.7,"standard_error":756663.8084006611},"median":{"confidence_interval":{"confidence_level":0.95,"lower_bound":679436908.0,"upper_bound":682534036.0},"point_estimate":680872900.0,"standard_error":644323.9672945723},"median_abs_dev":{"confidence_interval":{"confidence_level":0.95,"lower_bound":279044.58884596825,"upper_bound":3870031.4525932074},"point_estimate":1456015.473550558,"standard_error":920682.8390363168},"slope":null,"std_dev":{"confidence_interval":{"confidence_level":0.95,"lower_bound":881578.8057855759,"upper_bound":3503685.925138401},"point_estimate":2576860.3590025357,"standard_error":717937.1433524187}}