{"mean":{"confidence_interval":{"confidence_level":0.95,"lower_bound":680179545.1,"upper_bound":682152397.3725001},"point_estimate":681037089.2,"standard_error":497496.03965666745},"median":{"confidence_interval":{"confidence_level":0.95,"lower_bound":679604406.0,"upper_bound":681216254.0},"point_estimate":681049236.0,"standard_error":408492.4729547457},"median_abs_dev":{"confidence_interval":{"confidence_level":0.95,"lower_bound":68453.12338471413,"upper_bound":2274567.814618349},"point_estimate":278922.27434813976,"standard_error":604482.066211737},"slope":null,"std_dev":{"confidence_interval":{"confidence_level":0.95,"lower_bound":522199.5411380278,"upper_bound":2411624.8061803016},"point_estimate":1648850.2922152083,"standard_error":577243.4525237929}}