{"mean":{"confidence_interval":{"confidence_level":0.95,"lower_bound":0.005507843955166364,"upper_bound":0.010871559457541395},"point_estimate":0.00791669323775479,"standard_error":0.0013329900869410742},"median":{"confidence_interval":{"confidence_level":0.95,"lower_bound":0.004812033958831119,"upper_bound":0.00858819946623135},"point_estimate":0.006070162989960437,"standard_error":0.0010237618642995776}}