{"mean":{"confidence_interval":{"confidence_level":0.95,"lower_bound":769345235.7,"upper_bound":769485850.3},"point_estimate":769412807.2,"standard_error":36240.21931227044},"median":{"confidence_interval":{"confidence_level":0.95,"lower_bound":769322776.5,"upper_bound":769499726.5},"point_estimate":769394030.5,"standard_error":53161.84179803273},"median_abs_dev":{"confidence_interval":{"confidence_level":0.95,"lower_bound":17069.914796948433,"upper_bound":210264.552167058},"point_estimate":115981.57204091549,"standard_error":46555.79624668756},"slope":null,"std_dev":{"confidence_interval":{"confidence_level":0.95,"lower_bound":65978.53357435449,"upper_bound":154647.40747727422},"point_estimate":119860.6913479144,"standard_error":23543.784391259233}}