{"mean":{"confidence_interval":{"confidence_level":0.95,"lower_bound":8246698633.5675,"upper_bound":8290759661.4},"point_estimate":8268922609.6,"standard_error":11307922.198189162},"median":{"confidence_interval":{"confidence_level":0.95,"lower_bound":8235008763.0,"upper_bound":8297656575.0},"point_estimate":8273886695.0,"standard_error":16585291.550021509},"median_abs_dev":{"confidence_interval":{"confidence_level":0.95,"lower_bound":12146818.528550863,"upper_bound":64309806.502872705},"point_estimate":41522204.13593352,"standard_error":13425062.736983567},"slope":null,"std_dev":{"confidence_interval":{"confidence_level":0.95,"lower_bound":22162485.466124322,"upper_bound":46305659.98117105},"point_estimate":37575498.044181705,"standard_error":6120881.037145435}}