{"mean":{"confidence_interval":{"confidence_level":0.95,"lower_bound":1180950375.8,"upper_bound":1182666992.2},"point_estimate":1181749464.9,"standard_error":443975.5900288177},"median":{"confidence_interval":{"confidence_level":0.95,"lower_bound":1180668764.5,"upper_bound":1182658617.0},"point_estimate":1181113599.0,"standard_error":563353.7503567032},"median_abs_dev":{"confidence_interval":{"confidence_level":0.95,"lower_bound":124640.69718718529,"upper_bound":2408552.5981396437},"point_estimate":1007888.512006402,"standard_error":574047.371196668},"slope":null,"std_dev":{"confidence_interval":{"confidence_level":0.95,"lower_bound":560311.1434915822,"upper_bound":1862907.5598113379},"point_estimate":1480464.8103755529,"standard_error":336806.0259039621}}