{"mean":{"confidence_interval":{"confidence_level":0.95,"lower_bound":1165323751.6,"upper_bound":1168911607.3625},"point_estimate":1167063561.9,"standard_error":915272.4311303217},"median":{"confidence_interval":{"confidence_level":0.95,"lower_bound":1164710276.5,"upper_bound":1170359283.5},"point_estimate":1165060147.5,"standard_error":1878034.131010936},"median_abs_dev":{"confidence_interval":{"confidence_level":0.95,"lower_bound":77557.0285230875,"upper_bound":4350549.517062306},"point_estimate":933018.695935607,"standard_error":1408538.2775824193},"slope":null,"std_dev":{"confidence_interval":{"confidence_level":0.95,"lower_bound":1745732.1056162044,"upper_bound":3408468.4689311674},"point_estimate":3055644.6221314,"standard_error":421506.4497341654}}