{"mean":{"confidence_interval":{"confidence_level":0.95,"lower_bound":-0.000543747448216833,"upper_bound":0.009032818072674224},"point_estimate":0.0027786031310799153,"standard_error":0.0028346892708814887},"median":{"confidence_interval":{"confidence_level":0.95,"lower_bound":-0.0007287227559160669,"upper_bound":0.0009317556574344188},"point_estimate":-0.00008172377835524713,"standard_error":0.0003887030521385073}}