{"mean":{"confidence_interval":{"confidence_level":0.95,"lower_bound":-0.04292383978348939,"upper_bound":-0.005879026895533308},"point_estimate":-0.024764018700786705,"standard_error":0.009456905383669544},"median":{"confidence_interval":{"confidence_level":0.95,"lower_bound":-0.04328426107683484,"upper_bound":0.00046511339868859913},"point_estimate":-0.020737369068819178,"standard_error":0.010428219898483785}}