{"mean":{"confidence_interval":{"confidence_level":0.95,"lower_bound":1186204018.915,"upper_bound":1195995364.0},"point_estimate":1190518225.0,"standard_error":2516134.35345969},"median":{"confidence_interval":{"confidence_level":0.95,"lower_bound":1184987006.5,"upper_bound":1195200978.0},"point_estimate":1187619134.5,"standard_error":2512730.658573594},"median_abs_dev":{"confidence_interval":{"confidence_level":0.95,"lower_bound":1258378.2253593206,"upper_bound":12012085.773342848},"point_estimate":4946629.57777977,"standard_error":2749563.5947785177},"slope":null,"std_dev":{"confidence_interval":{"confidence_level":0.95,"lower_bound":2696941.4020565078,"upper_bound":11427899.721247522},"point_estimate":8384966.119740364,"standard_error":2369411.6837573983}}