{"mean":{"confidence_interval":{"confidence_level":0.95,"lower_bound":340459549.1,"upper_bound":341221919.255},"point_estimate":340807173.8,"standard_error":197099.22578497702},"median":{"confidence_interval":{"confidence_level":0.95,"lower_bound":340256087.5,"upper_bound":341204898.5},"point_estimate":340589765.0,"standard_error":221953.38195477432},"median_abs_dev":{"confidence_interval":{"confidence_level":0.95,"lower_bound":28729.822289943695,"upper_bound":995458.3938270807},"point_estimate":498577.98539847136,"standard_error":238963.91493845594},"slope":null,"std_dev":{"confidence_interval":{"confidence_level":0.95,"lower_bound":236336.47021630057,"upper_bound":871458.4436025067},"point_estimate":657366.4476823495,"standard_error":168051.1081840831}}