{"mean":{"confidence_interval":{"confidence_level":0.95,"lower_bound":-0.009540944062791244,"upper_bound":0.002226816484054771},"point_estimate":-0.0036233763507088623,"standard_error":0.0029975868539270038},"median":{"confidence_interval":{"confidence_level":0.95,"lower_bound":-0.010568996235960082,"upper_bound":-0.0010575388824279885},"point_estimate":-0.003952575423975313,"standard_error":0.0022404500613569366}}