{"mean":{"confidence_interval":{"confidence_level":0.95,"lower_bound":0.000016132620112274685,"upper_bound":0.00013243125765161068},"point_estimate":0.00007126881731545076,"standard_error":0.00002973284906579251},"median":{"confidence_interval":{"confidence_level":0.95,"lower_bound":-1.8620413981818018e-6,"upper_bound":0.0001548646752247418},"point_estimate":0.00007158735154710882,"standard_error":0.00003923568454567381}}