{"mean":{"confidence_interval":{"confidence_level":0.95,"lower_bound":-0.0016729329934444454,"upper_bound":-0.001283654821302857},"point_estimate":-0.0014792933976116585,"standard_error":0.00009841647110193791},"median":{"confidence_interval":{"confidence_level":0.95,"lower_bound":-0.001598137916696274,"upper_bound":-0.0012507874295373256},"point_estimate":-0.0014399199120772588,"standard_error":0.00012033976968242812}}