{"mean":{"confidence_interval":{"confidence_level":0.95,"lower_bound":0.00595637885413875,"upper_bound":0.016229954785051987},"point_estimate":0.010838098957228537,"standard_error":0.002555115940367881},"median":{"confidence_interval":{"confidence_level":0.95,"lower_bound":0.008950837500345976,"upper_bound":0.012437341509062838},"point_estimate":0.010529822450365822,"standard_error":0.001088830195760899}}