{"mean":{"confidence_interval":{"confidence_level":0.95,"lower_bound":902954212.355,"upper_bound":903248929.0},"point_estimate":903094250.7,"standard_error":75920.95662695},"median":{"confidence_interval":{"confidence_level":0.95,"lower_bound":902912900.0,"upper_bound":903276660.0},"point_estimate":903052191.5,"standard_error":103277.6638336642},"median_abs_dev":{"confidence_interval":{"confidence_level":0.95,"lower_bound":59088.28065097332,"upper_bound":418270.36327421665},"point_estimate":247003.37951481342,"standard_error":91482.53950449826},"slope":null,"std_dev":{"confidence_interval":{"confidence_level":0.95,"lower_bound":128845.20893265687,"upper_bound":321586.29263691505},"point_estimate":253308.25296642032,"standard_error":49893.02373139888}}