{"mean":{"confidence_interval":{"confidence_level":0.95,"lower_bound":-0.00221531508554508,"upper_bound":0.00036449281273040463},"point_estimate":-0.0009167838896488867,"standard_error":0.0006590500667642614},"median":{"confidence_interval":{"confidence_level":0.95,"lower_bound":-0.003094949406585945,"upper_bound":0.0003139407615975198},"point_estimate":-0.0012230825843303483,"standard_error":0.0008711547583680353}}