{"mean":{"confidence_interval":{"confidence_level":0.95,"lower_bound":-0.00025812394753059996,"upper_bound":0.0006757899602598983},"point_estimate":0.00023186192103219483,"standard_error":0.00023784340098371553},"median":{"confidence_interval":{"confidence_level":0.95,"lower_bound":-0.00041157423890059164,"upper_bound":0.000884429432434608},"point_estimate":0.0003883463647822438,"standard_error":0.00034066321276191947}}