{"mean":{"confidence_interval":{"confidence_level":0.95,"lower_bound":-0.000756142803414272,"upper_bound":0.0008035991236038814},"point_estimate":0.0000654505049029197,"standard_error":0.00039841638953404333},"median":{"confidence_interval":{"confidence_level":0.95,"lower_bound":-0.0010048159335473983,"upper_bound":0.0013432935464581242},"point_estimate":0.00002488094834562915,"standard_error":0.0005741277003055767}}