{"mean":{"confidence_interval":{"confidence_level":0.95,"lower_bound":487407725148.275,"upper_bound":489193821970.1},"point_estimate":488348660427.1,"standard_error":454186265.55095124},"median":{"confidence_interval":{"confidence_level":0.95,"lower_bound":487305862241.0,"upper_bound":489640817116.0},"point_estimate":488442019416.0,"standard_error":621859370.1672877},"median_abs_dev":{"confidence_interval":{"confidence_level":0.95,"lower_bound":394240884.0196252,"upper_bound":2611860689.6721034},"point_estimate":1656011103.156826,"standard_error":542629725.3308551},"slope":null,"std_dev":{"confidence_interval":{"confidence_level":0.95,"lower_bound":810693291.1686077,"upper_bound":1954257976.8990848},"point_estimate":1517178308.8533857,"standard_error":307832778.17179924}}