{"mean":{"confidence_interval":{"confidence_level":0.95,"lower_bound":336900471.3,"upper_bound":337574692.58750004},"point_estimate":337183484.45,"standard_error":179173.85822555242},"median":{"confidence_interval":{"confidence_level":0.95,"lower_bound":336793759.75,"upper_bound":337350386.75},"point_estimate":336997598.25,"standard_error":148497.56468388534},"median_abs_dev":{"confidence_interval":{"confidence_level":0.95,"lower_bound":52774.25801306963,"upper_bound":598998.9294156432},"point_estimate":313951.6639262438,"standard_error":153330.57933181233},"slope":null,"std_dev":{"confidence_interval":{"confidence_level":0.95,"lower_bound":159971.6923760871,"upper_bound":881282.4855272571},"point_estimate":598104.1809271865,"standard_error":223377.34680426455}}