{"mean":{"confidence_interval":{"confidence_level":0.95,"lower_bound":-0.010757953181276857,"upper_bound":0.013279122192608087},"point_estimate":0.0011412162758865918,"standard_error":0.006095397318542722},"median":{"confidence_interval":{"confidence_level":0.95,"lower_bound":-0.011290179171482784,"upper_bound":0.013690361604445256},"point_estimate":-0.00411167419335734,"standard_error":0.006329491710372474}}