{"mean":{"confidence_interval":{"confidence_level":0.95,"lower_bound":-0.05494882901277459,"upper_bound":-0.05363678482644432},"point_estimate":-0.05430125144830489,"standard_error":0.0003351088935535076},"median":{"confidence_interval":{"confidence_level":0.95,"lower_bound":-0.055172999793371535,"upper_bound":-0.053517974728124695},"point_estimate":-0.05435807032905571,"standard_error":0.0004162319235087221}}