{"mean":{"confidence_interval":{"confidence_level":0.95,"lower_bound":1389720560.0,"upper_bound":1390513555.4},"point_estimate":1390045230.7,"standard_error":213336.1120647659},"median":{"confidence_interval":{"confidence_level":0.95,"lower_bound":1389588149.0,"upper_bound":1390099314.0},"point_estimate":1389945116.5,"standard_error":138034.465490642},"median_abs_dev":{"confidence_interval":{"confidence_level":0.95,"lower_bound":68527.25338339806,"upper_bound":643799.0234702826},"point_estimate":248793.61898303032,"standard_error":148814.43246446745},"slope":null,"std_dev":{"confidence_interval":{"confidence_level":0.95,"lower_bound":174656.8166637683,"upper_bound":1066748.998980839},"point_estimate":707332.5949620792,"standard_error":296355.08283971687}}