{"mean":{"confidence_interval":{"confidence_level":0.95,"lower_bound":437224195.84250003,"upper_bound":437594424.45625},"point_estimate":437415716.4,"standard_error":94820.97170340178},"median":{"confidence_interval":{"confidence_level":0.95,"lower_bound":437122651.5,"upper_bound":437650717.0},"point_estimate":437503768.75,"standard_error":151781.99981948023},"median_abs_dev":{"confidence_interval":{"confidence_level":0.95,"lower_bound":18185.57127714157,"upper_bound":552941.219933331},"point_estimate":246434.43177491426,"standard_error":137196.47614755342},"slope":null,"std_dev":{"confidence_interval":{"confidence_level":0.95,"lower_bound":176437.41827247292,"upper_bound":395629.68883008376},"point_estimate":316999.0103807546,"standard_error":56545.65336523919}}