{"mean":{"confidence_interval":{"confidence_level":0.95,"lower_bound":15370863723.317501,"upper_bound":15372328014.9},"point_estimate":15371632942.2,"standard_error":377875.8027600067},"median":{"confidence_interval":{"confidence_level":0.95,"lower_bound":15370996234.0,"upper_bound":15372554944.0},"point_estimate":15371479405.5,"standard_error":477125.4476464013},"median_abs_dev":{"confidence_interval":{"confidence_level":0.95,"lower_bound":100065.120023489,"upper_bound":2294054.3673723936},"point_estimate":1087525.6282925606,"standard_error":519571.68776413676},"slope":null,"std_dev":{"confidence_interval":{"confidence_level":0.95,"lower_bound":647340.4457070999,"upper_bound":1688562.1326930101},"point_estimate":1259872.9170404274,"standard_error":284593.4904423559}}