{"mean":{"confidence_interval":{"confidence_level":0.95,"lower_bound":15372217189.34,"upper_bound":15373196804.6},"point_estimate":15372728460.3,"standard_error":250247.50166655684},"median":{"confidence_interval":{"confidence_level":0.95,"lower_bound":15372294523.5,"upper_bound":15373592288.0},"point_estimate":15372579809.0,"standard_error":333909.23734490474},"median_abs_dev":{"confidence_interval":{"confidence_level":0.95,"lower_bound":75784.58025455475,"upper_bound":1591457.6528459787},"point_estimate":796311.1175626516,"standard_error":385621.3133778482},"slope":null,"std_dev":{"confidence_interval":{"confidence_level":0.95,"lower_bound":451714.2882013333,"upper_bound":1112108.5831112596},"point_estimate":842356.0242114639,"standard_error":186370.19854789402}}