{"mean":{"confidence_interval":{"confidence_level":0.95,"lower_bound":600986484.5,"upper_bound":602980740.4},"point_estimate":601706487.4,"standard_error":580932.3417079777},"median":{"confidence_interval":{"confidence_level":0.95,"lower_bound":600947734.0,"upper_bound":601375137.0},"point_estimate":601101595.0,"standard_error":175150.83586678642},"median_abs_dev":{"confidence_interval":{"confidence_level":0.95,"lower_bound":57361.7929816246,"upper_bound":580264.4254982471},"point_estimate":270492.95219779015,"standard_error":188285.24021497127},"slope":null,"std_dev":{"confidence_interval":{"confidence_level":0.95,"lower_bound":156121.59149045052,"upper_bound":2993855.4099517083},"point_estimate":1949519.255426333,"standard_error":1012401.6243507306}}