{"mean":{"confidence_interval":{"confidence_level":0.95,"lower_bound":2398933191.4,"upper_bound":2406526658.0},"point_estimate":2401781534.9,"standard_error":2182911.327608438},"median":{"confidence_interval":{"confidence_level":0.95,"lower_bound":2398754692.5,"upper_bound":2401337689.5},"point_estimate":2399196463.0,"standard_error":718484.6096685944},"median_abs_dev":{"confidence_interval":{"confidence_level":0.95,"lower_bound":63034.220480918884,"upper_bound":3146995.6148296595},"point_estimate":763765.0829404593,"standard_error":898452.2030071162},"slope":null,"std_dev":{"confidence_interval":{"confidence_level":0.95,"lower_bound":339723.3159698574,"upper_bound":11166847.453829492},"point_estimate":7300057.257781406,"standard_error":3595984.6816855855}}