{"mean":{"confidence_interval":{"confidence_level":0.95,"lower_bound":479957049311.39,"upper_bound":481265183466.4},"point_estimate":480614279404.4,"standard_error":335967082.29864484},"median":{"confidence_interval":{"confidence_level":0.95,"lower_bound":479380904446.0,"upper_bound":481704608657.0},"point_estimate":480732247633.0,"standard_error":649564586.9100283},"median_abs_dev":{"confidence_interval":{"confidence_level":0.95,"lower_bound":173217679.83367145,"upper_bound":1803201446.897775},"point_estimate":1582033217.006296,"standard_error":433596729.17258096},"slope":null,"std_dev":{"confidence_interval":{"confidence_level":0.95,"lower_bound":745103389.4235028,"upper_bound":1280417901.6568716},"point_estimate":1118010498.440634,"standard_error":138089025.092163}}