{"mean":{"confidence_interval":{"confidence_level":0.95,"lower_bound":122078553183.2,"upper_bound":122080588825.0},"point_estimate":122079538619.6,"standard_error":518368.17887985136},"median":{"confidence_interval":{"confidence_level":0.95,"lower_bound":122078364610.5,"upper_bound":122081096664.0},"point_estimate":122078860004.0,"standard_error":763032.8402434201},"median_abs_dev":{"confidence_interval":{"confidence_level":0.95,"lower_bound":163222.3963022232,"upper_bound":2760117.8233981133},"point_estimate":1658330.3246587515,"standard_error":746845.6711244598},"slope":null,"std_dev":{"confidence_interval":{"confidence_level":0.95,"lower_bound":949547.2565087473,"upper_bound":2167777.0330608496},"point_estimate":1729218.163938592,"standard_error":309378.8611882554}}