{"mean":{"confidence_interval":{"confidence_level":0.95,"lower_bound":1200622324.0,"upper_bound":1202483045.4},"point_estimate":1201482014.9,"standard_error":470915.2315773049},"median":{"confidence_interval":{"confidence_level":0.95,"lower_bound":1200523041.5,"upper_bound":1202528195.0},"point_estimate":1200645232.0,"standard_error":547987.9171681881},"median_abs_dev":{"confidence_interval":{"confidence_level":0.95,"lower_bound":22673.40139746666,"upper_bound":2346138.1044477224},"point_estimate":266074.0629762411,"standard_error":551361.715661598},"slope":null,"std_dev":{"confidence_interval":{"confidence_level":0.95,"lower_bound":153987.52604852268,"upper_bound":1956703.376099201},"point_estimate":1582078.617878282,"standard_error":412681.94460022706}}