{"mean":{"confidence_interval":{"confidence_level":0.95,"lower_bound":390328039165.9,"upper_bound":390345803857.9575},"point_estimate":390337620156.1,"standard_error":4560950.924875519},"median":{"confidence_interval":{"confidence_level":0.95,"lower_bound":390332140138.0,"upper_bound":390347230789.0},"point_estimate":390338814791.5,"standard_error":4090995.144599123},"median_abs_dev":{"confidence_interval":{"confidence_level":0.95,"lower_bound":3368965.29378891,"upper_bound":22017886.86900437},"point_estimate":11019287.163868546,"standard_error":4982426.06306305},"slope":null,"std_dev":{"confidence_interval":{"confidence_level":0.95,"lower_bound":6238718.981186941,"upper_bound":21102739.44628258},"point_estimate":15094859.522844689,"standard_error":4206617.519190755}}