{"mean":{"confidence_interval":{"confidence_level":0.95,"lower_bound":0.0007375474909748216,"upper_bound":0.005327225437234583},"point_estimate":0.0026987051131048823,"standard_error":0.0011962885424719925},"median":{"confidence_interval":{"confidence_level":0.95,"lower_bound":-0.0002782342122511494,"upper_bound":0.0036589254493255563},"point_estimate":0.001752703620403473,"standard_error":0.0009909694546803153}}