{"mean":{"confidence_interval":{"confidence_level":0.95,"lower_bound":-0.0016058569639334774,"upper_bound":0.0035827472767379622},"point_estimate":0.0007985610005776245,"standard_error":0.0013263235448009742},"median":{"confidence_interval":{"confidence_level":0.95,"lower_bound":-0.0038322231778918914,"upper_bound":0.004681479366966057},"point_estimate":-0.00027579419674361727,"standard_error":0.002168745695439569}}