{"mean":{"confidence_interval":{"confidence_level":0.95,"lower_bound":37945687027.5,"upper_bound":38166517012.840004},"point_estimate":38062001610.7,"standard_error":56496817.953297615},"median":{"confidence_interval":{"confidence_level":0.95,"lower_bound":37897366387.0,"upper_bound":38201994808.0},"point_estimate":38098694681.0,"standard_error":73158389.72609615},"median_abs_dev":{"confidence_interval":{"confidence_level":0.95,"lower_bound":25006851.41133964,"upper_bound":317246233.0946535},"point_estimate":148116976.13749802,"standard_error":77099778.32357004},"slope":null,"std_dev":{"confidence_interval":{"confidence_level":0.95,"lower_bound":84709478.2118333,"upper_bound":237465375.87292734},"point_estimate":188408312.52741137,"standard_error":38087081.71157554}}