{"mean":{"confidence_interval":{"confidence_level":0.95,"lower_bound":1303501833.605,"upper_bound":1307293853.2925},"point_estimate":1305314784.3,"standard_error":975704.6990964118},"median":{"confidence_interval":{"confidence_level":0.95,"lower_bound":1302930966.0,"upper_bound":1308613858.0},"point_estimate":1303323807.0,"standard_error":1544468.5168864743},"median_abs_dev":{"confidence_interval":{"confidence_level":0.95,"lower_bound":152665.5431896448,"upper_bound":5702629.543358088},"point_estimate":925774.7124642134,"standard_error":1712171.9967111112},"slope":null,"std_dev":{"confidence_interval":{"confidence_level":0.95,"lower_bound":1312420.3583177025,"upper_bound":3957101.939036179},"point_estimate":3271167.212638227,"standard_error":655441.1776640455}}