{"mean":{"confidence_interval":{"confidence_level":0.95,"lower_bound":1286130785.1,"upper_bound":1291067622.3075001},"point_estimate":1288454094.8,"standard_error":1265880.7110524282},"median":{"confidence_interval":{"confidence_level":0.95,"lower_bound":1285291869.0,"upper_bound":1291669921.0},"point_estimate":1286988942.0,"standard_error":1831468.4584597184},"median_abs_dev":{"confidence_interval":{"confidence_level":0.95,"lower_bound":122554.67902421951,"upper_bound":7024897.44938314},"point_estimate":2555344.8215335608,"standard_error":1773598.9135277744},"slope":null,"std_dev":{"confidence_interval":{"confidence_level":0.95,"lower_bound":1706442.7225779626,"upper_bound":5138125.552502358},"point_estimate":4226840.531644826,"standard_error":819118.0543578502}}