{"mean":{"confidence_interval":{"confidence_level":0.95,"lower_bound":-0.001076685239517327,"upper_bound":0.005436204385421675},"point_estimate":0.0021512788205457767,"standard_error":0.001682999992981136},"median":{"confidence_interval":{"confidence_level":0.95,"lower_bound":-0.002009766045181549,"upper_bound":0.0053806510409437625},"point_estimate":0.0020670025397220293,"standard_error":0.0023064085746928105}}