{"mean":{"confidence_interval":{"confidence_level":0.95,"lower_bound":112761908124.7,"upper_bound":113164520795.0},"point_estimate":112955813991.1,"standard_error":102657057.54806772},"median":{"confidence_interval":{"confidence_level":0.95,"lower_bound":112672281028.5,"upper_bound":113221937071.0},"point_estimate":112969213118.5,"standard_error":137646953.74570757},"median_abs_dev":{"confidence_interval":{"confidence_level":0.95,"lower_bound":80122345.31204402,"upper_bound":589294101.3037384},"point_estimate":388832560.2079421,"standard_error":126302821.53948627},"slope":null,"std_dev":{"confidence_interval":{"confidence_level":0.95,"lower_bound":191686084.98092747,"upper_bound":439345169.92432576},"point_estimate":341813311.98785144,"standard_error":64887050.40489651}}