{"mean":{"confidence_interval":{"confidence_level":0.95,"lower_bound":-0.00782511712470671,"upper_bound":0.0028115995814346592},"point_estimate":-0.00206283742343516,"standard_error":0.0027269770636683234},"median":{"confidence_interval":{"confidence_level":0.95,"lower_bound":-0.005488143037158277,"upper_bound":0.004566326569387158},"point_estimate":-0.0022795231657883885,"standard_error":0.0026783056024263425}}