{"mean":{"confidence_interval":{"confidence_level":0.95,"lower_bound":902551713.7,"upper_bound":902954031.5025},"point_estimate":902757903.4,"standard_error":103559.44497419037},"median":{"confidence_interval":{"confidence_level":0.95,"lower_bound":902431728.0,"upper_bound":903077301.5},"point_estimate":902812423.5,"standard_error":164061.32419144086},"median_abs_dev":{"confidence_interval":{"confidence_level":0.95,"lower_bound":87005.63815534115,"upper_bound":575939.6813750267},"point_estimate":399997.31859862804,"standard_error":132927.49952297652},"slope":null,"std_dev":{"confidence_interval":{"confidence_level":0.95,"lower_bound":195703.02490948426,"upper_bound":423369.82510886516},"point_estimate":348786.43917802896,"standard_error":56908.319173417905}}