{"mean":{"confidence_interval":{"confidence_level":0.95,"lower_bound":902699787.795,"upper_bound":905373293.1},"point_estimate":903668669.8,"standard_error":783109.7351689491},"median":{"confidence_interval":{"confidence_level":0.95,"lower_bound":902522947.0,"upper_bound":903207897.5},"point_estimate":902972093.0,"standard_error":278992.50880467857},"median_abs_dev":{"confidence_interval":{"confidence_level":0.95,"lower_bound":106374.32421147823,"upper_bound":838044.0829217434},"point_estimate":491988.19916546345,"standard_error":292690.10763372865},"slope":null,"std_dev":{"confidence_interval":{"confidence_level":0.95,"lower_bound":244147.15918378226,"upper_bound":4024466.8223965396},"point_estimate":2616142.7332049925,"standard_error":1353258.3273743594}}