{"mean":{"confidence_interval":{"confidence_level":0.95,"lower_bound":0.003912144585315181,"upper_bound":0.010122028871363258},"point_estimate":0.007034519077605994,"standard_error":0.0016072723143919123},"median":{"confidence_interval":{"confidence_level":0.95,"lower_bound":0.0025766485072851175,"upper_bound":0.011645460626926063},"point_estimate":0.0071385299305375405,"standard_error":0.0024395008354781097}}