{"mean":{"confidence_interval":{"confidence_level":0.95,"lower_bound":-0.0034680681380593937,"upper_bound":0.004077901296999258},"point_estimate":0.00024358718022310377,"standard_error":0.001925457374804999},"median":{"confidence_interval":{"confidence_level":0.95,"lower_bound":-0.00534551436774211,"upper_bound":0.004943029905474017},"point_estimate":0.0008120496513113196,"standard_error":0.0025943176687639735}}