{"mean":{"confidence_interval":{"confidence_level":0.95,"lower_bound":1393672587.6975,"upper_bound":1396016195.4},"point_estimate":1394609753.1,"standard_error":636837.1787764747},"median":{"confidence_interval":{"confidence_level":0.95,"lower_bound":1393390150.5,"upper_bound":1394902734.0},"point_estimate":1393965716.0,"standard_error":425482.4822213389},"median_abs_dev":{"confidence_interval":{"confidence_level":0.95,"lower_bound":99621.8226313591,"upper_bound":1723827.1436959505},"point_estimate":882833.4281265736,"standard_error":437908.63506123866},"slope":null,"std_dev":{"confidence_interval":{"confidence_level":0.95,"lower_bound":384517.24818185257,"upper_bound":3205218.538771884},"point_estimate":2120759.3218468004,"standard_error":906827.1427238825}}