{"mean":{"confidence_interval":{"confidence_level":0.95,"lower_bound":-0.0023767149930921947,"upper_bound":0.009005153656785248},"point_estimate":0.0031258146060244574,"standard_error":0.0029037086488372245},"median":{"confidence_interval":{"confidence_level":0.95,"lower_bound":-0.0059918351263749114,"upper_bound":0.011567962279912525},"point_estimate":0.0008070633387886605,"standard_error":0.0045763200744478255}}