{"mean":{"confidence_interval":{"confidence_level":0.95,"lower_bound":240700934.8,"upper_bound":250808866.13333336},"point_estimate":245758248.1333333,"standard_error":2643800.000870412},"median":{"confidence_interval":{"confidence_level":0.95,"lower_bound":237393952.66666666,"upper_bound":254131117.0},"point_estimate":245803000.3333333,"standard_error":7129993.505476541},"median_abs_dev":{"confidence_interval":{"confidence_level":0.95,"lower_bound":101153.34840416908,"upper_bound":12516832.733681805},"point_estimate":12330975.977781415,"standard_error":5049144.231111979},"slope":null,"std_dev":{"confidence_interval":{"confidence_level":0.95,"lower_bound":6938184.422571155,"upper_bound":8932372.283843935},"point_estimate":8823404.162718195,"standard_error":751915.2124888105}}