{"mean":{"confidence_interval":{"confidence_level":0.95,"lower_bound":1057908915.2,"upper_bound":1060767449.0975},"point_estimate":1059344689.6,"standard_error":730100.8195790339},"median":{"confidence_interval":{"confidence_level":0.95,"lower_bound":1057888911.0,"upper_bound":1061215168.0},"point_estimate":1059170825.5,"standard_error":874189.5727204216},"median_abs_dev":{"confidence_interval":{"confidence_level":0.95,"lower_bound":682016.0029917955,"upper_bound":4259717.288374901},"point_estimate":2303222.024309635,"standard_error":887965.918564805},"slope":null,"std_dev":{"confidence_interval":{"confidence_level":0.95,"lower_bound":1203410.2732520702,"upper_bound":3212486.581194351},"point_estimate":2425757.211134893,"standard_error":519423.74245426623}}