{"mean":{"confidence_interval":{"confidence_level":0.95,"lower_bound":1115117032.6,"upper_bound":1300357219.1},"point_estimate":1205407193.3,"standard_error":44231103.50685289},"median":{"confidence_interval":{"confidence_level":0.95,"lower_bound":1113915827.0,"upper_bound":1372396397.0},"point_estimate":1115735725.5,"standard_error":67463419.5642813},"median_abs_dev":{"confidence_interval":{"confidence_level":0.95,"lower_bound":670399.8321980238,"upper_bound":194998642.77908206},"point_estimate":3446217.6480174065,"standard_error":61474392.76586289},"slope":null,"std_dev":{"confidence_interval":{"confidence_level":0.95,"lower_bound":1713931.7652679712,"upper_bound":172059502.96004653},"point_estimate":147924833.02516314,"standard_error":32263854.380560104}}