{"mean":{"confidence_interval":{"confidence_level":0.95,"lower_bound":-0.0015174647776786732,"upper_bound":0.0003854049128942103},"point_estimate":-0.0005185420074249603,"standard_error":0.0004846334146593603},"median":{"confidence_interval":{"confidence_level":0.95,"lower_bound":-0.0015227998432972845,"upper_bound":0.0004791230450820194},"point_estimate":-0.0004209940722349481,"standard_error":0.0005426564556041793}}