{"mean":{"confidence_interval":{"confidence_level":0.95,"lower_bound":1382770688.2,"upper_bound":1386408836.0},"point_estimate":1384030982.6,"standard_error":1113297.9099564666},"median":{"confidence_interval":{"confidence_level":0.95,"lower_bound":1382743257.5,"upper_bound":1383099554.0},"point_estimate":1382906756.0,"standard_error":331156.43749196804},"median_abs_dev":{"confidence_interval":{"confidence_level":0.95,"lower_bound":16653.30420434475,"upper_bound":583924.9648332596},"point_estimate":91380.79067766666,"standard_error":413098.7362198122},"slope":null,"std_dev":{"confidence_interval":{"confidence_level":0.95,"lower_bound":136607.77302876208,"upper_bound":5667739.174054733},"point_estimate":3695559.018801296,"standard_error":2020601.2314830022}}