{"mean":{"confidence_interval":{"confidence_level":0.95,"lower_bound":3491999674.4,"upper_bound":3498710107.7575},"point_estimate":3495044904.0,"standard_error":1747802.2388804154},"median":{"confidence_interval":{"confidence_level":0.95,"lower_bound":3491256706.0,"upper_bound":3498979283.5},"point_estimate":3493227911.0,"standard_error":1548142.5225174197},"median_abs_dev":{"confidence_interval":{"confidence_level":0.95,"lower_bound":17046.934497356415,"upper_bound":5944727.740859985},"point_estimate":2500494.5529073477,"standard_error":1596997.4506881437},"slope":null,"std_dev":{"confidence_interval":{"confidence_level":0.95,"lower_bound":1192376.1164477144,"upper_bound":7481999.000310691},"point_estimate":5868254.7260007765,"standard_error":1697248.4392358882}}