{"mean":{"confidence_interval":{"confidence_level":0.95,"lower_bound":35694646079.0975,"upper_bound":36180179402.2},"point_estimate":35934379440.1,"standard_error":124706834.683924},"median":{"confidence_interval":{"confidence_level":0.95,"lower_bound":35647178573.0,"upper_bound":36242422826.0},"point_estimate":35910442906.5,"standard_error":141143327.87493446},"median_abs_dev":{"confidence_interval":{"confidence_level":0.95,"lower_bound":68389662.91674078,"upper_bound":746569509.6414417},"point_estimate":387693848.5568583,"standard_error":174498875.46554774},"slope":null,"std_dev":{"confidence_interval":{"confidence_level":0.95,"lower_bound":220699724.5605176,"upper_bound":528887741.4593351},"point_estimate":416809568.74104375,"standard_error":78669548.65798926}}