{"mean":{"confidence_interval":{"confidence_level":0.95,"lower_bound":-0.0012288420744702264,"upper_bound":0.000015677196998808948},"point_estimate":-0.0005841975111886555,"standard_error":0.00031823974750285345},"median":{"confidence_interval":{"confidence_level":0.95,"lower_bound":-0.0012573848252174225,"upper_bound":0.0004475353090169776},"point_estimate":-0.0004076028492342454,"standard_error":0.00045670798753262343}}