{"mean":{"confidence_interval":{"confidence_level":0.95,"lower_bound":-0.017938982750456675,"upper_bound":-0.017275233340896118},"point_estimate":-0.01760429464560309,"standard_error":0.00016949112535698583},"median":{"confidence_interval":{"confidence_level":0.95,"lower_bound":-0.018032734780688564,"upper_bound":-0.017277988533475175},"point_estimate":-0.01757332798804645,"standard_error":0.0001765545493233691}}