{"mean":{"confidence_interval":{"confidence_level":0.95,"lower_bound":-0.003778839110053278,"upper_bound":0.0005341743371762957},"point_estimate":-0.001058372262299323,"standard_error":0.001245901972129901},"median":{"confidence_interval":{"confidence_level":0.95,"lower_bound":-0.0002859641558107251,"upper_bound":0.0006995287972926256},"point_estimate":0.00010221480458061372,"standard_error":0.00038345797149672467}}