{"mean":{"confidence_interval":{"confidence_level":0.95,"lower_bound":1025096992.9,"upper_bound":1025869698.3},"point_estimate":1025468099.0,"standard_error":198145.10466804056},"median":{"confidence_interval":{"confidence_level":0.95,"lower_bound":1024956975.0,"upper_bound":1025877867.5},"point_estimate":1025384287.5,"standard_error":257433.6548136238},"median_abs_dev":{"confidence_interval":{"confidence_level":0.95,"lower_bound":144291.0772383213,"upper_bound":1113878.8428246975},"point_estimate":658254.3732136488,"standard_error":250093.45269770606},"slope":null,"std_dev":{"confidence_interval":{"confidence_level":0.95,"lower_bound":335850.8681454381,"upper_bound":829437.9201175},"point_estimate":662309.4755771906,"standard_error":124022.00406444525}}