{"mean":{"confidence_interval":{"confidence_level":0.95,"lower_bound":1121121212.3,"upper_bound":1122594608.28},"point_estimate":1121852784.6,"standard_error":379114.2376725995},"median":{"confidence_interval":{"confidence_level":0.95,"lower_bound":1120992805.5,"upper_bound":1123159866.0},"point_estimate":1121387295.0,"standard_error":619966.0048093783},"median_abs_dev":{"confidence_interval":{"confidence_level":0.95,"lower_bound":111369.94482278824,"upper_bound":2138518.510633707},"point_estimate":1369361.2115889788,"standard_error":591196.0393687298},"slope":null,"std_dev":{"confidence_interval":{"confidence_level":0.95,"lower_bound":782897.7387359305,"upper_bound":1554681.7321800375},"point_estimate":1265130.9621464491,"standard_error":199391.72005994688}}