{"mean":{"confidence_interval":{"confidence_level":0.95,"lower_bound":437803058.3,"upper_bound":438228359.68},"point_estimate":438026150.4,"standard_error":108762.29698860951},"median":{"confidence_interval":{"confidence_level":0.95,"lower_bound":437608571.0,"upper_bound":438296158.75},"point_estimate":438117769.5,"standard_error":159863.621542893},"median_abs_dev":{"confidence_interval":{"confidence_level":0.95,"lower_bound":37092.427441477776,"upper_bound":559817.8892612457},"point_estimate":293995.86828053,"standard_error":140624.21739891812},"slope":null,"std_dev":{"confidence_interval":{"confidence_level":0.95,"lower_bound":155286.77470075153,"upper_bound":428095.17962183035},"point_estimate":359170.5035031567,"standard_error":61413.34147440787}}