{"mean":{"confidence_interval":{"confidence_level":0.95,"lower_bound":904400916.58,"upper_bound":1004116122.2},"point_estimate":964184868.2,"standard_error":25266901.21479491},"median":{"confidence_interval":{"confidence_level":0.95,"lower_bound":904416423.0,"upper_bound":1004104775.0},"point_estimate":1004032334.0,"standard_error":22897484.186975725},"median_abs_dev":{"confidence_interval":{"confidence_level":0.95,"lower_bound":35021.23527824879,"upper_bound":147395794.29100156},"point_estimate":209791.60277545452,"standard_error":23434678.442817822},"slope":null,"std_dev":{"confidence_interval":{"confidence_level":0.95,"lower_bound":132284.7629305579,"upper_bound":104942798.41452467},"point_estimate":84083491.3566379,"standard_error":29217368.69091203}}