{"mean":{"confidence_interval":{"confidence_level":0.95,"lower_bound":0.0042934437787713,"upper_bound":0.0054321204912035955},"point_estimate":0.004880590385445416,"standard_error":0.00028997260319683503},"median":{"confidence_interval":{"confidence_level":0.95,"lower_bound":0.003929757459822936,"upper_bound":0.005789444473970784},"point_estimate":0.005194579775510189,"standard_error":0.0004919780038478847}}