{"mean":{"confidence_interval":{"confidence_level":0.95,"lower_bound":-0.0016603219595299561,"upper_bound":0.0066697734812247046},"point_estimate":0.0013847462577791791,"standard_error":0.002455146813611591},"median":{"confidence_interval":{"confidence_level":0.95,"lower_bound":-0.0015304821741193297,"upper_bound":0.0002204922217778904},"point_estimate":-0.0007566822021868314,"standard_error":0.0007898556411415714}}