{"mean":{"confidence_interval":{"confidence_level":0.95,"lower_bound":6957389231.7,"upper_bound":6959137562.9},"point_estimate":6958306869.5,"standard_error":443286.55896141985},"median":{"confidence_interval":{"confidence_level":0.95,"lower_bound":6956995481.0,"upper_bound":6959619974.5},"point_estimate":6958532393.5,"standard_error":661291.3237834377},"median_abs_dev":{"confidence_interval":{"confidence_level":0.95,"lower_bound":275676.86300575733,"upper_bound":2608337.3923927546},"point_estimate":1538323.4936892986,"standard_error":614435.9808169932},"slope":null,"std_dev":{"confidence_interval":{"confidence_level":0.95,"lower_bound":776167.2174521271,"upper_bound":1802962.6631213322},"point_estimate":1475136.0663828233,"standard_error":257718.61993332056}}