{"mean":{"confidence_interval":{"confidence_level":0.95,"lower_bound":52294243752.34,"upper_bound":53689856332.0},"point_estimate":52969191002.0,"standard_error":359508391.75240743},"median":{"confidence_interval":{"confidence_level":0.95,"lower_bound":51895139896.0,"upper_bound":54201925144.5},"point_estimate":52459757118.5,"standard_error":743135527.5522825},"median_abs_dev":{"confidence_interval":{"confidence_level":0.95,"lower_bound":27074076.878339052,"upper_bound":1918228569.2601352},"point_estimate":853944138.866061,"standard_error":599914453.2138182},"slope":null,"std_dev":{"confidence_interval":{"confidence_level":0.95,"lower_bound":716297665.3910158,"upper_bound":1354664663.5019877},"point_estimate":1194145502.808962,"standard_error":159236679.4057228}}