{"mean":{"confidence_interval":{"confidence_level":0.95,"lower_bound":35357452299.4,"upper_bound":35359264364.5},"point_estimate":35358295922.0,"standard_error":470233.07144653914},"median":{"confidence_interval":{"confidence_level":0.95,"lower_bound":35357014747.0,"upper_bound":35359712969.5},"point_estimate":35358043172.0,"standard_error":696573.086614229},"median_abs_dev":{"confidence_interval":{"confidence_level":0.95,"lower_bound":170567.93787181377,"upper_bound":2866495.112809539},"point_estimate":1370731.8752646446,"standard_error":712025.392257454},"slope":null,"std_dev":{"confidence_interval":{"confidence_level":0.95,"lower_bound":835659.395776965,"upper_bound":1944877.9167657818},"point_estimate":1578110.9268088012,"standard_error":285150.0551784197}}