{"mean":{"confidence_interval":{"confidence_level":0.95,"lower_bound":-0.0020790838085452037,"upper_bound":0.000865764874003876},"point_estimate":-0.0005205521096929289,"standard_error":0.0007533610807899432},"median":{"confidence_interval":{"confidence_level":0.95,"lower_bound":-0.0025448743274318897,"upper_bound":0.0013492207160279435},"point_estimate":0.0003972203862083745,"standard_error":0.0009030633396397881}}