{"mean":{"confidence_interval":{"confidence_level":0.95,"lower_bound":-0.005170040209949893,"upper_bound":0.004633882683882889},"point_estimate":-0.0006510837764351907,"standard_error":0.0025146066627192145},"median":{"confidence_interval":{"confidence_level":0.95,"lower_bound":-0.006522515925026506,"upper_bound":0.0019490706353761933},"point_estimate":-0.0037019399989247637,"standard_error":0.0022912315817098772}}