{"mean":{"confidence_interval":{"confidence_level":0.95,"lower_bound":30575478498.7275,"upper_bound":30578752069.5},"point_estimate":30576920566.7,"standard_error":847308.0635025715},"median":{"confidence_interval":{"confidence_level":0.95,"lower_bound":30575051824.5,"upper_bound":30578089366.5},"point_estimate":30576109773.5,"standard_error":796956.473563637},"median_abs_dev":{"confidence_interval":{"confidence_level":0.95,"lower_bound":439159.45560336113,"upper_bound":3654330.20632267},"point_estimate":2109420.262250304,"standard_error":814022.2764098453},"slope":null,"std_dev":{"confidence_interval":{"confidence_level":0.95,"lower_bound":1046819.2631850489,"upper_bound":4004890.5257563726},"point_estimate":2819355.775841671,"standard_error":880294.3131246489}}