{"mean":{"confidence_interval":{"confidence_level":0.95,"lower_bound":988147809.605,"upper_bound":988703022.3125},"point_estimate":988455104.2,"standard_error":143645.49700220447},"median":{"confidence_interval":{"confidence_level":0.95,"lower_bound":988282251.5,"upper_bound":988861003.0},"point_estimate":988448713.0,"standard_error":162806.87240314897},"median_abs_dev":{"confidence_interval":{"confidence_level":0.95,"lower_bound":66087.63512670994,"upper_bound":706849.5525509119},"point_estimate":412614.9856746197,"standard_error":168837.47287276186},"slope":null,"std_dev":{"confidence_interval":{"confidence_level":0.95,"lower_bound":209586.52596417864,"upper_bound":679029.0159911267},"point_estimate":480153.7399640985,"standard_error":142328.27903074707}}