{"mean":{"confidence_interval":{"confidence_level":0.95,"lower_bound":1242999402.485,"upper_bound":1243919866.3},"point_estimate":1243436700.7,"standard_error":236301.94209351},"median":{"confidence_interval":{"confidence_level":0.95,"lower_bound":1242773038.0,"upper_bound":1244108354.0},"point_estimate":1243202079.5,"standard_error":403101.90826594963},"median_abs_dev":{"confidence_interval":{"confidence_level":0.95,"lower_bound":58031.928169727325,"upper_bound":1319159.635180235},"point_estimate":816043.7819123268,"standard_error":341291.89193202066},"slope":null,"std_dev":{"confidence_interval":{"confidence_level":0.95,"lower_bound":457333.44155782246,"upper_bound":959041.7329102177},"point_estimate":790688.9711998785,"standard_error":128054.78163582539}}