{"mean":{"confidence_interval":{"confidence_level":0.95,"lower_bound":-0.0007726854046852831,"upper_bound":0.006714096702961722},"point_estimate":0.003053456270519783,"standard_error":0.0019276599736607486},"median":{"confidence_interval":{"confidence_level":0.95,"lower_bound":-0.001965712209839987,"upper_bound":0.008270333359970072},"point_estimate":0.003271159269651047,"standard_error":0.0025650273658024392}}