{"mean":{"confidence_interval":{"confidence_level":0.95,"lower_bound":1611271298.4,"upper_bound":1614058070.1},"point_estimate":1612473768.1,"standard_error":709616.5506843881},"median":{"confidence_interval":{"confidence_level":0.95,"lower_bound":1611125117.0,"upper_bound":1614253133.5},"point_estimate":1611471377.0,"standard_error":655900.7833904803},"median_abs_dev":{"confidence_interval":{"confidence_level":0.95,"lower_bound":85979.67897355556,"upper_bound":3321920.172724128},"point_estimate":713723.6273288727,"standard_error":661434.1063282172},"slope":null,"std_dev":{"confidence_interval":{"confidence_level":0.95,"lower_bound":385885.6116236751,"upper_bound":2962702.2131241336},"point_estimate":2341968.5168854785,"standard_error":694847.9129639055}}