{"mean":{"confidence_interval":{"confidence_level":0.95,"lower_bound":1620995470.2375,"upper_bound":1646424893.3},"point_estimate":1632927410.2,"standard_error":6584332.4132220335},"median":{"confidence_interval":{"confidence_level":0.95,"lower_bound":1617499810.0,"upper_bound":1651254739.0},"point_estimate":1628441775.0,"standard_error":6639975.495701518},"median_abs_dev":{"confidence_interval":{"confidence_level":0.95,"lower_bound":3503152.4522066116,"upper_bound":34795762.215551734},"point_estimate":14251999.296176434,"standard_error":8122830.829163341},"slope":null,"std_dev":{"confidence_interval":{"confidence_level":0.95,"lower_bound":8390338.383375343,"upper_bound":27945045.225471955},"point_estimate":21993662.670982163,"standard_error":4989499.300481581}}