{"mean":{"confidence_interval":{"confidence_level":0.95,"lower_bound":480339262.05,"upper_bound":481095317.1},"point_estimate":480609567.1,"standard_error":224180.11400275258},"median":{"confidence_interval":{"confidence_level":0.95,"lower_bound":480324921.0,"upper_bound":480470676.5},"point_estimate":480365658.25,"standard_error":65399.36426032505},"median_abs_dev":{"confidence_interval":{"confidence_level":0.95,"lower_bound":6595.716632902622,"upper_bound":189036.31509393454},"point_estimate":63093.89512985945,"standard_error":77202.59627054982},"slope":null,"std_dev":{"confidence_interval":{"confidence_level":0.95,"lower_bound":38420.039761713764,"upper_bound":1150949.5943083272},"point_estimate":749673.715024069,"standard_error":396532.6172518735}}