{"mean":{"confidence_interval":{"confidence_level":0.95,"lower_bound":41170904.703886904,"upper_bound":41253816.01003373},"point_estimate":41210114.61357143,"standard_error":21370.898683601783},"median":{"confidence_interval":{"confidence_level":0.95,"lower_bound":41151930.809523806,"upper_bound":41267399.766666666},"point_estimate":41192086.43055555,"standard_error":32070.58591324498},"median_abs_dev":{"confidence_interval":{"confidence_level":0.95,"lower_bound":10067.136221272342,"upper_bound":114530.43613335847},"point_estimate":62556.26143106585,"standard_error":27882.41586085656},"slope":{"confidence_interval":{"confidence_level":0.95,"lower_bound":41165457.58268734,"upper_bound":41244231.39666332},"point_estimate":41208113.012121215,"standard_error":20486.139769043828},"std_dev":{"confidence_interval":{"confidence_level":0.95,"lower_bound":36726.98968746636,"upper_bound":87663.39828574499},"point_estimate":71179.21724094251,"standard_error":12959.83925957197}}