{"mean":{"confidence_interval":{"confidence_level":0.95,"lower_bound":-0.003034978701011576,"upper_bound":0.006749262582707562},"point_estimate":0.0017235598363019022,"standard_error":0.0024956907704763234},"median":{"confidence_interval":{"confidence_level":0.95,"lower_bound":-0.006293758426478391,"upper_bound":0.009453226358141276},"point_estimate":0.004017495576770003,"standard_error":0.004209048630228932}}