{"mean":{"confidence_interval":{"confidence_level":0.95,"lower_bound":1261503852.1175,"upper_bound":1290285342.9},"point_estimate":1275774771.1,"standard_error":7302639.992943041},"median":{"confidence_interval":{"confidence_level":0.95,"lower_bound":1253017085.0,"upper_bound":1301339651.5},"point_estimate":1270392807.0,"standard_error":18361901.726314373},"median_abs_dev":{"confidence_interval":{"confidence_level":0.95,"lower_bound":562214.5121186972,"upper_bound":36134256.43698871},"point_estimate":26930051.18649602,"standard_error":12029754.85953004},"slope":null,"std_dev":{"confidence_interval":{"confidence_level":0.95,"lower_bound":17299845.307545904,"upper_bound":25714060.928440195},"point_estimate":24371536.940458603,"standard_error":2304586.215593313}}