{"mean":{"confidence_interval":{"confidence_level":0.95,"lower_bound":-0.0001030746973095436,"upper_bound":0.0007473532327982532},"point_estimate":0.00032235014401327255,"standard_error":0.0002172834338728107},"median":{"confidence_interval":{"confidence_level":0.95,"lower_bound":-0.00035994483354306883,"upper_bound":0.0011549359323155262},"point_estimate":0.00011628834820021083,"standard_error":0.00040292290157560427}}