{"mean":{"confidence_interval":{"confidence_level":0.95,"lower_bound":1385002618.1,"upper_bound":1385411632.4},"point_estimate":1385195443.3,"standard_error":104358.00339377645},"median":{"confidence_interval":{"confidence_level":0.95,"lower_bound":1384915956.0,"upper_bound":1385378812.0},"point_estimate":1385122167.0,"standard_error":164708.2065684355},"median_abs_dev":{"confidence_interval":{"confidence_level":0.95,"lower_bound":34855.184081196785,"upper_bound":610229.2535662651},"point_estimate":318272.70154953003,"standard_error":158090.29133233364},"slope":null,"std_dev":{"confidence_interval":{"confidence_level":0.95,"lower_bound":182048.17002955868,"upper_bound":465139.19658235303},"point_estimate":350374.8436457573,"standard_error":80651.00340751291}}