{"mean":{"confidence_interval":{"confidence_level":0.95,"lower_bound":0.0020577530831732602,"upper_bound":0.015299360909034146},"point_estimate":0.008899811465929997,"standard_error":0.0034114173620430534},"median":{"confidence_interval":{"confidence_level":0.95,"lower_bound":-0.0017887672730310111,"upper_bound":0.018759490086558195},"point_estimate":0.010704645062345586,"standard_error":0.005273481570852095}}