{"mean":{"confidence_interval":{"confidence_level":0.95,"lower_bound":480898178.75,"upper_bound":480952898.66875},"point_estimate":480925830.5,"standard_error":13971.250465311608},"median":{"confidence_interval":{"confidence_level":0.95,"lower_bound":480891374.25,"upper_bound":480968934.25},"point_estimate":480920117.25,"standard_error":22993.349453618568},"median_abs_dev":{"confidence_interval":{"confidence_level":0.95,"lower_bound":6268.803338706493,"upper_bound":83317.67072081566},"point_estimate":57475.953179597855,"standard_error":19051.069687373205},"slope":null,"std_dev":{"confidence_interval":{"confidence_level":0.95,"lower_bound":28553.08810580351,"upper_bound":58083.602682828096},"point_estimate":46617.05105847954,"standard_error":7746.332134166991}}