{"mean":{"confidence_interval":{"confidence_level":0.95,"lower_bound":-0.015346221861987749,"upper_bound":-0.0020036438012610183},"point_estimate":-0.007633970162893022,"standard_error":0.0035263862715785377},"median":{"confidence_interval":{"confidence_level":0.95,"lower_bound":-0.01177304810821389,"upper_bound":-0.0004229742970678352},"point_estimate":-0.0028969816451616115,"standard_error":0.002822558753960488}}