{"mean":{"confidence_interval":{"confidence_level":0.95,"lower_bound":2400161665.55,"upper_bound":2401689886.46},"point_estimate":2400720668.1,"standard_error":442750.44432739407},"median":{"confidence_interval":{"confidence_level":0.95,"lower_bound":2400050242.0,"upper_bound":2400455450.0},"point_estimate":2400388956.0,"standard_error":185007.14806708618},"median_abs_dev":{"confidence_interval":{"confidence_level":0.95,"lower_bound":22261.97990477085,"upper_bound":574802.5271952152},"point_estimate":292649.6675044298,"standard_error":180033.41847832594},"slope":null,"std_dev":{"confidence_interval":{"confidence_level":0.95,"lower_bound":164232.11453133437,"upper_bound":2272936.0475376197},"point_estimate":1479726.5007144206,"standard_error":757634.390755711}}