{"mean":{"confidence_interval":{"confidence_level":0.95,"lower_bound":430321040.7,"upper_bound":436339714.75},"point_estimate":432828046.4,"standard_error":1585428.3396538754},"median":{"confidence_interval":{"confidence_level":0.95,"lower_bound":429386697.75,"upper_bound":434239569.5},"point_estimate":431565847.25,"standard_error":1293570.6462280694},"median_abs_dev":{"confidence_interval":{"confidence_level":0.95,"lower_bound":257487.21457868814,"upper_bound":5504678.354622424},"point_estimate":3316513.871920109,"standard_error":1438819.79039697},"slope":null,"std_dev":{"confidence_interval":{"confidence_level":0.95,"lower_bound":1304744.3322458784,"upper_bound":7806292.784422287},"point_estimate":5276549.5469109025,"standard_error":1992791.6492858147}}