{"mean":{"confidence_interval":{"confidence_level":0.95,"lower_bound":37068263752.9675,"upper_bound":37094132406.0},"point_estimate":37081445860.1,"standard_error":6566886.564578359},"median":{"confidence_interval":{"confidence_level":0.95,"lower_bound":37070152698.0,"upper_bound":37103790328.0},"point_estimate":37077886743.0,"standard_error":7344944.908243905},"median_abs_dev":{"confidence_interval":{"confidence_level":0.95,"lower_bound":1317226.324814558,"upper_bound":41316675.00808239},"point_estimate":14710441.447037458,"standard_error":11241840.374843357},"slope":null,"std_dev":{"confidence_interval":{"confidence_level":0.95,"lower_bound":11626068.547278956,"upper_bound":29195962.47337682},"point_estimate":22094344.525922175,"standard_error":4716006.876916869}}