{"mean":{"confidence_interval":{"confidence_level":0.95,"lower_bound":0.0013532721787576421,"upper_bound":0.002597998725176181},"point_estimate":0.0018834210762284087,"standard_error":0.00032903460139402813},"median":{"confidence_interval":{"confidence_level":0.95,"lower_bound":0.0013355139570576657,"upper_bound":0.002131137791645754},"point_estimate":0.0017878487332960713,"standard_error":0.0002156731238953658}}