{"mean":{"confidence_interval":{"confidence_level":0.95,"lower_bound":8958091694.8925,"upper_bound":9017815879.365},"point_estimate":8987950437.8,"standard_error":15321745.410068503},"median":{"confidence_interval":{"confidence_level":0.95,"lower_bound":8945887946.0,"upper_bound":9028173197.0},"point_estimate":8989344922.5,"standard_error":27759518.851987194},"median_abs_dev":{"confidence_interval":{"confidence_level":0.95,"lower_bound":9026271.755951643,"upper_bound":77786629.14411128},"point_estimate":56580491.70619547,"standard_error":20231693.538075473},"slope":null,"std_dev":{"confidence_interval":{"confidence_level":0.95,"lower_bound":32584717.17720203,"upper_bound":61922032.427459136},"point_estimate":51027552.02805315,"standard_error":7570143.452877996}}