{"mean":{"confidence_interval":{"confidence_level":0.95,"lower_bound":8962398604.8275,"upper_bound":8999108510.2},"point_estimate":8982228088.2,"standard_error":9452086.866224578},"median":{"confidence_interval":{"confidence_level":0.95,"lower_bound":8967531859.5,"upper_bound":9008030983.0},"point_estimate":8983446054.0,"standard_error":11194526.8639022},"median_abs_dev":{"confidence_interval":{"confidence_level":0.95,"lower_bound":6347899.306002259,"upper_bound":50119467.79830158},"point_estimate":30192600.643274188,"standard_error":10855599.773392905},"slope":null,"std_dev":{"confidence_interval":{"confidence_level":0.95,"lower_bound":14713691.433165992,"upper_bound":43128566.76992727},"point_estimate":31594665.634730667,"standard_error":8142305.068780291}}