{"mean":{"confidence_interval":{"confidence_level":0.95,"lower_bound":-0.00769679053573127,"upper_bound":0.002594114746208979},"point_estimate":-0.002845609225737733,"standard_error":0.0026306097290703157},"median":{"confidence_interval":{"confidence_level":0.95,"lower_bound":-0.009386752864242376,"upper_bound":0.0029443662623909184},"point_estimate":-0.0066540535842049,"standard_error":0.003250199298708432}}