{"mean":{"confidence_interval":{"confidence_level":0.95,"lower_bound":474594297.2575,"upper_bound":504845019.7},"point_estimate":494596955.1,"standard_error":9335796.594074028},"median":{"confidence_interval":{"confidence_level":0.95,"lower_bound":503777979.0,"upper_bound":504995851.0},"point_estimate":504343869.5,"standard_error":1844431.713984358},"median_abs_dev":{"confidence_interval":{"confidence_level":0.95,"lower_bound":71756.35612607002,"upper_bound":1655588.9973074198},"point_estimate":893915.1216298342,"standard_error":2484866.5278492575},"slope":null,"std_dev":{"confidence_interval":{"confidence_level":0.95,"lower_bound":475451.12992137385,"upper_bound":48082228.13531966},"point_estimate":31427802.462605488,"standard_error":17741515.517644648}}