{"mean":{"confidence_interval":{"confidence_level":0.95,"lower_bound":474011750.9075,"upper_bound":504860261.6925},"point_estimate":494440064.5,"standard_error":9637984.218126245},"median":{"confidence_interval":{"confidence_level":0.95,"lower_bound":504017517.5,"upper_bound":504801441.0},"point_estimate":504555504.5,"standard_error":1875835.2302846576},"median_abs_dev":{"confidence_interval":{"confidence_level":0.95,"lower_bound":101160.02010405064,"upper_bound":1435629.7239124775},"point_estimate":419107.2909593582,"standard_error":2528811.0757831424},"slope":null,"std_dev":{"confidence_interval":{"confidence_level":0.95,"lower_bound":323411.22801306855,"upper_bound":49127337.72768679},"point_estimate":32108021.184987288,"standard_error":18264358.10244332}}