{"mean":{"confidence_interval":{"confidence_level":0.95,"lower_bound":0.001824012176995832,"upper_bound":0.003234932601547263},"point_estimate":0.0024704117664160474,"standard_error":0.00037151259401717963},"median":{"confidence_interval":{"confidence_level":0.95,"lower_bound":0.001537034492211653,"upper_bound":0.0034038299464851374},"point_estimate":0.002153305150226714,"standard_error":0.0004940593910054158}}