{"mean":{"confidence_interval":{"confidence_level":0.95,"lower_bound":1252469014.4,"upper_bound":1256935240.4075},"point_estimate":1254520104.3,"standard_error":1150850.2183374309},"median":{"confidence_interval":{"confidence_level":0.95,"lower_bound":1251914289.0,"upper_bound":1257223905.0},"point_estimate":1253349897.0,"standard_error":1194243.1797177908},"median_abs_dev":{"confidence_interval":{"confidence_level":0.95,"lower_bound":423595.1210796833,"upper_bound":6185911.91547811},"point_estimate":2570179.7168701887,"standard_error":1405807.0843719093},"slope":null,"std_dev":{"confidence_interval":{"confidence_level":0.95,"lower_bound":1464035.8966915167,"upper_bound":4960731.362079692},"point_estimate":3816988.170185262,"standard_error":900955.0216497531}}