{"mean":{"confidence_interval":{"confidence_level":0.95,"lower_bound":1235376943.8,"upper_bound":1250102592.2},"point_estimate":1240957766.6,"standard_error":4156059.0913382364},"median":{"confidence_interval":{"confidence_level":0.95,"lower_bound":1234559921.0,"upper_bound":1240416927.0},"point_estimate":1236444750.5,"standard_error":2040213.807031347},"median_abs_dev":{"confidence_interval":{"confidence_level":0.95,"lower_bound":589225.2597391605,"upper_bound":7607307.9383432865},"point_estimate":4207085.730609298,"standard_error":1953446.5241229443},"slope":null,"std_dev":{"confidence_interval":{"confidence_level":0.95,"lower_bound":2116811.222575664,"upper_bound":21260522.805106375},"point_estimate":13866526.85271498,"standard_error":6681760.724936962}}