{"mean":{"confidence_interval":{"confidence_level":0.95,"lower_bound":11993562311.3,"upper_bound":11994308142.4},"point_estimate":11993919202.7,"standard_error":191406.00061723872},"median":{"confidence_interval":{"confidence_level":0.95,"lower_bound":11993362307.0,"upper_bound":11994486925.0},"point_estimate":11993810076.0,"standard_error":307084.42175114685},"median_abs_dev":{"confidence_interval":{"confidence_level":0.95,"lower_bound":70404.96625006199,"upper_bound":1109840.240496397},"point_estimate":652300.9930193424,"standard_error":296235.8317371473},"slope":null,"std_dev":{"confidence_interval":{"confidence_level":0.95,"lower_bound":339402.3615404158,"upper_bound":775546.3307929449},"point_estimate":636326.0525218272,"standard_error":112752.2715375462}}