{"mean":{"confidence_interval":{"confidence_level":0.95,"lower_bound":37152475205.79,"upper_bound":37388396489.9},"point_estimate":37269189745.3,"standard_error":60524705.65810233},"median":{"confidence_interval":{"confidence_level":0.95,"lower_bound":37080796734.0,"upper_bound":37406895670.0},"point_estimate":37306450445.0,"standard_error":89810409.55717522},"median_abs_dev":{"confidence_interval":{"confidence_level":0.95,"lower_bound":48731055.17705083,"upper_bound":361416769.2398697},"point_estimate":216530944.79820728,"standard_error":80960476.12353227},"slope":null,"std_dev":{"confidence_interval":{"confidence_level":0.95,"lower_bound":119837902.00239208,"upper_bound":255098809.84550822},"point_estimate":202576031.53345704,"standard_error":35008847.73121541}}