{"mean":{"confidence_interval":{"confidence_level":0.95,"lower_bound":40290655744.2,"upper_bound":40435526924.5475},"point_estimate":40362794781.3,"standard_error":37318891.079795755},"median":{"confidence_interval":{"confidence_level":0.95,"lower_bound":40275811716.0,"upper_bound":40475393518.5},"point_estimate":40362195809.0,"standard_error":46503924.729041405},"median_abs_dev":{"confidence_interval":{"confidence_level":0.95,"lower_bound":24548052.695184946,"upper_bound":211097947.55776227},"point_estimate":111404997.93396592,"standard_error":52696797.1265631},"slope":null,"std_dev":{"confidence_interval":{"confidence_level":0.95,"lower_bound":64596765.74941438,"upper_bound":159139590.4868975},"point_estimate":124310674.5619001,"standard_error":23656717.786283374}}