{"mean":{"confidence_interval":{"confidence_level":0.95,"lower_bound":0.0039939613876625035,"upper_bound":0.006942797318272548},"point_estimate":0.005382135607943539,"standard_error":0.0007557267806296556},"median":{"confidence_interval":{"confidence_level":0.95,"lower_bound":0.003758165841309058,"upper_bound":0.006928752770435947},"point_estimate":0.004985490616146615,"standard_error":0.0007628068347899274}}