{"mean":{"confidence_interval":{"confidence_level":0.95,"lower_bound":0.001016011449308074,"upper_bound":0.003957897525367337},"point_estimate":0.0025095805343982036,"standard_error":0.0007519336495562331},"median":{"confidence_interval":{"confidence_level":0.95,"lower_bound":0.0007491335575648961,"upper_bound":0.003503528367911235},"point_estimate":0.00198755334042211,"standard_error":0.000669973805593406}}