{"mean":{"confidence_interval":{"confidence_level":0.95,"lower_bound":-0.0005318263239035781,"upper_bound":0.011742324131226634},"point_estimate":0.005186488272852063,"standard_error":0.003221766258593834},"median":{"confidence_interval":{"confidence_level":0.95,"lower_bound":-0.0034613080986548583,"upper_bound":0.01949444940313949},"point_estimate":-0.0018121996768071247,"standard_error":0.0052845132172649545}}