{"mean":{"confidence_interval":{"confidence_level":0.95,"lower_bound":3614896688.7,"upper_bound":3618821444.7},"point_estimate":3616827877.3,"standard_error":1003024.2579571672},"median":{"confidence_interval":{"confidence_level":0.95,"lower_bound":3614328783.0,"upper_bound":3619457165.0},"point_estimate":3616878494.0,"standard_error":1038432.209693005},"median_abs_dev":{"confidence_interval":{"confidence_level":0.95,"lower_bound":450522.8431016207,"upper_bound":6543750.021225214},"point_estimate":2262934.59392488,"standard_error":1729980.6701337018},"slope":null,"std_dev":{"confidence_interval":{"confidence_level":0.95,"lower_bound":1764183.7840430012,"upper_bound":4274056.607989027},"point_estimate":3345209.4213886107,"standard_error":650448.2941399427}}