{"mean":{"confidence_interval":{"confidence_level":0.95,"lower_bound":-0.0006982515522426095,"upper_bound":0.000743934679798879},"point_estimate":8.619764191308832e-6,"standard_error":0.000368611563968029},"median":{"confidence_interval":{"confidence_level":0.95,"lower_bound":-0.0011916846529643754,"upper_bound":0.0006635010572715316},"point_estimate":0.00003623000936725518,"standard_error":0.00041938586030445824}}