{"mean":{"confidence_interval":{"confidence_level":0.95,"lower_bound":436085407.75,"upper_bound":436496838.5125},"point_estimate":436294461.4,"standard_error":105073.0862200534},"median":{"confidence_interval":{"confidence_level":0.95,"lower_bound":436102414.25,"upper_bound":436490558.0},"point_estimate":436332592.75,"standard_error":85008.35466734496},"median_abs_dev":{"confidence_interval":{"confidence_level":0.95,"lower_bound":31447.42804169655,"upper_bound":576445.2479660511},"point_estimate":215104.49978113174,"standard_error":137548.02438146275},"slope":null,"std_dev":{"confidence_interval":{"confidence_level":0.95,"lower_bound":134053.88058907827,"upper_bound":479942.8955312326},"point_estimate":350963.5858929274,"standard_error":87686.66716396472}}