{"mean":{"confidence_interval":{"confidence_level":0.95,"lower_bound":436363303.485,"upper_bound":436740431.45},"point_estimate":436555107.45,"standard_error":96283.81749918839},"median":{"confidence_interval":{"confidence_level":0.95,"lower_bound":436253470.75,"upper_bound":436785181.25},"point_estimate":436650979.0,"standard_error":143733.58586962175},"median_abs_dev":{"confidence_interval":{"confidence_level":0.95,"lower_bound":48887.99283206463,"upper_bound":536451.0017260909},"point_estimate":328365.500870347,"standard_error":131704.5930825138},"slope":null,"std_dev":{"confidence_interval":{"confidence_level":0.95,"lower_bound":182641.85451696234,"upper_bound":395647.4792283916},"point_estimate":321240.7366543777,"standard_error":53611.26247437407}}