{"mean":{"confidence_interval":{"confidence_level":0.95,"lower_bound":-0.0026868020447738325,"upper_bound":0.0051978458568499196},"point_estimate":0.0012575759301500788,"standard_error":0.002013504763934178},"median":{"confidence_interval":{"confidence_level":0.95,"lower_bound":-0.004952882604200681,"upper_bound":0.006718670231561807},"point_estimate":0.0001808416149555736,"standard_error":0.0031663912931477797}}