{"mean":{"confidence_interval":{"confidence_level":0.95,"lower_bound":-0.00923798592299465,"upper_bound":-0.00013969365041686965},"point_estimate":-0.004848445952005065,"standard_error":0.0023351469691137586},"median":{"confidence_interval":{"confidence_level":0.95,"lower_bound":-0.011560363928369566,"upper_bound":-0.0015033075067807378},"point_estimate":-0.008256481526290438,"standard_error":0.002375917582393689}}