{"mean":{"confidence_interval":{"confidence_level":0.95,"lower_bound":-0.0020213917078587326,"upper_bound":0.004323153847093952},"point_estimate":0.0013526267955463744,"standard_error":0.0015747463229542217},"median":{"confidence_interval":{"confidence_level":0.95,"lower_bound":-0.004519095718041766,"upper_bound":0.005784756306607131},"point_estimate":0.002416471793092123,"standard_error":0.0023344276167331698}}