{"mean":{"confidence_interval":{"confidence_level":0.95,"lower_bound":2444693970.3,"upper_bound":2449379835.7},"point_estimate":2446757166.3,"standard_error":1209461.2444978305},"median":{"confidence_interval":{"confidence_level":0.95,"lower_bound":2444117579.0,"upper_bound":2449418956.0},"point_estimate":2445491456.0,"standard_error":1056533.8446315497},"median_abs_dev":{"confidence_interval":{"confidence_level":0.95,"lower_bound":339656.2409698963,"upper_bound":5040076.371520758},"point_estimate":1580257.3513448238,"standard_error":1123532.7910943453},"slope":null,"std_dev":{"confidence_interval":{"confidence_level":0.95,"lower_bound":836674.642114966,"upper_bound":5216541.109529325},"point_estimate":4030370.7391029056,"standard_error":1177511.3333011025}}