{"mean":{"confidence_interval":{"confidence_level":0.95,"lower_bound":0.0025574554302491836,"upper_bound":0.0044837582070526},"point_estimate":0.003612345435461295,"standard_error":0.000489061700241903},"median":{"confidence_interval":{"confidence_level":0.95,"lower_bound":0.0028666857384180844,"upper_bound":0.00498363167691207},"point_estimate":0.004048208321125291,"standard_error":0.0005782465515049765}}