{"mean":{"confidence_interval":{"confidence_level":0.95,"lower_bound":4033967405.605,"upper_bound":4064160778.9},"point_estimate":4048059646.5,"standard_error":7765074.9018834755},"median":{"confidence_interval":{"confidence_level":0.95,"lower_bound":4024696540.0,"upper_bound":4070618902.0},"point_estimate":4042129578.0,"standard_error":10519935.23260843},"median_abs_dev":{"confidence_interval":{"confidence_level":0.95,"lower_bound":1168285.8140587807,"upper_bound":45348764.274698496},"point_estimate":23537853.551119566,"standard_error":11146553.607893916},"slope":null,"std_dev":{"confidence_interval":{"confidence_level":0.95,"lower_bound":11257615.92735948,"upper_bound":32439510.388404608},"point_estimate":25953648.499147452,"standard_error":5432216.639389605}}