{"mean":{"confidence_interval":{"confidence_level":0.95,"lower_bound":-0.00020995179575479192,"upper_bound":0.002659993943529575},"point_estimate":0.0014412524280973393,"standard_error":0.0007516140477799157},"median":{"confidence_interval":{"confidence_level":0.95,"lower_bound":0.0006783299780979135,"upper_bound":0.003014893688702447},"point_estimate":0.0021968053970191637,"standard_error":0.0005457593609587797}}