{"mean":{"confidence_interval":{"confidence_level":0.95,"lower_bound":-0.002115369825700286,"upper_bound":0.000581316488728304},"point_estimate":-0.0010117500404636104,"standard_error":0.0007338617999573346},"median":{"confidence_interval":{"confidence_level":0.95,"lower_bound":-0.0024856302480554815,"upper_bound":-0.0005319766484525035},"point_estimate":-0.001961409082140708,"standard_error":0.000481778893856311}}