{"mean":{"confidence_interval":{"confidence_level":0.95,"lower_bound":1032917278.5,"upper_bound":1033830342.2},"point_estimate":1033337675.8,"standard_error":233892.21249312413},"median":{"confidence_interval":{"confidence_level":0.95,"lower_bound":1032740133.0,"upper_bound":1033598325.5},"point_estimate":1033358814.0,"standard_error":200369.0231136577},"median_abs_dev":{"confidence_interval":{"confidence_level":0.95,"lower_bound":47027.329865098,"upper_bound":1153645.1393187046},"point_estimate":441680.61685860157,"standard_error":302302.7182829689},"slope":null,"std_dev":{"confidence_interval":{"confidence_level":0.95,"lower_bound":314621.2440250157,"upper_bound":1093558.874365731},"point_estimate":780258.9316082193,"standard_error":222333.5284681487}}