{"mean":{"confidence_interval":{"confidence_level":0.95,"lower_bound":7035579209.0,"upper_bound":7088938678.03},"point_estimate":7058512502.2,"standard_error":13932851.146468146},"median":{"confidence_interval":{"confidence_level":0.95,"lower_bound":7033886459.0,"upper_bound":7070406942.0},"point_estimate":7049841154.0,"standard_error":8607371.560154652},"median_abs_dev":{"confidence_interval":{"confidence_level":0.95,"lower_bound":2644293.4069544077,"upper_bound":53565793.67611706},"point_estimate":18828769.847622514,"standard_error":12544706.028951775},"slope":null,"std_dev":{"confidence_interval":{"confidence_level":0.95,"lower_bound":10507860.067053523,"upper_bound":67902436.60014424},"point_estimate":46562206.55720243,"standard_error":16878918.069503736}}