{"mean":{"confidence_interval":{"confidence_level":0.95,"lower_bound":0.004943692953916945,"upper_bound":0.005320511135304079},"point_estimate":0.0051310491782503576,"standard_error":0.00009110494980758406},"median":{"confidence_interval":{"confidence_level":0.95,"lower_bound":0.004837739338088287,"upper_bound":0.005305429191228006},"point_estimate":0.005164074437805866,"standard_error":0.00014436288830043382}}