{"mean":{"confidence_interval":{"confidence_level":0.95,"lower_bound":1536215051.58,"upper_bound":1537091539.8},"point_estimate":1536622846.3,"standard_error":224084.76993183733},"median":{"confidence_interval":{"confidence_level":0.95,"lower_bound":1535969661.0,"upper_bound":1537216937.0},"point_estimate":1536526155.5,"standard_error":298833.6195197975},"median_abs_dev":{"confidence_interval":{"confidence_level":0.95,"lower_bound":74671.88897430897,"upper_bound":1282708.4322273731},"point_estimate":671412.4479800463,"standard_error":321008.98202045716},"slope":null,"std_dev":{"confidence_interval":{"confidence_level":0.95,"lower_bound":340874.96754082065,"upper_bound":937903.8531576737},"point_estimate":743485.8419883476,"standard_error":154827.3428658985}}