{"mean":{"confidence_interval":{"confidence_level":0.95,"lower_bound":1864518208.88,"upper_bound":1865499812.3},"point_estimate":1864937340.3,"standard_error":255809.4021583626},"median":{"confidence_interval":{"confidence_level":0.95,"lower_bound":1864372996.5,"upper_bound":1865180803.0},"point_estimate":1864692940.5,"standard_error":194148.11868424906},"median_abs_dev":{"confidence_interval":{"confidence_level":0.95,"lower_bound":89349.628713727,"upper_bound":989179.5829385519},"point_estimate":423806.3915759325,"standard_error":230864.78836901727},"slope":null,"std_dev":{"confidence_interval":{"confidence_level":0.95,"lower_bound":222597.20150747563,"upper_bound":1239727.703341365},"point_estimate":856348.9457621883,"standard_error":300228.67941322963}}