{"mean":{"confidence_interval":{"confidence_level":0.95,"lower_bound":1890469718.2475002,"upper_bound":1892339707.6},"point_estimate":1891305615.5,"standard_error":482491.43164810684},"median":{"confidence_interval":{"confidence_level":0.95,"lower_bound":1890235832.0,"upper_bound":1892139053.5},"point_estimate":1890568020.5,"standard_error":517599.3370444788},"median_abs_dev":{"confidence_interval":{"confidence_level":0.95,"lower_bound":167722.08722233772,"upper_bound":2329346.9184458256},"point_estimate":677002.5911808014,"standard_error":569945.0413875581},"slope":null,"std_dev":{"confidence_interval":{"confidence_level":0.95,"lower_bound":389295.8082473729,"upper_bound":2142899.957962356},"point_estimate":1605082.5814233741,"standard_error":438774.8075028192}}