{"mean":{"confidence_interval":{"confidence_level":0.95,"lower_bound":1382505751.9,"upper_bound":1382698839.3},"point_estimate":1382623607.0,"standard_error":53272.67426243452},"median":{"confidence_interval":{"confidence_level":0.95,"lower_bound":1382639207.0,"upper_bound":1382701811.5},"point_estimate":1382650231.5,"standard_error":22043.100431684885},"median_abs_dev":{"confidence_interval":{"confidence_level":0.95,"lower_bound":3702.0521342754364,"upper_bound":144709.17043089867},"point_estimate":20167.066141963005,"standard_error":38462.218947978516},"slope":null,"std_dev":{"confidence_interval":{"confidence_level":0.95,"lower_bound":28631.62861999529,"upper_bound":270529.31557637564},"point_estimate":176440.02489357238,"standard_error":79847.78012809073}}