{"mean":{"confidence_interval":{"confidence_level":0.95,"lower_bound":0.00012271845838643941,"upper_bound":0.0007529634372083205},"point_estimate":0.00040724737746433703,"standard_error":0.00015430980964395227},"median":{"confidence_interval":{"confidence_level":0.95,"lower_bound":0.00003201015348919256,"upper_bound":0.0006073398067973912},"point_estimate":0.00026325959964479395,"standard_error":0.00015821073061477334}}