{"mean":{"confidence_interval":{"confidence_level":0.95,"lower_bound":-0.018502821194989524,"upper_bound":-0.01787828459262193},"point_estimate":-0.018157880267745563,"standard_error":0.0001598683936772287},"median":{"confidence_interval":{"confidence_level":0.95,"lower_bound":-0.018478801775302478,"upper_bound":-0.017657179912252796},"point_estimate":-0.018047468780327702,"standard_error":0.0002097450245987581}}