{"mean":{"confidence_interval":{"confidence_level":0.95,"lower_bound":289752877.805,"upper_bound":305300023.45875},"point_estimate":299860590.45,"standard_error":4721244.710254361},"median":{"confidence_interval":{"confidence_level":0.95,"lower_bound":304024308.75,"upper_bound":304921775.5},"point_estimate":304541719.5,"standard_error":1102736.5026712518},"median_abs_dev":{"confidence_interval":{"confidence_level":0.95,"lower_bound":108861.75631731749,"upper_bound":2425058.754296601},"point_estimate":523156.527762115,"standard_error":1443906.988535277},"slope":null,"std_dev":{"confidence_interval":{"confidence_level":0.95,"lower_bound":358247.28829890426,"upper_bound":24021896.732097164},"point_estimate":15643905.876404844,"standard_error":8588335.17847764}}