{"mean":{"confidence_interval":{"confidence_level":0.95,"lower_bound":280429909.25624996,"upper_bound":305503440.13750005},"point_estimate":295266186.75,"standard_error":6297184.62946291},"median":{"confidence_interval":{"confidence_level":0.95,"lower_bound":280321373.0,"upper_bound":305621143.5},"point_estimate":304735613.5,"standard_error":5483933.37614791},"median_abs_dev":{"confidence_interval":{"confidence_level":0.95,"lower_bound":302500.8030295372,"upper_bound":35477629.95854616},"point_estimate":1215408.771622181,"standard_error":5666161.344360334},"slope":null,"std_dev":{"confidence_interval":{"confidence_level":0.95,"lower_bound":682158.1303525293,"upper_bound":26289480.767701138},"point_estimate":21131098.05310212,"standard_error":7022700.165910738}}