{"mean":{"confidence_interval":{"confidence_level":0.95,"lower_bound":56570055526.8,"upper_bound":56740136288.0},"point_estimate":56659756650.2,"standard_error":43863686.98016233},"median":{"confidence_interval":{"confidence_level":0.95,"lower_bound":56539793257.0,"upper_bound":56775993428.0},"point_estimate":56716389854.0,"standard_error":66744049.50423898},"median_abs_dev":{"confidence_interval":{"confidence_level":0.95,"lower_bound":20046435.136404634,"upper_bound":245587252.6522547},"point_estimate":100756500.86921453,"standard_error":61710439.013457015},"slope":null,"std_dev":{"confidence_interval":{"confidence_level":0.95,"lower_bound":62841828.765807405,"upper_bound":176203991.40042642},"point_estimate":146998010.42680788,"standard_error":26954124.225973014}}