{"mean":{"confidence_interval":{"confidence_level":0.95,"lower_bound":15278459413.3,"upper_bound":15279012260.8},"point_estimate":15278720324.4,"standard_error":143954.42427602538},"median":{"confidence_interval":{"confidence_level":0.95,"lower_bound":15278402935.0,"upper_bound":15279074868.0},"point_estimate":15278572246.0,"standard_error":175447.9977892254},"median_abs_dev":{"confidence_interval":{"confidence_level":0.95,"lower_bound":65797.78683185577,"upper_bound":763470.0455456972},"point_estimate":267944.36284303665,"standard_error":204316.5435522055},"slope":null,"std_dev":{"confidence_interval":{"confidence_level":0.95,"lower_bound":188839.35400158842,"upper_bound":596745.8555118288},"point_estimate":476579.13293694815,"standard_error":100173.22096795103}}