{"mean":{"confidence_interval":{"confidence_level":0.95,"lower_bound":342607476.83,"upper_bound":343025681.17875004},"point_estimate":342826257.35,"standard_error":107122.28547742731},"median":{"confidence_interval":{"confidence_level":0.95,"lower_bound":342515126.5,"upper_bound":343140853.0},"point_estimate":342916996.0,"standard_error":170475.97338363773},"median_abs_dev":{"confidence_interval":{"confidence_level":0.95,"lower_bound":81994.45024430752,"upper_bound":581175.4831820726},"point_estimate":354303.95805984735,"standard_error":135866.74258767162},"slope":null,"std_dev":{"confidence_interval":{"confidence_level":0.95,"lower_bound":195188.22274182396,"upper_bound":434374.6820367182},"point_estimate":356468.80035916576,"standard_error":60637.40395603896}}