{"mean":{"confidence_interval":{"confidence_level":0.95,"lower_bound":81246326964.7625,"upper_bound":83649961638.925},"point_estimate":82361203765.5,"standard_error":610819747.6283523},"median":{"confidence_interval":{"confidence_level":0.95,"lower_bound":81047785395.0,"upper_bound":83521235053.0},"point_estimate":81298805313.5,"standard_error":720482167.4371468},"median_abs_dev":{"confidence_interval":{"confidence_level":0.95,"lower_bound":89508928.89179885,"upper_bound":3172788516.284144},"point_estimate":380031718.5192883,"standard_error":768158716.0328312},"slope":null,"std_dev":{"confidence_interval":{"confidence_level":0.95,"lower_bound":208855304.42705664,"upper_bound":2532493054.6874576},"point_estimate":2042988719.1240156,"standard_error":516071673.1393967}}