{"mean":{"confidence_interval":{"confidence_level":0.95,"lower_bound":16178885249.8,"upper_bound":16180077215.5},"point_estimate":16179477095.4,"standard_error":306753.4612424267},"median":{"confidence_interval":{"confidence_level":0.95,"lower_bound":16178561725.0,"upper_bound":16180153296.0},"point_estimate":16179680227.5,"standard_error":417655.68113329954},"median_abs_dev":{"confidence_interval":{"confidence_level":0.95,"lower_bound":222532.32564926147,"upper_bound":1788300.2274513245},"point_estimate":947347.2833812237,"standard_error":398444.9373689684},"slope":null,"std_dev":{"confidence_interval":{"confidence_level":0.95,"lower_bound":580986.438122491,"upper_bound":1286706.6451948783},"point_estimate":1024501.663661379,"standard_error":179254.06619378558}}