{"mean":{"confidence_interval":{"confidence_level":0.95,"lower_bound":-0.00022458546815728447,"upper_bound":0.0004072520526237796},"point_estimate":0.00012981000165002143,"standard_error":0.00016279947687204677},"median":{"confidence_interval":{"confidence_level":0.95,"lower_bound":-0.00008817273908601209,"upper_bound":0.0005695507417491363},"point_estimate":0.00032441507937774894,"standard_error":0.00020517179899630348}}