{"mean":{"confidence_interval":{"confidence_level":0.95,"lower_bound":0.0004988253523616316,"upper_bound":0.0014730304639445743},"point_estimate":0.0010031180557927843,"standard_error":0.0002475162961394772},"median":{"confidence_interval":{"confidence_level":0.95,"lower_bound":0.0003423011842960122,"upper_bound":0.001662509268630874},"point_estimate":0.0008666341218832585,"standard_error":0.0003444313601236939}}