{"mean":{"confidence_interval":{"confidence_level":0.95,"lower_bound":0.015105295199838593,"upper_bound":0.019423860451035942},"point_estimate":0.01697986217301839,"standard_error":0.001091450762722528},"median":{"confidence_interval":{"confidence_level":0.95,"lower_bound":0.014216147793749911,"upper_bound":0.020268998956364692},"point_estimate":0.016240961089706962,"standard_error":0.001539142712603175}}