{"mean":{"confidence_interval":{"confidence_level":0.95,"lower_bound":-0.0004512851197035594,"upper_bound":8.585744265887483e-6},"point_estimate":-0.0002268974373189625,"standard_error":0.00011746273188844604},"median":{"confidence_interval":{"confidence_level":0.95,"lower_bound":-0.00047566935341258887,"upper_bound":0.00007880448587793687},"point_estimate":-0.0003230311398818575,"standard_error":0.00015304017733840387}}