{"mean":{"confidence_interval":{"confidence_level":0.95,"lower_bound":-0.00021308002339888996,"upper_bound":0.0003184373160057261},"point_estimate":0.0000361042243559595,"standard_error":0.00013395990226493048},"median":{"confidence_interval":{"confidence_level":0.95,"lower_bound":-0.00019907884478143067,"upper_bound":0.00034806750891691607},"point_estimate":0.00005741012433313486,"standard_error":0.00012666201075259444}}