{"mean":{"confidence_interval":{"confidence_level":0.95,"lower_bound":442700803.8125,"upper_bound":443913958.13875},"point_estimate":443229625.05,"standard_error":315626.6041043118},"median":{"confidence_interval":{"confidence_level":0.95,"lower_bound":442580322.0,"upper_bound":443783083.5},"point_estimate":442774561.25,"standard_error":254527.61018014845},"median_abs_dev":{"confidence_interval":{"confidence_level":0.95,"lower_bound":30162.75516450405,"upper_bound":1317258.942013979},"point_estimate":444700.67300498486,"standard_error":311822.5030621615},"slope":null,"std_dev":{"confidence_interval":{"confidence_level":0.95,"lower_bound":217879.38875605262,"upper_bound":1442508.7430955295},"point_estimate":1053698.3778094673,"standard_error":331293.9363721326}}