{"mean":{"confidence_interval":{"confidence_level":0.95,"lower_bound":219217039.7958333,"upper_bound":221645046.11083332},"point_estimate":220307379.66666666,"standard_error":624463.7449243725},"median":{"confidence_interval":{"confidence_level":0.95,"lower_bound":219056700.33333334,"upper_bound":221189166.83333334},"point_estimate":220069316.5,"standard_error":456132.6779953987},"median_abs_dev":{"confidence_interval":{"confidence_level":0.95,"lower_bound":139998.9503145218,"upper_bound":2982206.3574552387},"point_estimate":1005228.9747536035,"standard_error":763027.6164545146},"slope":null,"std_dev":{"confidence_interval":{"confidence_level":0.95,"lower_bound":730538.1050594113,"upper_bound":2923480.2282793247},"point_estimate":2082579.5513182306,"standard_error":618923.9350749215}}