{"mean":{"confidence_interval":{"confidence_level":0.95,"lower_bound":4089538741.5325,"upper_bound":4160354955.3},"point_estimate":4121535842.5,"standard_error":18238693.52425952},"median":{"confidence_interval":{"confidence_level":0.95,"lower_bound":4076786823.5,"upper_bound":4171397983.0},"point_estimate":4092296490.0,"standard_error":24195773.489404976},"median_abs_dev":{"confidence_interval":{"confidence_level":0.95,"lower_bound":3993360.790103674,"upper_bound":107231621.9862948},"point_estimate":38436597.79691398,"standard_error":24853775.799410004},"slope":null,"std_dev":{"confidence_interval":{"confidence_level":0.95,"lower_bound":25100905.863141645,"upper_bound":81512667.91630577},"point_estimate":60966549.20527587,"standard_error":15125669.450813713}}