{"mean":{"confidence_interval":{"confidence_level":0.95,"lower_bound":-0.00417900694777698,"upper_bound":0.0016222289523853569},"point_estimate":-0.0012371552566019517,"standard_error":0.0014846282565302762},"median":{"confidence_interval":{"confidence_level":0.95,"lower_bound":-0.004601849992643459,"upper_bound":0.00267456338690919},"point_estimate":-0.0018168113051237889,"standard_error":0.0018919485713487227}}