{"mean":{"confidence_interval":{"confidence_level":0.95,"lower_bound":1039446073.7075,"upper_bound":1041145039.5325},"point_estimate":1040135850.2,"standard_error":454321.22269032244},"median":{"confidence_interval":{"confidence_level":0.95,"lower_bound":1039225246.0,"upper_bound":1040397557.0},"point_estimate":1039633204.0,"standard_error":298654.8383033099},"median_abs_dev":{"confidence_interval":{"confidence_level":0.95,"lower_bound":127130.72384297848,"upper_bound":1349326.0968446732},"point_estimate":651490.7521337271,"standard_error":337543.6276641682},"slope":null,"std_dev":{"confidence_interval":{"confidence_level":0.95,"lower_bound":295937.79176841653,"upper_bound":2256642.859082895},"point_estimate":1510430.2610031944,"standard_error":604081.2103747783}}