{"mean":{"confidence_interval":{"confidence_level":0.95,"lower_bound":1012495173.0625,"upper_bound":1014059538.5},"point_estimate":1013277082.5,"standard_error":402247.4570477853},"median":{"confidence_interval":{"confidence_level":0.95,"lower_bound":1012057236.5,"upper_bound":1014252670.0},"point_estimate":1013412266.5,"standard_error":688778.2975301087},"median_abs_dev":{"confidence_interval":{"confidence_level":0.95,"lower_bound":318383.8965475559,"upper_bound":2193908.445650339},"point_estimate":1681768.0063426495,"standard_error":471711.72906029836},"slope":null,"std_dev":{"confidence_interval":{"confidence_level":0.95,"lower_bound":845404.4435244167,"upper_bound":1607082.0487474566},"point_estimate":1337587.158816555,"standard_error":193156.51281401084}}