{"mean":{"confidence_interval":{"confidence_level":0.95,"lower_bound":697488813.6875,"upper_bound":698016757.3},"point_estimate":697757066.7,"standard_error":135580.15908875794},"median":{"confidence_interval":{"confidence_level":0.95,"lower_bound":697487958.0,"upper_bound":698057658.5},"point_estimate":697693772.0,"standard_error":138601.1999535971},"median_abs_dev":{"confidence_interval":{"confidence_level":0.95,"lower_bound":50118.55081021786,"upper_bound":779574.7877597809},"point_estimate":404415.46652019024,"standard_error":189409.16729221627},"slope":null,"std_dev":{"confidence_interval":{"confidence_level":0.95,"lower_bound":215366.03492514268,"upper_bound":608074.9940183562},"point_estimate":453248.4579406384,"standard_error":100691.65598885619}}