{"mean":{"confidence_interval":{"confidence_level":0.95,"lower_bound":-0.00738198628653421,"upper_bound":0.005744938419035245},"point_estimate":-0.0010545936977233161,"standard_error":0.0033543015094991933},"median":{"confidence_interval":{"confidence_level":0.95,"lower_bound":-0.010411973273462216,"upper_bound":0.005809956188598919},"point_estimate":-0.0038056287530651156,"standard_error":0.003946261938050246}}