{"mean":{"confidence_interval":{"confidence_level":0.95,"lower_bound":0.0009734451992542414,"upper_bound":0.01957066219643112},"point_estimate":0.009974794006632592,"standard_error":0.004715594390891114},"median":{"confidence_interval":{"confidence_level":0.95,"lower_bound":-0.004651630334572832,"upper_bound":0.01911817301694141},"point_estimate":0.00707551021077002,"standard_error":0.006184112966364154}}