{"mean":{"confidence_interval":{"confidence_level":0.95,"lower_bound":0.00015435838237536946,"upper_bound":0.001158899725737483},"point_estimate":0.0006632846060470321,"standard_error":0.0002571388657995205},"median":{"confidence_interval":{"confidence_level":0.95,"lower_bound":-0.00020352789826649786,"upper_bound":0.0015446543381754108},"point_estimate":0.0006670551986032169,"standard_error":0.00047970899439483787}}