{"mean":{"confidence_interval":{"confidence_level":0.95,"lower_bound":1049681139.8,"upper_bound":1054378579.685},"point_estimate":1051970793.3,"standard_error":1208947.8173196458},"median":{"confidence_interval":{"confidence_level":0.95,"lower_bound":1048455284.0,"upper_bound":1055264302.0},"point_estimate":1051433024.0,"standard_error":2093653.3429723973},"median_abs_dev":{"confidence_interval":{"confidence_level":0.95,"lower_bound":854870.8513230085,"upper_bound":6600478.744018078},"point_estimate":4760713.764980435,"standard_error":1556199.9024717663},"slope":null,"std_dev":{"confidence_interval":{"confidence_level":0.95,"lower_bound":2454996.539128099,"upper_bound":4919018.277812719},"point_estimate":4018280.0419796263,"standard_error":636867.1239467347}}