{"mean":{"confidence_interval":{"confidence_level":0.95,"lower_bound":343740738.85,"upper_bound":344908891.2},"point_estimate":344276618.65,"standard_error":300994.5833944682},"median":{"confidence_interval":{"confidence_level":0.95,"lower_bound":343566951.5,"upper_bound":345012024.0},"point_estimate":344003035.25,"standard_error":282507.70657351817},"median_abs_dev":{"confidence_interval":{"confidence_level":0.95,"lower_bound":84801.75329446793,"upper_bound":1448441.611585021},"point_estimate":565148.2068166137,"standard_error":343911.61316133366},"slope":null,"std_dev":{"confidence_interval":{"confidence_level":0.95,"lower_bound":322167.21556070243,"upper_bound":1294253.5059266419},"point_estimate":1002234.9638264043,"standard_error":255717.88278557136}}