{"mean":{"confidence_interval":{"confidence_level":0.95,"lower_bound":279174310.565,"upper_bound":279374439.5},"point_estimate":279272625.65,"standard_error":51784.50900427335},"median":{"confidence_interval":{"confidence_level":0.95,"lower_bound":279107925.0,"upper_bound":279426261.0},"point_estimate":279250301.25,"standard_error":92680.65051201692},"median_abs_dev":{"confidence_interval":{"confidence_level":0.95,"lower_bound":38665.09536355734,"upper_bound":282448.26773554087},"point_estimate":227560.192809999,"standard_error":63776.43312952801},"slope":null,"std_dev":{"confidence_interval":{"confidence_level":0.95,"lower_bound":110312.0945532999,"upper_bound":207823.5784380655},"point_estimate":172983.3973346784,"standard_error":24940.958120760453}}