{"mean":{"confidence_interval":{"confidence_level":0.95,"lower_bound":279308291.25,"upper_bound":279683464.6},"point_estimate":279464085.4,"standard_error":99685.50817262789},"median":{"confidence_interval":{"confidence_level":0.95,"lower_bound":279276859.0,"upper_bound":279551425.5},"point_estimate":279362649.25,"standard_error":70446.77582216372},"median_abs_dev":{"confidence_interval":{"confidence_level":0.95,"lower_bound":27842.85685569048,"upper_bound":331944.86785680056},"point_estimate":149235.17750054598,"standard_error":84995.29417248418},"slope":null,"std_dev":{"confidence_interval":{"confidence_level":0.95,"lower_bound":82952.67489533816,"upper_bound":495822.7322161104},"point_estimate":334282.1072583754,"standard_error":125732.97121142714}}