{"mean":{"confidence_interval":{"confidence_level":0.95,"lower_bound":-0.00381142545761472,"upper_bound":-0.000058576991943949455},"point_estimate":-0.0018688194285666482,"standard_error":0.0009515988445025949},"median":{"confidence_interval":{"confidence_level":0.95,"lower_bound":-0.004153646532508493,"upper_bound":0.0007614749055118164},"point_estimate":-0.0013749515341160423,"standard_error":0.001167751551748287}}