{"mean":{"confidence_interval":{"confidence_level":0.95,"lower_bound":155941260.46666664,"upper_bound":158969489.5016667},"point_estimate":157391657.7,"standard_error":777101.5399396215},"median":{"confidence_interval":{"confidence_level":0.95,"lower_bound":155463148.0,"upper_bound":159470339.0},"point_estimate":156933290.33333334,"standard_error":936350.6831718137},"median_abs_dev":{"confidence_interval":{"confidence_level":0.95,"lower_bound":343130.96110823716,"upper_bound":4236405.6276887655},"point_estimate":2884808.681884423,"standard_error":1054611.0927590516},"slope":null,"std_dev":{"confidence_interval":{"confidence_level":0.95,"lower_bound":1332138.154368172,"upper_bound":3325701.9751889566},"point_estimate":2590322.907267209,"standard_error":516581.8378123201}}