{"mean":{"confidence_interval":{"confidence_level":0.95,"lower_bound":-0.0009786999835609516,"upper_bound":0.0027726836723194585},"point_estimate":0.0008269914855310034,"standard_error":0.0009588521106361692},"median":{"confidence_interval":{"confidence_level":0.95,"lower_bound":-0.0017187140341080598,"upper_bound":0.0027543220743220242},"point_estimate":0.0006842754261036088,"standard_error":0.0011867151155014796}}