{"mean":{"confidence_interval":{"confidence_level":0.95,"lower_bound":1531999727.1,"upper_bound":1532263487.3600001},"point_estimate":1532128807.0,"standard_error":66841.60881266042},"median":{"confidence_interval":{"confidence_level":0.95,"lower_bound":1531947900.0,"upper_bound":1532323992.5},"point_estimate":1532108678.0,"standard_error":110593.98781785705},"median_abs_dev":{"confidence_interval":{"confidence_level":0.95,"lower_bound":12143.235084414482,"upper_bound":370500.2508223057},"point_estimate":211573.68794381618,"standard_error":99015.64274119341},"slope":null,"std_dev":{"confidence_interval":{"confidence_level":0.95,"lower_bound":130697.28298937791,"upper_bound":272923.8855248026},"point_estimate":223936.8978509596,"standard_error":36327.41642670023}}