{"mean":{"confidence_interval":{"confidence_level":0.95,"lower_bound":1537983867.7,"upper_bound":1539575773.5675},"point_estimate":1538651662.1,"standard_error":405216.9439808857},"median":{"confidence_interval":{"confidence_level":0.95,"lower_bound":1537953756.5,"upper_bound":1539599956.5},"point_estimate":1538053036.5,"standard_error":355839.3358300084},"median_abs_dev":{"confidence_interval":{"confidence_level":0.95,"lower_bound":36911.55024468899,"upper_bound":2065305.5000334978},"point_estimate":206389.777135849,"standard_error":370262.8470983911},"slope":null,"std_dev":{"confidence_interval":{"confidence_level":0.95,"lower_bound":137585.84134503893,"upper_bound":1692385.5182961384},"point_estimate":1338416.4953505027,"standard_error":422739.4002166184}}