{"mean":{"confidence_interval":{"confidence_level":0.95,"lower_bound":-0.003962965753397249,"upper_bound":-0.00012094041717601645},"point_estimate":-0.001910916190951517,"standard_error":0.0009865504951663742},"median":{"confidence_interval":{"confidence_level":0.95,"lower_bound":-0.004721108615775793,"upper_bound":0.0007525167183841663},"point_estimate":-0.00010708297514694376,"standard_error":0.00148590418076112}}