{"mean":{"confidence_interval":{"confidence_level":0.95,"lower_bound":-0.004604026365103224,"upper_bound":0.009823651704076397},"point_estimate":0.002573731044565486,"standard_error":0.003717673673747353},"median":{"confidence_interval":{"confidence_level":0.95,"lower_bound":-0.006838361392709769,"upper_bound":0.010134133890011388},"point_estimate":-0.0009096215542699904,"standard_error":0.004183407371326593}}