{"mean":{"confidence_interval":{"confidence_level":0.95,"lower_bound":-0.5392905421888198,"upper_bound":-0.5387879708148751},"point_estimate":-0.5390396436052984,"standard_error":0.0001284850975110968},"median":{"confidence_interval":{"confidence_level":0.95,"lower_bound":-0.5393279152929626,"upper_bound":-0.5386030542271616},"point_estimate":-0.5390944815709497,"standard_error":0.00018607258223331022}}