{"mean":{"confidence_interval":{"confidence_level":0.95,"lower_bound":2336540428.8,"upper_bound":2339733678.8},"point_estimate":2338046192.4,"standard_error":816950.5214955518},"median":{"confidence_interval":{"confidence_level":0.95,"lower_bound":2336508062.0,"upper_bound":2340359475.5},"point_estimate":2337416433.0,"standard_error":766290.7456424948},"median_abs_dev":{"confidence_interval":{"confidence_level":0.95,"lower_bound":149241.4785504341,"upper_bound":4841191.51545167},"point_estimate":1457284.579128027,"standard_error":1154146.957721261},"slope":null,"std_dev":{"confidence_interval":{"confidence_level":0.95,"lower_bound":1108233.535039616,"upper_bound":3543926.7435149453},"point_estimate":2751065.300562521,"standard_error":608174.9238318579}}