{"mean":{"confidence_interval":{"confidence_level":0.95,"lower_bound":0.0061588075607235115,"upper_bound":0.008680168766260803},"point_estimate":0.007481942350441528,"standard_error":0.0006456758212863556},"median":{"confidence_interval":{"confidence_level":0.95,"lower_bound":0.005801995944100691,"upper_bound":0.00941135623542766},"point_estimate":0.007903040856565013,"standard_error":0.0009777428600272592}}