{"mean":{"confidence_interval":{"confidence_level":0.95,"lower_bound":1102170277.31,"upper_bound":1102925656.9},"point_estimate":1102565603.0,"standard_error":195294.393430872},"median":{"confidence_interval":{"confidence_level":0.95,"lower_bound":1102125271.5,"upper_bound":1103138131.0},"point_estimate":1102587553.0,"standard_error":223031.60767079136},"median_abs_dev":{"confidence_interval":{"confidence_level":0.95,"lower_bound":93999.80353116989,"upper_bound":1108808.3509147167},"point_estimate":570746.8749672174,"standard_error":275730.003707945},"slope":null,"std_dev":{"confidence_interval":{"confidence_level":0.95,"lower_bound":332683.6369967713,"upper_bound":837142.0491614931},"point_estimate":644249.0098927416,"standard_error":134841.31943442684}}