{"mean":{"confidence_interval":{"confidence_level":0.95,"lower_bound":1044294997.7824999,"upper_bound":1060335859.3},"point_estimate":1050757846.4,"standard_error":4336788.438699034},"median":{"confidence_interval":{"confidence_level":0.95,"lower_bound":1043045930.5,"upper_bound":1052253274.5},"point_estimate":1045007599.0,"standard_error":2740789.3121890565},"median_abs_dev":{"confidence_interval":{"confidence_level":0.95,"lower_bound":558801.566979289,"upper_bound":11782978.858110309},"point_estimate":3107818.6518251896,"standard_error":3113444.057133588},"slope":null,"std_dev":{"confidence_interval":{"confidence_level":0.95,"lower_bound":1858752.7489806586,"upper_bound":21732315.83343324},"point_estimate":14488701.078234985,"standard_error":6074274.450318745}}