{"mean":{"confidence_interval":{"confidence_level":0.95,"lower_bound":490495587209.6,"upper_bound":491726879565.91},"point_estimate":491151664495.0,"standard_error":316508180.30368304},"median":{"confidence_interval":{"confidence_level":0.95,"lower_bound":490463161661.5,"upper_bound":492042887718.5},"point_estimate":491380323725.0,"standard_error":403469415.4886784},"median_abs_dev":{"confidence_interval":{"confidence_level":0.95,"lower_bound":81564125.60194731,"upper_bound":1740681557.397625},"point_estimate":1046514385.9289557,"standard_error":383674100.2276729},"slope":null,"std_dev":{"confidence_interval":{"confidence_level":0.95,"lower_bound":518278197.2118929,"upper_bound":1403536422.7758815},"point_estimate":1055155407.8284074,"standard_error":245500964.4718361}}