{"mean":{"confidence_interval":{"confidence_level":0.95,"lower_bound":1315521849.5475,"upper_bound":1318090722.99},"point_estimate":1316770949.3,"standard_error":657262.4382235053},"median":{"confidence_interval":{"confidence_level":0.95,"lower_bound":1315676895.0,"upper_bound":1318195576.0},"point_estimate":1316516489.0,"standard_error":529222.4528561843},"median_abs_dev":{"confidence_interval":{"confidence_level":0.95,"lower_bound":312056.1598598957,"upper_bound":3910355.2066773176},"point_estimate":1093576.118785143,"standard_error":941514.9155330898},"slope":null,"std_dev":{"confidence_interval":{"confidence_level":0.95,"lower_bound":694815.3743247595,"upper_bound":2932287.504248393},"point_estimate":2186846.46522374,"standard_error":523006.4498382654}}