{"mean":{"confidence_interval":{"confidence_level":0.95,"lower_bound":1069325544.7325001,"upper_bound":1071715477.1},"point_estimate":1070502144.8,"standard_error":607572.6967618357},"median":{"confidence_interval":{"confidence_level":0.95,"lower_bound":1069209891.0,"upper_bound":1071785244.5},"point_estimate":1070500286.0,"standard_error":669753.9744593826},"median_abs_dev":{"confidence_interval":{"confidence_level":0.95,"lower_bound":332000.0947058201,"upper_bound":3444312.5070512295},"point_estimate":1441902.6044011116,"standard_error":736880.7575123545},"slope":null,"std_dev":{"confidence_interval":{"confidence_level":0.95,"lower_bound":945444.0287828372,"upper_bound":2728476.8363294704},"point_estimate":2026204.5924460618,"standard_error":455399.8040090467}}