{"mean":{"confidence_interval":{"confidence_level":0.95,"lower_bound":589961772.4,"upper_bound":592361174.7},"point_estimate":591004710.2,"standard_error":609405.1397195237},"median":{"confidence_interval":{"confidence_level":0.95,"lower_bound":589811554.0,"upper_bound":592514791.5},"point_estimate":590050774.5,"standard_error":620469.5360951188},"median_abs_dev":{"confidence_interval":{"confidence_level":0.95,"lower_bound":96730.75268268585,"upper_bound":2940401.238897443},"point_estimate":521421.51514291763,"standard_error":580440.8664464332},"slope":null,"std_dev":{"confidence_interval":{"confidence_level":0.95,"lower_bound":346014.97103025275,"upper_bound":2567882.786066321},"point_estimate":2040036.3640544254,"standard_error":584755.1867319628}}