{"mean":{"confidence_interval":{"confidence_level":0.95,"lower_bound":-0.004807934781441564,"upper_bound":0.0010852133998376587},"point_estimate":-0.0014521919782687354,"standard_error":0.0015158921302674986},"median":{"confidence_interval":{"confidence_level":0.95,"lower_bound":-0.0019030712242642522,"upper_bound":0.00014308167760246349},"point_estimate":-0.0006093530405040237,"standard_error":0.0005445238231453731}}