{"mean":{"confidence_interval":{"confidence_level":0.95,"lower_bound":-0.00988414120410356,"upper_bound":0.0013480950791548703},"point_estimate":-0.004512556027548298,"standard_error":0.0028509117994614153},"median":{"confidence_interval":{"confidence_level":0.95,"lower_bound":-0.011025567161412564,"upper_bound":0.00008817519453829803},"point_estimate":-0.005624414941409861,"standard_error":0.0029256009774891218}}