{"mean":{"confidence_interval":{"confidence_level":0.95,"lower_bound":-0.0007359927798625376,"upper_bound":-0.00019633082186837626},"point_estimate":-0.0003991561733945881,"standard_error":0.00015326549261424874},"median":{"confidence_interval":{"confidence_level":0.95,"lower_bound":-0.0003344804361964382,"upper_bound":-0.00016690082663783912},"point_estimate":-0.00024106425376047014,"standard_error":0.00005477384087787598}}