{"mean":{"confidence_interval":{"confidence_level":0.95,"lower_bound":454125306.39625007,"upper_bound":534341269.8},"point_estimate":490523290.9,"standard_error":20623655.73592493},"median":{"confidence_interval":{"confidence_level":0.95,"lower_bound":433787268.0,"upper_bound":531641872.5},"point_estimate":468563907.5,"standard_error":22534473.147125505},"median_abs_dev":{"confidence_interval":{"confidence_level":0.95,"lower_bound":6051532.01906383,"upper_bound":106813198.26658666},"point_estimate":54585610.81686169,"standard_error":24675884.49188786},"slope":null,"std_dev":{"confidence_interval":{"confidence_level":0.95,"lower_bound":24386908.810179822,"upper_bound":91117884.62621246},"point_estimate":68844734.34930931,"standard_error":17476348.914831292}}