{"mean":{"confidence_interval":{"confidence_level":0.95,"lower_bound":-0.013686284403653149,"upper_bound":-0.01190193683149751},"point_estimate":-0.012834050201853908,"standard_error":0.0004568826408442654},"median":{"confidence_interval":{"confidence_level":0.95,"lower_bound":-0.014334952172835314,"upper_bound":-0.01174690547487478},"point_estimate":-0.013210948354040908,"standard_error":0.0006134811021976608}}