{"mean":{"confidence_interval":{"confidence_level":0.95,"lower_bound":0.0028565798852784375,"upper_bound":0.003933753625249531},"point_estimate":0.003377981666780494,"standard_error":0.0002751555545833112},"median":{"confidence_interval":{"confidence_level":0.95,"lower_bound":0.0023616263176813312,"upper_bound":0.004131300999783205},"point_estimate":0.003301969606350763,"standard_error":0.0004486833206461093}}