{"mean":{"confidence_interval":{"confidence_level":0.95,"lower_bound":-0.0036881557996980697,"upper_bound":-0.0027352873091100686},"point_estimate":-0.0032205549960125923,"standard_error":0.00024588828078497604},"median":{"confidence_interval":{"confidence_level":0.95,"lower_bound":-0.003973970991893783,"upper_bound":-0.002279921454083067},"point_estimate":-0.003232821393763685,"standard_error":0.0004457847616250778}}