{"mean":{"confidence_interval":{"confidence_level":0.95,"lower_bound":452333596.3,"upper_bound":452796425.9},"point_estimate":452559771.05,"standard_error":118531.28718595026},"median":{"confidence_interval":{"confidence_level":0.95,"lower_bound":452237556.75,"upper_bound":452897440.0},"point_estimate":452505548.5,"standard_error":168499.47419924446},"median_abs_dev":{"confidence_interval":{"confidence_level":0.95,"lower_bound":103535.51591187716,"upper_bound":644163.0017638206},"point_estimate":465854.40942943096,"standard_error":145956.95310056253},"slope":null,"std_dev":{"confidence_interval":{"confidence_level":0.95,"lower_bound":225977.35778704443,"upper_bound":495628.6889957261},"point_estimate":393864.93347610434,"standard_error":69202.83727662342}}