{"mean":{"confidence_interval":{"confidence_level":0.95,"lower_bound":697137956.8,"upper_bound":699280392.2},"point_estimate":697963363.3,"standard_error":594776.5078627471},"median":{"confidence_interval":{"confidence_level":0.95,"lower_bound":696939891.0,"upper_bound":697981313.0},"point_estimate":697321933.5,"standard_error":351089.62057301926},"median_abs_dev":{"confidence_interval":{"confidence_level":0.95,"lower_bound":89756.60240650177,"upper_bound":1327683.1024289131},"point_estimate":662805.9551328421,"standard_error":336466.5268862858},"slope":null,"std_dev":{"confidence_interval":{"confidence_level":0.95,"lower_bound":375327.5426629238,"upper_bound":3033796.687027908},"point_estimate":1983326.5960390358,"standard_error":913292.9140835868}}