{"mean":{"confidence_interval":{"confidence_level":0.95,"lower_bound":0.00013950039466547066,"upper_bound":0.0008285803207890297},"point_estimate":0.0005180186112629936,"standard_error":0.0001771704628783479},"median":{"confidence_interval":{"confidence_level":0.95,"lower_bound":0.00033354917838557263,"upper_bound":0.0009873908950916999},"point_estimate":0.0005167045745002596,"standard_error":0.00018627222478883728}}