{"mean":{"confidence_interval":{"confidence_level":0.95,"lower_bound":3667469751.36,"upper_bound":3682623216.2},"point_estimate":3673011726.4,"standard_error":4391316.6623526495},"median":{"confidence_interval":{"confidence_level":0.95,"lower_bound":3666683726.0,"upper_bound":3671174381.5},"point_estimate":3668705763.0,"standard_error":1448232.064646258},"median_abs_dev":{"confidence_interval":{"confidence_level":0.95,"lower_bound":575764.7345781326,"upper_bound":5414540.353372693},"point_estimate":2407693.431454897,"standard_error":1857810.6694655234},"slope":null,"std_dev":{"confidence_interval":{"confidence_level":0.95,"lower_bound":1340587.0737115657,"upper_bound":22455718.347540792},"point_estimate":14600574.387442503,"standard_error":7407574.499620143}}