{"mean":{"confidence_interval":{"confidence_level":0.95,"lower_bound":0.0023632144287328684,"upper_bound":0.004312380185735997},"point_estimate":0.0034141324940080153,"standard_error":0.0005018879393784912},"median":{"confidence_interval":{"confidence_level":0.95,"lower_bound":0.0024660456123357655,"upper_bound":0.004539051721108578},"point_estimate":0.003740630110177001,"standard_error":0.0005215087055851799}}