{"mean":{"confidence_interval":{"confidence_level":0.95,"lower_bound":1352861694.8,"upper_bound":1353326126.7975},"point_estimate":1353076852.3,"standard_error":117944.2072200928},"median":{"confidence_interval":{"confidence_level":0.95,"lower_bound":1352792939.5,"upper_bound":1353280088.0},"point_estimate":1353038337.0,"standard_error":144760.13086260832},"median_abs_dev":{"confidence_interval":{"confidence_level":0.95,"lower_bound":57675.362876057625,"upper_bound":628847.002735734},"point_estimate":358411.8719369173,"standard_error":135776.06046366855},"slope":null,"std_dev":{"confidence_interval":{"confidence_level":0.95,"lower_bound":187739.6947046815,"upper_bound":531996.3760371661},"point_estimate":392716.3557449151,"standard_error":96027.91269045873}}