{"mean":{"confidence_interval":{"confidence_level":0.95,"lower_bound":-0.002774165316160501,"upper_bound":0.002369685459202614},"point_estimate":-0.00019599913965062665,"standard_error":0.0013168846343609045},"median":{"confidence_interval":{"confidence_level":0.95,"lower_bound":-0.003243674420371989,"upper_bound":0.0035453881000653276},"point_estimate":0.0005962635617284828,"standard_error":0.0017834428021978662}}