{"mean":{"confidence_interval":{"confidence_level":0.95,"lower_bound":228356422.06666666,"upper_bound":230266418.23666668},"point_estimate":229147997.3,"standard_error":503446.8849225907},"median":{"confidence_interval":{"confidence_level":0.95,"lower_bound":228246246.0,"upper_bound":229456973.33333334},"point_estimate":228851929.66666666,"standard_error":285534.36798943137},"median_abs_dev":{"confidence_interval":{"confidence_level":0.95,"lower_bound":39404.542100429535,"upper_bound":1511015.2376741096},"point_estimate":825938.4070366769,"standard_error":371676.1820444417},"slope":null,"std_dev":{"confidence_interval":{"confidence_level":0.95,"lower_bound":414228.0619247993,"upper_bound":2513862.167813975},"point_estimate":1681524.1967991467,"standard_error":667439.340037741}}