{"mean":{"confidence_interval":{"confidence_level":0.95,"lower_bound":-0.0002351243464580044,"upper_bound":0.0021817662959815686},"point_estimate":0.0006403347198165044,"standard_error":0.0006963345863177105},"median":{"confidence_interval":{"confidence_level":0.95,"lower_bound":-0.0003777525310957319,"upper_bound":0.000043065464727654046},"point_estimate":-0.00003535962956224825,"standard_error":0.00009881946345043531}}