{"mean":{"confidence_interval":{"confidence_level":0.95,"lower_bound":61076447629.425,"upper_bound":61079404787.729996},"point_estimate":61077872768.8,"standard_error":753276.3559121108},"median":{"confidence_interval":{"confidence_level":0.95,"lower_bound":61076004873.0,"upper_bound":61079510378.5},"point_estimate":61077928548.0,"standard_error":774852.0575269297},"median_abs_dev":{"confidence_interval":{"confidence_level":0.95,"lower_bound":259954.63158488274,"upper_bound":4424245.113953948},"point_estimate":1889819.0367490053,"standard_error":1104482.743530058},"slope":null,"std_dev":{"confidence_interval":{"confidence_level":0.95,"lower_bound":1236292.0824484378,"upper_bound":3297132.7751798993},"point_estimate":2511031.2900936315,"standard_error":540415.7742824788}}