{"mean":{"confidence_interval":{"confidence_level":0.95,"lower_bound":61079199992.7,"upper_bound":61081898313.5},"point_estimate":61080502861.7,"standard_error":692848.5217347611},"median":{"confidence_interval":{"confidence_level":0.95,"lower_bound":61078830689.0,"upper_bound":61082311436.5},"point_estimate":61079940080.5,"standard_error":944279.0465370188},"median_abs_dev":{"confidence_interval":{"confidence_level":0.95,"lower_bound":500217.37031936646,"upper_bound":3804742.1975523233},"point_estimate":2602346.2058991194,"standard_error":879317.7066686972},"slope":null,"std_dev":{"confidence_interval":{"confidence_level":0.95,"lower_bound":1247525.2302385846,"upper_bound":2989152.176721615},"point_estimate":2316430.0782021387,"standard_error":453725.17376082635}}