{"mean":{"confidence_interval":{"confidence_level":0.95,"lower_bound":31049897854.3,"upper_bound":31117632370.7},"point_estimate":31079339324.8,"standard_error":17518152.878919393},"median":{"confidence_interval":{"confidence_level":0.95,"lower_bound":31042841086.5,"upper_bound":31105508005.0},"point_estimate":31062485734.5,"standard_error":15442792.409700138},"median_abs_dev":{"confidence_interval":{"confidence_level":0.95,"lower_bound":8141595.456057787,"upper_bound":73637293.6476767},"point_estimate":37280896.291431785,"standard_error":17421597.851363707},"slope":null,"std_dev":{"confidence_interval":{"confidence_level":0.95,"lower_bound":19635274.64487929,"upper_bound":83733849.2757022},"point_estimate":58428325.64281767,"standard_error":19047932.429650255}}