{"mean":{"confidence_interval":{"confidence_level":0.95,"lower_bound":-0.0023604287943771087,"upper_bound":-0.0009165120938616438},"point_estimate":-0.0015494798219041206,"standard_error":0.0003726210808648796},"median":{"confidence_interval":{"confidence_level":0.95,"lower_bound":-0.0018864259938454753,"upper_bound":-0.0007448754685026593},"point_estimate":-0.001316836581628289,"standard_error":0.0002732519491191119}}