{"mean":{"confidence_interval":{"confidence_level":0.95,"lower_bound":0.0015816266211256757,"upper_bound":0.0027624988086894396},"point_estimate":0.002189784883385393,"standard_error":0.00030405875991068305},"median":{"confidence_interval":{"confidence_level":0.95,"lower_bound":0.0014602142147306374,"upper_bound":0.00282387781823501},"point_estimate":0.002216975061128945,"standard_error":0.00041117827331628367}}