{"mean":{"confidence_interval":{"confidence_level":0.95,"lower_bound":-0.0973978013828238,"upper_bound":-0.0961046367696172},"point_estimate":-0.09673485297376094,"standard_error":0.00033103181475271877},"median":{"confidence_interval":{"confidence_level":0.95,"lower_bound":-0.09761616187904576,"upper_bound":-0.09575735083169001},"point_estimate":-0.09648732141658622,"standard_error":0.0004734557549749937}}