{"mean":{"confidence_interval":{"confidence_level":0.95,"lower_bound":0.0008680349063423187,"upper_bound":0.0022125150834661424},"point_estimate":0.0014925934267622232,"standard_error":0.0003495478234166351},"median":{"confidence_interval":{"confidence_level":0.95,"lower_bound":0.0007661181808706896,"upper_bound":0.002413120541871372},"point_estimate":0.0011393696784167684,"standard_error":0.0004087347823627754}}