{"mean":{"confidence_interval":{"confidence_level":0.95,"lower_bound":479560340.75,"upper_bound":480356169.15},"point_estimate":479862754.85,"standard_error":222493.41034779474},"median":{"confidence_interval":{"confidence_level":0.95,"lower_bound":479508964.0,"upper_bound":479832424.5},"point_estimate":479678465.5,"standard_error":120611.9145410333},"median_abs_dev":{"confidence_interval":{"confidence_level":0.95,"lower_bound":7764.7467121481895,"upper_bound":416301.09985917807},"point_estimate":234188.52664232254,"standard_error":117852.14526164785},"slope":null,"std_dev":{"confidence_interval":{"confidence_level":0.95,"lower_bound":127287.91455589524,"upper_bound":1133131.2337584747},"point_estimate":739574.5067121759,"standard_error":345367.60882196197}}