{"mean":{"confidence_interval":{"confidence_level":0.95,"lower_bound":1043592592.7,"upper_bound":1046627748.8275},"point_estimate":1045019865.9,"standard_error":779607.1656393064},"median":{"confidence_interval":{"confidence_level":0.95,"lower_bound":1042963502.5,"upper_bound":1046705023.5},"point_estimate":1044292961.5,"standard_error":1174605.5799207182},"median_abs_dev":{"confidence_interval":{"confidence_level":0.95,"lower_bound":175689.57948088646,"upper_bound":4241974.273189902},"point_estimate":2512631.8575918674,"standard_error":1125423.2183447047},"slope":null,"std_dev":{"confidence_interval":{"confidence_level":0.95,"lower_bound":1329806.1085780722,"upper_bound":3312732.78268939},"point_estimate":2601414.323318779,"standard_error":517575.96477272623}}