{"mean":{"confidence_interval":{"confidence_level":0.95,"lower_bound":438753965.8,"upper_bound":439288623.6},"point_estimate":439012052.25,"standard_error":138060.6776524715},"median":{"confidence_interval":{"confidence_level":0.95,"lower_bound":438637713.0,"upper_bound":439443077.75},"point_estimate":438807931.0,"standard_error":246018.67425413567},"median_abs_dev":{"confidence_interval":{"confidence_level":0.95,"lower_bound":56871.42304033041,"upper_bound":719446.8338772655},"point_estimate":352518.1663915515,"standard_error":200062.51708180972},"slope":null,"std_dev":{"confidence_interval":{"confidence_level":0.95,"lower_bound":247595.32400550635,"upper_bound":545771.7622508515},"point_estimate":457487.91295182204,"standard_error":74027.00968859991}}