{"mean":{"confidence_interval":{"confidence_level":0.95,"lower_bound":517503811.9575,"upper_bound":518034678.3},"point_estimate":517772102.2,"standard_error":136072.39598714985},"median":{"confidence_interval":{"confidence_level":0.95,"lower_bound":517381408.0,"upper_bound":518260345.0},"point_estimate":517698793.5,"standard_error":235674.2876842223},"median_abs_dev":{"confidence_interval":{"confidence_level":0.95,"lower_bound":90393.37909519672,"upper_bound":770397.4939227104},"point_estimate":644059.96106565,"standard_error":181783.02092991365},"slope":null,"std_dev":{"confidence_interval":{"confidence_level":0.95,"lower_bound":293306.9816583907,"upper_bound":534380.3731786002},"point_estimate":452205.67140155745,"standard_error":62404.833023415624}}