{"mean":{"confidence_interval":{"confidence_level":0.95,"lower_bound":516617181.7725,"upper_bound":516804659.8},"point_estimate":516710324.4,"standard_error":48185.52238052957},"median":{"confidence_interval":{"confidence_level":0.95,"lower_bound":516566570.0,"upper_bound":516833996.0},"point_estimate":516719755.0,"standard_error":91857.90711493875},"median_abs_dev":{"confidence_interval":{"confidence_level":0.95,"lower_bound":16271.534711122513,"upper_bound":239207.12755322456},"point_estimate":174711.80479824543,"standard_error":65953.65815523593},"slope":null,"std_dev":{"confidence_interval":{"confidence_level":0.95,"lower_bound":103988.3294763835,"upper_bound":193192.70539575507},"point_estimate":160250.39045970805,"standard_error":22929.113157446376}}