{"mean":{"confidence_interval":{"confidence_level":0.95,"lower_bound":-0.15324950953187172,"upper_bound":-0.15269188392994842},"point_estimate":-0.15298505637850945,"standard_error":0.0001414929759813756},"median":{"confidence_interval":{"confidence_level":0.95,"lower_bound":-0.15344860608277167,"upper_bound":-0.1525598307261935},"point_estimate":-0.15322611184119928,"standard_error":0.00023457818145506177}}