{"mean":{"confidence_interval":{"confidence_level":0.95,"lower_bound":446339908.0,"upper_bound":447494917.52875},"point_estimate":446910107.8,"standard_error":295873.81746030075},"median":{"confidence_interval":{"confidence_level":0.95,"lower_bound":446164223.5,"upper_bound":447788060.0},"point_estimate":446868753.5,"standard_error":409647.07103897067},"median_abs_dev":{"confidence_interval":{"confidence_level":0.95,"lower_bound":313748.1770798564,"upper_bound":1682539.6996289492},"point_estimate":1203749.976079166,"standard_error":363267.4362178732},"slope":null,"std_dev":{"confidence_interval":{"confidence_level":0.95,"lower_bound":577673.2863256992,"upper_bound":1223863.897706051},"point_estimate":985829.2329460289,"standard_error":164700.07642421388}}