{"mean":{"confidence_interval":{"confidence_level":0.95,"lower_bound":988666443.625,"upper_bound":989137149.0},"point_estimate":988908785.4,"standard_error":120604.18314887448},"median":{"confidence_interval":{"confidence_level":0.95,"lower_bound":988559557.5,"upper_bound":989280855.5},"point_estimate":988901678.0,"standard_error":185783.66487004122},"median_abs_dev":{"confidence_interval":{"confidence_level":0.95,"lower_bound":73132.95020163059,"upper_bound":716926.0432720184},"point_estimate":508785.315567255,"standard_error":184557.36028557623},"slope":null,"std_dev":{"confidence_interval":{"confidence_level":0.95,"lower_bound":226629.12063263674,"upper_bound":487974.5990288261},"point_estimate":399050.27817924565,"standard_error":67126.5461442071}}