{"mean":{"confidence_interval":{"confidence_level":0.95,"lower_bound":-0.003625328917644149,"upper_bound":0.0009072861387710731},"point_estimate":-0.0012683721976428641,"standard_error":0.0011662187717558017},"median":{"confidence_interval":{"confidence_level":0.95,"lower_bound":-0.002774348172811192,"upper_bound":-0.0006893148213488187},"point_estimate":-0.0011188813588921542,"standard_error":0.0005346520950524253}}