{"mean":{"confidence_interval":{"confidence_level":0.95,"lower_bound":1802767936.5,"upper_bound":1803179446.305},"point_estimate":1802968619.6,"standard_error":105094.69165620083},"median":{"confidence_interval":{"confidence_level":0.95,"lower_bound":1802759585.5,"upper_bound":1803112800.0},"point_estimate":1802967028.5,"standard_error":91354.84784259698},"median_abs_dev":{"confidence_interval":{"confidence_level":0.95,"lower_bound":22221.94970548153,"upper_bound":558813.4277790785},"point_estimate":207401.65161788464,"standard_error":130746.61339373904},"slope":null,"std_dev":{"confidence_interval":{"confidence_level":0.95,"lower_bound":121236.45206178172,"upper_bound":489361.9731015096},"point_estimate":349617.1117911072,"standard_error":91596.18445309489}}