{"mean":{"confidence_interval":{"confidence_level":0.95,"lower_bound":277260385.1,"upper_bound":277498419.3},"point_estimate":277361765.35,"standard_error":61561.2498196802},"median":{"confidence_interval":{"confidence_level":0.95,"lower_bound":277240166.25,"upper_bound":277467177.0},"point_estimate":277263615.0,"standard_error":60717.7794295695},"median_abs_dev":{"confidence_interval":{"confidence_level":0.95,"lower_bound":10817.049407958984,"upper_bound":276563.82844001055},"point_estimate":77686.75602078438,"standard_error":68771.75626399678},"slope":null,"std_dev":{"confidence_interval":{"confidence_level":0.95,"lower_bound":53946.17402030248,"upper_bound":294705.40236921347},"point_estimate":205939.3092118876,"standard_error":68944.6910391939}}