{"mean":{"confidence_interval":{"confidence_level":0.95,"lower_bound":32765525028.5,"upper_bound":32991775292.865},"point_estimate":32877864453.3,"standard_error":58204236.66273384},"median":{"confidence_interval":{"confidence_level":0.95,"lower_bound":32710040091.0,"upper_bound":33068198642.0},"point_estimate":32830214598.0,"standard_error":106198549.43024054},"median_abs_dev":{"confidence_interval":{"confidence_level":0.95,"lower_bound":37822784.35791135,"upper_bound":309064284.9738121},"point_estimate":262117913.2215768,"standard_error":74090142.53493305},"slope":null,"std_dev":{"confidence_interval":{"confidence_level":0.95,"lower_bound":125182885.64252907,"upper_bound":231330970.2194126},"point_estimate":194681077.67244,"standard_error":27275841.617072638}}