{"mean":{"confidence_interval":{"confidence_level":0.95,"lower_bound":39406995111.270004,"upper_bound":39803106659.9},"point_estimate":39604002772.3,"standard_error":101180994.3724651},"median":{"confidence_interval":{"confidence_level":0.95,"lower_bound":39387797433.5,"upper_bound":39900626070.0},"point_estimate":39529293933.0,"standard_error":137441310.81316966},"median_abs_dev":{"confidence_interval":{"confidence_level":0.95,"lower_bound":64030110.311338305,"upper_bound":606766974.1714329},"point_estimate":313039038.3929461,"standard_error":139558004.34798425},"slope":null,"std_dev":{"confidence_interval":{"confidence_level":0.95,"lower_bound":186776513.95930856,"upper_bound":430354315.8089705},"point_estimate":335923678.15362734,"standard_error":62499080.71131038}}