{"mean":{"confidence_interval":{"confidence_level":0.95,"lower_bound":2394019934.4575,"upper_bound":2400147363.6675},"point_estimate":2396712876.1,"standard_error":1598618.7714978862},"median":{"confidence_interval":{"confidence_level":0.95,"lower_bound":2393285871.0,"upper_bound":2399249177.0},"point_estimate":2394701199.0,"standard_error":1347115.5197874794},"median_abs_dev":{"confidence_interval":{"confidence_level":0.95,"lower_bound":653614.5765960217,"upper_bound":6742832.063090801},"point_estimate":2249365.0976657867,"standard_error":1548062.6459701813},"slope":null,"std_dev":{"confidence_interval":{"confidence_level":0.95,"lower_bound":1128192.2558190604,"upper_bound":7330953.3272045385},"point_estimate":5333471.142795311,"standard_error":1673724.2078552544}}