{"mean":{"confidence_interval":{"confidence_level":0.95,"lower_bound":1090762595.2,"upper_bound":1095662869.2},"point_estimate":1093019083.7,"standard_error":1259670.0287910374},"median":{"confidence_interval":{"confidence_level":0.95,"lower_bound":1089605928.0,"upper_bound":1095861602.5},"point_estimate":1091882278.0,"standard_error":1699566.1362491087},"median_abs_dev":{"confidence_interval":{"confidence_level":0.95,"lower_bound":497488.645067811,"upper_bound":6778088.290464878},"point_estimate":3490305.7234346867,"standard_error":1602657.9268233108},"slope":null,"std_dev":{"confidence_interval":{"confidence_level":0.95,"lower_bound":1927152.2964507123,"upper_bound":5540993.371213566},"point_estimate":4191967.248113999,"standard_error":976736.9524408488}}