{"mean":{"confidence_interval":{"confidence_level":0.95,"lower_bound":1802953937.3,"upper_bound":1803381678.2},"point_estimate":1803166904.3,"standard_error":110157.56635663964},"median":{"confidence_interval":{"confidence_level":0.95,"lower_bound":1802977207.0,"upper_bound":1803571124.0},"point_estimate":1803033408.5,"standard_error":160198.22837993648},"median_abs_dev":{"confidence_interval":{"confidence_level":0.95,"lower_bound":24941.03805720806,"upper_bound":765306.986913085},"point_estimate":232883.83866548538,"standard_error":200084.55630157783},"slope":null,"std_dev":{"confidence_interval":{"confidence_level":0.95,"lower_bound":198356.4669183292,"upper_bound":477806.03607582115},"point_estimate":370414.6218991332,"standard_error":71098.12807392297}}