{"mean":{"confidence_interval":{"confidence_level":0.95,"lower_bound":1495791681.4,"upper_bound":1496930833.1975},"point_estimate":1496332595.5,"standard_error":289185.2960495265},"median":{"confidence_interval":{"confidence_level":0.95,"lower_bound":1495528894.0,"upper_bound":1496863400.0},"point_estimate":1496364618.5,"standard_error":318577.2678406467},"median_abs_dev":{"confidence_interval":{"confidence_level":0.95,"lower_bound":108876.95296704769,"upper_bound":1558542.4508303404},"point_estimate":848370.3917384148,"standard_error":351790.09415548394},"slope":null,"std_dev":{"confidence_interval":{"confidence_level":0.95,"lower_bound":464343.36865309055,"upper_bound":1297113.7484608965},"point_estimate":964367.46722839,"standard_error":227914.5718753482}}