{"mean":{"confidence_interval":{"confidence_level":0.95,"lower_bound":-0.0015666723735055122,"upper_bound":-0.0002563670045486688},"point_estimate":-0.0008696381628229277,"standard_error":0.0003353421889259548},"median":{"confidence_interval":{"confidence_level":0.95,"lower_bound":-0.0019887411723353843,"upper_bound":-0.00007813125311229019},"point_estimate":-0.001143199295011832,"standard_error":0.00047772970996715183}}