{"mean":{"confidence_interval":{"confidence_level":0.95,"lower_bound":766202142.9425,"upper_bound":766581068.2774999},"point_estimate":766360257.2,"standard_error":99442.20527142257},"median":{"confidence_interval":{"confidence_level":0.95,"lower_bound":766151951.5,"upper_bound":766403271.5},"point_estimate":766330331.5,"standard_error":66444.56617268614},"median_abs_dev":{"confidence_interval":{"confidence_level":0.95,"lower_bound":22158.93920660019,"upper_bound":318996.951636672},"point_estimate":184153.00143063068,"standard_error":79480.08346194011},"slope":null,"std_dev":{"confidence_interval":{"confidence_level":0.95,"lower_bound":92230.11898392459,"upper_bound":493984.706331369},"point_estimate":332220.5030132848,"standard_error":127531.42408178377}}