{"mean":{"confidence_interval":{"confidence_level":0.95,"lower_bound":1803088089.5575,"upper_bound":1805666539.4},"point_estimate":1804083607.8,"standard_error":718453.0025352989},"median":{"confidence_interval":{"confidence_level":0.95,"lower_bound":1802949379.0,"upper_bound":1804226750.0},"point_estimate":1803247942.0,"standard_error":298129.62148758},"median_abs_dev":{"confidence_interval":{"confidence_level":0.95,"lower_bound":82657.91373252869,"upper_bound":1319238.2129788399},"point_estimate":318526.22614502907,"standard_error":373320.4217160631},"slope":null,"std_dev":{"confidence_interval":{"confidence_level":0.95,"lower_bound":219096.46169604931,"upper_bound":3631909.9954652097},"point_estimate":2393332.0915308665,"standard_error":1100762.1634109097}}