{"mean":{"confidence_interval":{"confidence_level":0.95,"lower_bound":436913661.7,"upper_bound":437679702.35},"point_estimate":437259491.55,"standard_error":197816.96739798706},"median":{"confidence_interval":{"confidence_level":0.95,"lower_bound":436784249.5,"upper_bound":437639830.0},"point_estimate":437002220.75,"standard_error":261592.2047931141},"median_abs_dev":{"confidence_interval":{"confidence_level":0.95,"lower_bound":107791.68978631496,"upper_bound":1077509.182870388},"point_estimate":530482.0542320609,"standard_error":243425.48796852896},"slope":null,"std_dev":{"confidence_interval":{"confidence_level":0.95,"lower_bound":298107.54869269824,"upper_bound":901663.3308880058},"point_estimate":660031.1181571269,"standard_error":172663.03019217792}}