{"mean":{"confidence_interval":{"confidence_level":0.95,"lower_bound":442660920.35749996,"upper_bound":443307309.75},"point_estimate":442990922.75,"standard_error":164679.2192649297},"median":{"confidence_interval":{"confidence_level":0.95,"lower_bound":442668414.25,"upper_bound":443335917.0},"point_estimate":443044057.75,"standard_error":203029.90234292383},"median_abs_dev":{"confidence_interval":{"confidence_level":0.95,"lower_bound":72618.48801076412,"upper_bound":953330.3155750036},"point_estimate":520619.79920715094,"standard_error":208781.53271326819},"slope":null,"std_dev":{"confidence_interval":{"confidence_level":0.95,"lower_bound":263214.35087136476,"upper_bound":737238.5895775541},"point_estimate":550209.702230747,"standard_error":124082.64211291369}}