{"mean":{"confidence_interval":{"confidence_level":0.95,"lower_bound":-0.009698384027096003,"upper_bound":0.0007145568940029815},"point_estimate":-0.004436005730701131,"standard_error":0.0026616445926200072},"median":{"confidence_interval":{"confidence_level":0.95,"lower_bound":-0.012583859629593852,"upper_bound":0.004259999887931354},"point_estimate":-0.00020212885853598817,"standard_error":0.004316253714114305}}