{"mean":{"confidence_interval":{"confidence_level":0.95,"lower_bound":1394756875.7,"upper_bound":1394899622.58},"point_estimate":1394840910.6,"standard_error":37284.7666145298},"median":{"confidence_interval":{"confidence_level":0.95,"lower_bound":1394805156.0,"upper_bound":1394911004.0},"point_estimate":1394883548.5,"standard_error":25560.71594304425},"median_abs_dev":{"confidence_interval":{"confidence_level":0.95,"lower_bound":9690.273427963257,"upper_bound":126915.74684679508},"point_estimate":45229.67739701271,"standard_error":30262.806282562487},"slope":null,"std_dev":{"confidence_interval":{"confidence_level":0.95,"lower_bound":26092.129087566278,"upper_bound":182780.49250350054},"point_estimate":124758.43816681186,"standard_error":46847.34959650134}}