{"mean":{"confidence_interval":{"confidence_level":0.95,"lower_bound":0.0007349189843714745,"upper_bound":0.004633291633717551},"point_estimate":0.002818488010631004,"standard_error":0.0009828914831902142},"median":{"confidence_interval":{"confidence_level":0.95,"lower_bound":0.0010478711044434874,"upper_bound":0.0052382802877992685},"point_estimate":0.003183776448458575,"standard_error":0.0010794218420241454}}