{"mean":{"confidence_interval":{"confidence_level":0.95,"lower_bound":15325899155.8,"upper_bound":15329838439.7},"point_estimate":15327862484.3,"standard_error":1011119.2324507196},"median":{"confidence_interval":{"confidence_level":0.95,"lower_bound":15325267066.5,"upper_bound":15329920490.0},"point_estimate":15327821859.5,"standard_error":928750.9073163102},"median_abs_dev":{"confidence_interval":{"confidence_level":0.95,"lower_bound":321180.08009791374,"upper_bound":6283809.474340081},"point_estimate":2147823.308068514,"standard_error":1735893.3943857432},"slope":null,"std_dev":{"confidence_interval":{"confidence_level":0.95,"lower_bound":1679794.91981353,"upper_bound":4388203.703268784},"point_estimate":3371357.5052631595,"standard_error":689344.5226737483}}