{"mean":{"confidence_interval":{"confidence_level":0.95,"lower_bound":336084940.35,"upper_bound":336400126.9},"point_estimate":336236574.35,"standard_error":81082.98263650466},"median":{"confidence_interval":{"confidence_level":0.95,"lower_bound":335979168.5,"upper_bound":336425687.5},"point_estimate":336233804.5,"standard_error":110915.41812064142},"median_abs_dev":{"confidence_interval":{"confidence_level":0.95,"lower_bound":48318.30379217863,"upper_bound":468259.18658673763},"point_estimate":308830.0223171711,"standard_error":108788.26712983903},"slope":null,"std_dev":{"confidence_interval":{"confidence_level":0.95,"lower_bound":150030.99997441695,"upper_bound":335768.5633851463},"point_estimate":267778.1785064366,"standard_error":48320.212518620145}}