{"mean":{"confidence_interval":{"confidence_level":0.95,"lower_bound":-0.0035253890276133177,"upper_bound":0.0021129554145099976},"point_estimate":-0.00047987428585538616,"standard_error":0.0014447901182952562},"median":{"confidence_interval":{"confidence_level":0.95,"lower_bound":-0.0029816383678343827,"upper_bound":0.003535158055712362},"point_estimate":0.0011798325969167855,"standard_error":0.0017024344557561549}}