{"mean":{"confidence_interval":{"confidence_level":0.95,"lower_bound":1205786667.2,"upper_bound":1206805048.8},"point_estimate":1206249891.9,"standard_error":260933.16833436175},"median":{"confidence_interval":{"confidence_level":0.95,"lower_bound":1205753739.0,"upper_bound":1206509585.0},"point_estimate":1206088097.5,"standard_error":231534.44486305967},"median_abs_dev":{"confidence_interval":{"confidence_level":0.95,"lower_bound":105736.0649228096,"upper_bound":1224292.510664463},"point_estimate":550695.4516232014,"standard_error":270715.5211011787},"slope":null,"std_dev":{"confidence_interval":{"confidence_level":0.95,"lower_bound":315073.98913518153,"upper_bound":1239686.0391502238},"point_estimate":874831.4350012363,"standard_error":261800.3401704211}}