{"mean":{"confidence_interval":{"confidence_level":0.95,"lower_bound":1195556535.0049999,"upper_bound":1196535101.685},"point_estimate":1196056820.2,"standard_error":250254.69473901205},"median":{"confidence_interval":{"confidence_level":0.95,"lower_bound":1195467967.0,"upper_bound":1196553016.0},"point_estimate":1196207294.5,"standard_error":328538.9465351962},"median_abs_dev":{"confidence_interval":{"confidence_level":0.95,"lower_bound":62790.33278524876,"upper_bound":1445179.1503429413},"point_estimate":688076.1303842068,"standard_error":354005.56202397676},"slope":null,"std_dev":{"confidence_interval":{"confidence_level":0.95,"lower_bound":414476.44152564846,"upper_bound":1096936.8264892315},"point_estimate":829767.4187569804,"standard_error":180997.42151280772}}