{"mean":{"confidence_interval":{"confidence_level":0.95,"lower_bound":995885043.5,"upper_bound":997335433.9350001},"point_estimate":996550872.4,"standard_error":373364.0131813631},"median":{"confidence_interval":{"confidence_level":0.95,"lower_bound":995692500.5,"upper_bound":997412212.5},"point_estimate":996108553.5,"standard_error":445454.12011652853},"median_abs_dev":{"confidence_interval":{"confidence_level":0.95,"lower_bound":155876.1134326458,"upper_bound":1997894.6444302797},"point_estimate":709160.9259098768,"standard_error":472595.1092780128},"slope":null,"std_dev":{"confidence_interval":{"confidence_level":0.95,"lower_bound":391505.99889217457,"upper_bound":1529935.4224906976},"point_estimate":1240306.948689826,"standard_error":272297.3587039901}}