{"mean":{"confidence_interval":{"confidence_level":0.95,"lower_bound":36992783740.815,"upper_bound":37012306729.5},"point_estimate":37002197910.8,"standard_error":5005506.446487796},"median":{"confidence_interval":{"confidence_level":0.95,"lower_bound":36989909819.0,"upper_bound":37016318912.0},"point_estimate":36998921910.5,"standard_error":6272513.097177427},"median_abs_dev":{"confidence_interval":{"confidence_level":0.95,"lower_bound":3415431.4595639706,"upper_bound":28724707.320034504},"point_estimate":14834976.138326526,"standard_error":6727982.370231212},"slope":null,"std_dev":{"confidence_interval":{"confidence_level":0.95,"lower_bound":8631432.007589672,"upper_bound":21082844.802894697},"point_estimate":16652978.267372709,"standard_error":3119520.7935850644}}