{"mean":{"confidence_interval":{"confidence_level":0.95,"lower_bound":328172092.95,"upper_bound":328460829.4},"point_estimate":328310970.25,"standard_error":73932.89081075834},"median":{"confidence_interval":{"confidence_level":0.95,"lower_bound":328107720.5,"upper_bound":328530388.0},"point_estimate":328235315.0,"standard_error":116694.98868214115},"median_abs_dev":{"confidence_interval":{"confidence_level":0.95,"lower_bound":54462.93938308954,"upper_bound":405116.7363077402},"point_estimate":249700.5995169282,"standard_error":94612.83374609727},"slope":null,"std_dev":{"confidence_interval":{"confidence_level":0.95,"lower_bound":135564.84428719385,"upper_bound":299549.2358430374},"point_estimate":247887.19876871977,"standard_error":41188.2806669209}}