{"mean":{"confidence_interval":{"confidence_level":0.95,"lower_bound":-0.02408334853364308,"upper_bound":-0.022939342902045023},"point_estimate":-0.02349710043857478,"standard_error":0.000292319019397131},"median":{"confidence_interval":{"confidence_level":0.95,"lower_bound":-0.024362063421301428,"upper_bound":-0.022722647614263347},"point_estimate":-0.02346885299969681,"standard_error":0.0004489630887729184}}