{"mean":{"confidence_interval":{"confidence_level":0.95,"lower_bound":-0.005258905209355845,"upper_bound":0.0023990412384184458},"point_estimate":-0.0014125294014569745,"standard_error":0.0019544349201869268},"median":{"confidence_interval":{"confidence_level":0.95,"lower_bound":-0.005857395379721075,"upper_bound":0.003136034964709822},"point_estimate":-0.0023108449889618354,"standard_error":0.002325232930176662}}