{"mean":{"confidence_interval":{"confidence_level":0.95,"lower_bound":1422348323.92,"upper_bound":1423634331.58},"point_estimate":1422982148.5,"standard_error":330926.4418454191},"median":{"confidence_interval":{"confidence_level":0.95,"lower_bound":1421939853.0,"upper_bound":1423972876.0},"point_estimate":1422839696.5,"standard_error":593503.9061833388},"median_abs_dev":{"confidence_interval":{"confidence_level":0.95,"lower_bound":207337.89981901646,"upper_bound":1748783.7490528822},"point_estimate":1366500.534939766,"standard_error":413453.1959042449},"slope":null,"std_dev":{"confidence_interval":{"confidence_level":0.95,"lower_bound":708045.5983523185,"upper_bound":1323951.9626833773},"point_estimate":1105601.6706166277,"standard_error":158474.84543418157}}