{"mean":{"confidence_interval":{"confidence_level":0.95,"lower_bound":0.00007095562711970683,"upper_bound":0.00312992308177043},"point_estimate":0.0014844750215954328,"standard_error":0.0007764547376123061},"median":{"confidence_interval":{"confidence_level":0.95,"lower_bound":-0.0005988182288236832,"upper_bound":0.004222512837650738},"point_estimate":-0.0002805887316028599,"standard_error":0.0016827264031535082}}