{"mean":{"confidence_interval":{"confidence_level":0.95,"lower_bound":1276811813.3,"upper_bound":1280013762.7},"point_estimate":1278453670.8,"standard_error":820080.4748564606},"median":{"confidence_interval":{"confidence_level":0.95,"lower_bound":1276274314.0,"upper_bound":1280548832.0},"point_estimate":1278982728.5,"standard_error":1037213.2330095023},"median_abs_dev":{"confidence_interval":{"confidence_level":0.95,"lower_bound":566028.5005509853,"upper_bound":4685032.225424051},"point_estimate":2440609.374770522,"standard_error":1103439.364044141},"slope":null,"std_dev":{"confidence_interval":{"confidence_level":0.95,"lower_bound":1409132.1409251804,"upper_bound":3441778.0169186676},"point_estimate":2740387.92219491,"standard_error":505205.61103743303}}