{"mean":{"confidence_interval":{"confidence_level":0.95,"lower_bound":-0.00039906087146954997,"upper_bound":0.007464848090266517},"point_estimate":0.003609119974063102,"standard_error":0.002035735826305592},"median":{"confidence_interval":{"confidence_level":0.95,"lower_bound":-0.0018417453276827755,"upper_bound":0.008960290676945704},"point_estimate":0.004267944383893774,"standard_error":0.003281384146175389}}