{"mean":{"confidence_interval":{"confidence_level":0.95,"lower_bound":11990998102.4,"upper_bound":11992010439.7},"point_estimate":11991557594.9,"standard_error":261945.45331806547},"median":{"confidence_interval":{"confidence_level":0.95,"lower_bound":11991216260.0,"upper_bound":11992055519.0},"point_estimate":11991787422.0,"standard_error":234542.3471791902},"median_abs_dev":{"confidence_interval":{"confidence_level":0.95,"lower_bound":151512.08041012287,"upper_bound":1193195.7175165415},"point_estimate":536784.2160701752,"standard_error":282670.1312011048},"slope":null,"std_dev":{"confidence_interval":{"confidence_level":0.95,"lower_bound":296240.434488628,"upper_bound":1214697.0479659205},"point_estimate":880855.2613998952,"standard_error":252535.3428402148}}