{"mean":{"confidence_interval":{"confidence_level":0.95,"lower_bound":55229255973.2,"upper_bound":55394373586.9},"point_estimate":55314365789.4,"standard_error":42684003.40898325},"median":{"confidence_interval":{"confidence_level":0.95,"lower_bound":55135181593.0,"upper_bound":55429851982.5},"point_estimate":55322794372.5,"standard_error":65602797.481438205},"median_abs_dev":{"confidence_interval":{"confidence_level":0.95,"lower_bound":3637263.9980256557,"upper_bound":263054195.12005448},"point_estimate":193794578.12115848,"standard_error":70146470.81889024},"slope":null,"std_dev":{"confidence_interval":{"confidence_level":0.95,"lower_bound":81613612.51551545,"upper_bound":168421461.09212843},"point_estimate":141085173.6321337,"standard_error":21525797.59483159}}