{"mean":{"confidence_interval":{"confidence_level":0.95,"lower_bound":0.005461397273705227,"upper_bound":0.024148829744534372},"point_estimate":0.01523809930228004,"standard_error":0.004804890630453018},"median":{"confidence_interval":{"confidence_level":0.95,"lower_bound":-0.00035147263985546573,"upper_bound":0.02776801488177827},"point_estimate":0.022713812952456003,"standard_error":0.007638173759346313}}