{"mean":{"confidence_interval":{"confidence_level":0.95,"lower_bound":208616420.76666668,"upper_bound":209047314.86666667},"point_estimate":208836693.36666667,"standard_error":110385.69688018202},"median":{"confidence_interval":{"confidence_level":0.95,"lower_bound":208502748.33333334,"upper_bound":209146650.8333333},"point_estimate":208911744.0,"standard_error":183250.5539795905},"median_abs_dev":{"confidence_interval":{"confidence_level":0.95,"lower_bound":45045.093700289726,"upper_bound":597039.5500004365},"point_estimate":437754.19792831683,"standard_error":136405.08200325776},"slope":null,"std_dev":{"confidence_interval":{"confidence_level":0.95,"lower_bound":225486.17014513115,"upper_bound":445425.858441894},"point_estimate":368054.96463544905,"standard_error":56063.17511775088}}