{"mean":{"confidence_interval":{"confidence_level":0.95,"lower_bound":208556459.46666667,"upper_bound":209448297.6},"point_estimate":208967210.3,"standard_error":228597.86457194283},"median":{"confidence_interval":{"confidence_level":0.95,"lower_bound":208432975.8333333,"upper_bound":209495261.5},"point_estimate":208719412.66666666,"standard_error":255913.45954956676},"median_abs_dev":{"confidence_interval":{"confidence_level":0.95,"lower_bound":63235.606977314106,"upper_bound":1237448.3615309},"point_estimate":561260.211935632,"standard_error":294156.52213872154},"slope":null,"std_dev":{"confidence_interval":{"confidence_level":0.95,"lower_bound":311764.8907854082,"upper_bound":996076.6682784251},"point_estimate":763791.5460200659,"standard_error":176651.04398445014}}