{"mean":{"confidence_interval":{"confidence_level":0.95,"lower_bound":-0.0029037692824981334,"upper_bound":0.0024046131869143055},"point_estimate":-0.001042023594321706,"standard_error":0.0015570437874684229},"median":{"confidence_interval":{"confidence_level":0.95,"lower_bound":-0.0030000086108303847,"upper_bound":-0.0023828063369687458},"point_estimate":-0.0026846154511425135,"standard_error":0.00016985815703359286}}