{"mean":{"confidence_interval":{"confidence_level":0.95,"lower_bound":-0.0019943079426610025,"upper_bound":0.003469368239380515},"point_estimate":0.0015064368940473916,"standard_error":0.0016130523808306767},"median":{"confidence_interval":{"confidence_level":0.95,"lower_bound":0.0026214391055257025,"upper_bound":0.0035335085277294898},"point_estimate":0.0031092379167558803,"standard_error":0.00044996706603134685}}