{"mean":{"confidence_interval":{"confidence_level":0.95,"lower_bound":-0.012239636108612163,"upper_bound":-0.0007848128260237196},"point_estimate":-0.005941672972997969,"standard_error":0.002931501194578125},"median":{"confidence_interval":{"confidence_level":0.95,"lower_bound":-0.01049865624301527,"upper_bound":0.0014003831613496054},"point_estimate":-0.0014128997085790518,"standard_error":0.0030826683882996197}}