{"mean":{"confidence_interval":{"confidence_level":0.95,"lower_bound":316893541713.025,"upper_bound":320884871718.9},"point_estimate":319049536504.3,"standard_error":1024844302.1556553},"median":{"confidence_interval":{"confidence_level":0.95,"lower_bound":316459942566.5,"upper_bound":321226228236.0},"point_estimate":319669697576.5,"standard_error":978520082.7740129},"median_abs_dev":{"confidence_interval":{"confidence_level":0.95,"lower_bound":252812512.3685807,"upper_bound":5194780398.494312},"point_estimate":1839476379.0919662,"standard_error":1214907699.494429},"slope":null,"std_dev":{"confidence_interval":{"confidence_level":0.95,"lower_bound":1158798379.862101,"upper_bound":4359062291.935171},"point_estimate":3423208765.265511,"standard_error":820649491.6527154}}