{"mean":{"confidence_interval":{"confidence_level":0.95,"lower_bound":-0.0017591666809123271,"upper_bound":0.000916048534893726},"point_estimate":-0.00039466190580950133,"standard_error":0.0006715101136831722},"median":{"confidence_interval":{"confidence_level":0.95,"lower_bound":-0.0012028221637374603,"upper_bound":0.0009357564540859453},"point_estimate":-0.0005277854462614195,"standard_error":0.0005441684704989993}}