{"mean":{"confidence_interval":{"confidence_level":0.95,"lower_bound":0.00005718881649405834,"upper_bound":0.006661327787243537},"point_estimate":0.0027611484142020526,"standard_error":0.0017380906032103513},"median":{"confidence_interval":{"confidence_level":0.95,"lower_bound":-0.000058648555978702,"upper_bound":0.0040461078035880504},"point_estimate":0.000691441968045492,"standard_error":0.0007788380620068998}}