{"mean":{"confidence_interval":{"confidence_level":0.95,"lower_bound":443441472.925,"upper_bound":444083094.85},"point_estimate":443726186.65,"standard_error":165334.23331643434},"median":{"confidence_interval":{"confidence_level":0.95,"lower_bound":443400425.75,"upper_bound":443917249.75},"point_estimate":443589713.0,"standard_error":138949.573644071},"median_abs_dev":{"confidence_interval":{"confidence_level":0.95,"lower_bound":32266.56452715397,"upper_bound":741927.1266281605},"point_estimate":300217.22842007875,"standard_error":169138.81582415712},"slope":null,"std_dev":{"confidence_interval":{"confidence_level":0.95,"lower_bound":190354.29521582613,"upper_bound":786650.5235385111},"point_estimate":554048.7318959933,"standard_error":173473.78246531714}}