{"mean":{"confidence_interval":{"confidence_level":0.95,"lower_bound":1382022175.0,"upper_bound":1382413264.76},"point_estimate":1382218888.3,"standard_error":99237.71420483853},"median":{"confidence_interval":{"confidence_level":0.95,"lower_bound":1381839053.0,"upper_bound":1382497137.0},"point_estimate":1382419432.0,"standard_error":232226.19580968886},"median_abs_dev":{"confidence_interval":{"confidence_level":0.95,"lower_bound":5617.571300268173,"upper_bound":489603.43710780144},"point_estimate":132001.06475651264,"standard_error":163996.2068296241},"slope":null,"std_dev":{"confidence_interval":{"confidence_level":0.95,"lower_bound":209205.89677064822,"upper_bound":354827.9929066727},"point_estimate":333136.96056161844,"standard_error":37841.323162213674}}