{"mean":{"confidence_interval":{"confidence_level":0.95,"lower_bound":0.0019957574650556866,"upper_bound":0.0026587033902561058},"point_estimate":0.0023056501727816148,"standard_error":0.00016898398314986753},"median":{"confidence_interval":{"confidence_level":0.95,"lower_bound":0.00184496982704907,"upper_bound":0.0026727731592246506},"point_estimate":0.002217815154471836,"standard_error":0.00020538090442718897}}