{"mean":{"confidence_interval":{"confidence_level":0.95,"lower_bound":-0.0026840717918516664,"upper_bound":-0.0019995100255370017},"point_estimate":-0.0023038916339066517,"standard_error":0.0001771075770193573},"median":{"confidence_interval":{"confidence_level":0.95,"lower_bound":-0.0026172438258564856,"upper_bound":-0.001922570046629657},"point_estimate":-0.0021226638064432146,"standard_error":0.0001475255449788977}}