{"mean":{"confidence_interval":{"confidence_level":0.95,"lower_bound":615144924.3625001,"upper_bound":615548154.3},"point_estimate":615343373.9,"standard_error":103855.22068705146},"median":{"confidence_interval":{"confidence_level":0.95,"lower_bound":615051074.5,"upper_bound":615661575.5},"point_estimate":615234031.0,"standard_error":167184.9849571541},"median_abs_dev":{"confidence_interval":{"confidence_level":0.95,"lower_bound":21192.28402376175,"upper_bound":567023.3251333237},"point_estimate":411596.4394927025,"standard_error":134521.87246484694},"slope":null,"std_dev":{"confidence_interval":{"confidence_level":0.95,"lower_bound":203456.8936509648,"upper_bound":416494.5275922869},"point_estimate":346891.0162574119,"standard_error":53511.83282737607}}