{"mean":{"confidence_interval":{"confidence_level":0.95,"lower_bound":1243427983.2,"upper_bound":1245943737.9},"point_estimate":1244707702.2,"standard_error":646223.8738663262},"median":{"confidence_interval":{"confidence_level":0.95,"lower_bound":1242790439.0,"upper_bound":1246176863.0},"point_estimate":1245467996.0,"standard_error":1019175.0554151962},"median_abs_dev":{"confidence_interval":{"confidence_level":0.95,"lower_bound":190650.4958152771,"upper_bound":3484204.8245429993},"point_estimate":2056819.0977841616,"standard_error":936667.7012210137},"slope":null,"std_dev":{"confidence_interval":{"confidence_level":0.95,"lower_bound":1256189.977164039,"upper_bound":2644070.636866412},"point_estimate":2147589.528831688,"standard_error":353504.30777631}}